image_path,class_name,stem
data\raw\kaggle\Normal\Normal- (3759).jpg,Normal,Normal- (3759)
data\raw\kaggle\Normal\Normal- (3037).jpg,Normal,Normal- (3037)
data\raw\kaggle\Normal\Normal- (3071).jpg,Normal,Normal- (3071)
data\raw\kaggle\Normal\Normal- (76).jpg,Normal,Normal- (76)
data\raw\kaggle\Normal\Normal- (248).jpg,Normal,Normal- (248)
data\raw\kaggle\Normal\Normal- (82).jpg,Normal,Normal- (82)
data\raw\kaggle\Normal\Normal- (1516).jpg,Normal,Normal- (1516)
data\raw\kaggle\Normal\Normal- (2539).jpg,Normal,Normal- (2539)
data\raw\kaggle\Normal\Normal- (2130).jpg,Normal,Normal- (2130)
data\raw\kaggle\Normal\Normal- (2984).jpg,Normal,Normal- (2984)
data\raw\kaggle\Normal\Normal- (610).jpg,Normal,Normal- (610)
data\raw\kaggle\Normal\Normal- (4318).jpg,Normal,Normal- (4318)
data\raw\kaggle\Normal\Normal- (3312).jpg,Normal,Normal- (3312)
data\raw\kaggle\Normal\Normal- (917).jpg,Normal,Normal- (917)
data\raw\kaggle\Normal\Normal- (955).jpg,Normal,Normal- (955)
data\raw\kaggle\Normal\Normal- (2342).jpg,Normal,Normal- (2342)
data\raw\kaggle\Normal\Normal- (1912).jpg,Normal,Normal- (1912)
data\raw\kaggle\Normal\Normal- (2094).jpg,Normal,Normal- (2094)
data\raw\kaggle\Normal\Normal- (3938).jpg,Normal,Normal- (3938)
data\raw\kaggle\Normal\Normal- (651).jpg,Normal,Normal- (651)
data\raw\kaggle\Normal\Normal- (993).jpg,Normal,Normal- (993)
data\raw\kaggle\Normal\Normal- (1556).jpg,Normal,Normal- (1556)
data\raw\kaggle\Normal\Normal- (2948).jpg,Normal,Normal- (2948)
data\raw\kaggle\Normal\Normal- (720).jpg,Normal,Normal- (720)
data\raw\kaggle\Normal\Normal- (1866).jpg,Normal,Normal- (1866)
data\raw\kaggle\Normal\Normal- (3785).jpg,Normal,Normal- (3785)
data\raw\kaggle\Normal\Normal- (1295).jpg,Normal,Normal- (1295)
data\raw\kaggle\Normal\Normal- (2059).jpg,Normal,Normal- (2059)
data\raw\kaggle\Normal\Normal- (1680).jpg,Normal,Normal- (1680)
data\raw\kaggle\Normal\Normal- (3170).jpg,Normal,Normal- (3170)
data\raw\kaggle\Normal\Normal- (2403).jpg,Normal,Normal- (2403)
data\raw\kaggle\Normal\Normal- (1963).jpg,Normal,Normal- (1963)
data\raw\kaggle\Normal\Normal- (2885).jpg,Normal,Normal- (2885)
data\raw\kaggle\Normal\Normal- (4044).jpg,Normal,Normal- (4044)
data\raw\kaggle\Normal\Normal- (4932).jpg,Normal,Normal- (4932)
data\raw\kaggle\Normal\Normal- (728).jpg,Normal,Normal- (728)
data\raw\kaggle\Normal\Normal- (2793).jpg,Normal,Normal- (2793)
data\raw\kaggle\Normal\Normal- (1136).jpg,Normal,Normal- (1136)
data\raw\kaggle\Normal\Normal- (671).jpg,Normal,Normal- (671)
data\raw\kaggle\Normal\Normal- (2753).jpg,Normal,Normal- (2753)
data\raw\kaggle\Normal\Normal- (3164).jpg,Normal,Normal- (3164)
data\raw\kaggle\Normal\Normal- (586).jpg,Normal,Normal- (586)
data\raw\kaggle\Normal\Normal- (1327).jpg,Normal,Normal- (1327)
data\raw\kaggle\Normal\Normal- (1215).jpg,Normal,Normal- (1215)
data\raw\kaggle\Normal\Normal- (1944).jpg,Normal,Normal- (1944)
data\raw\kaggle\Normal\Normal- (2701).jpg,Normal,Normal- (2701)
data\raw\kaggle\Normal\Normal- (1763).jpg,Normal,Normal- (1763)
data\raw\kaggle\Normal\Normal- (2691).jpg,Normal,Normal- (2691)
data\raw\kaggle\Normal\Normal- (1614).jpg,Normal,Normal- (1614)
data\raw\kaggle\Normal\Normal- (2473).jpg,Normal,Normal- (2473)
data\raw\kaggle\Normal\Normal- (4628).jpg,Normal,Normal- (4628)
data\raw\kaggle\Normal\Normal- (1626).jpg,Normal,Normal- (1626)
data\raw\kaggle\Normal\Normal- (4853).jpg,Normal,Normal- (4853)
data\raw\kaggle\Normal\Normal- (1952).jpg,Normal,Normal- (1952)
data\raw\kaggle\Normal\Normal- (2965).jpg,Normal,Normal- (2965)
data\raw\kaggle\Normal\Normal- (2641).jpg,Normal,Normal- (2641)
data\raw\kaggle\Normal\Normal- (1831).jpg,Normal,Normal- (1831)
data\raw\kaggle\Normal\Normal- (3364).jpg,Normal,Normal- (3364)
data\raw\kaggle\Normal\Normal- (963).jpg,Normal,Normal- (963)
data\raw\kaggle\Normal\Normal- (1415).jpg,Normal,Normal- (1415)
data\raw\kaggle\Normal\Normal- (4941).jpg,Normal,Normal- (4941)
data\raw\kaggle\Normal\Normal- (4603).jpg,Normal,Normal- (4603)
data\raw\kaggle\Normal\Normal- (2598).jpg,Normal,Normal- (2598)
data\raw\kaggle\Normal\Normal- (4971).jpg,Normal,Normal- (4971)
data\raw\kaggle\Normal\Normal- (234).jpg,Normal,Normal- (234)
data\raw\kaggle\Normal\Normal- (513).jpg,Normal,Normal- (513)
data\raw\kaggle\Normal\Normal- (4602).jpg,Normal,Normal- (4602)
data\raw\kaggle\Normal\Normal- (436).jpg,Normal,Normal- (436)
data\raw\kaggle\Normal\Normal- (3449).jpg,Normal,Normal- (3449)
data\raw\kaggle\Normal\Normal- (3304).jpg,Normal,Normal- (3304)
data\raw\kaggle\Normal\Normal- (4431).jpg,Normal,Normal- (4431)
data\raw\kaggle\Normal\Normal- (4081).jpg,Normal,Normal- (4081)
data\raw\kaggle\Normal\Normal- (3506).jpg,Normal,Normal- (3506)
data\raw\kaggle\Normal\Normal- (2258).jpg,Normal,Normal- (2258)
data\raw\kaggle\Normal\Normal- (3970).jpg,Normal,Normal- (3970)
data\raw\kaggle\Normal\Normal- (1281).jpg,Normal,Normal- (1281)
data\raw\kaggle\Normal\Normal- (1288).jpg,Normal,Normal- (1288)
data\raw\kaggle\Normal\Normal- (382).jpg,Normal,Normal- (382)
data\raw\kaggle\Normal\Normal- (3853).jpg,Normal,Normal- (3853)
data\raw\kaggle\Normal\Normal- (498).jpg,Normal,Normal- (498)
data\raw\kaggle\Normal\Normal- (2740).jpg,Normal,Normal- (2740)
data\raw\kaggle\Normal\Normal- (14).jpg,Normal,Normal- (14)
data\raw\kaggle\Normal\Normal- (3728).jpg,Normal,Normal- (3728)
data\raw\kaggle\Normal\Normal- (4565).jpg,Normal,Normal- (4565)
data\raw\kaggle\Normal\Normal- (1716).jpg,Normal,Normal- (1716)
data\raw\kaggle\Normal\Normal- (641).jpg,Normal,Normal- (641)
data\raw\kaggle\Normal\Normal- (1739).jpg,Normal,Normal- (1739)
data\raw\kaggle\Normal\Normal- (616).jpg,Normal,Normal- (616)
data\raw\kaggle\Normal\Normal- (4468).jpg,Normal,Normal- (4468)
data\raw\kaggle\Normal\Normal- (1513).jpg,Normal,Normal- (1513)
data\raw\kaggle\Normal\Normal- (1616).jpg,Normal,Normal- (1616)
data\raw\kaggle\Normal\Normal- (2980).jpg,Normal,Normal- (2980)
data\raw\kaggle\Normal\Normal- (52).jpg,Normal,Normal- (52)
data\raw\kaggle\Normal\Normal- (2528).jpg,Normal,Normal- (2528)
data\raw\kaggle\Normal\Normal- (4407).jpg,Normal,Normal- (4407)
data\raw\kaggle\Normal\Normal- (2425).jpg,Normal,Normal- (2425)
data\raw\kaggle\Normal\Normal- (2468).jpg,Normal,Normal- (2468)
data\raw\kaggle\Normal\Normal- (344).jpg,Normal,Normal- (344)
data\raw\kaggle\Normal\Normal- (34).jpg,Normal,Normal- (34)
data\raw\kaggle\Normal\Normal- (3035).jpg,Normal,Normal- (3035)
data\raw\kaggle\Normal\Normal- (4647).jpg,Normal,Normal- (4647)
data\raw\kaggle\Normal\Normal- (313).jpg,Normal,Normal- (313)
data\raw\kaggle\Normal\Normal- (2542).jpg,Normal,Normal- (2542)
data\raw\kaggle\Normal\Normal- (369).jpg,Normal,Normal- (369)
data\raw\kaggle\Normal\Normal- (679).jpg,Normal,Normal- (679)
data\raw\kaggle\Normal\Normal- (1846).jpg,Normal,Normal- (1846)
data\raw\kaggle\Normal\Normal- (2824).jpg,Normal,Normal- (2824)
data\raw\kaggle\Normal\Normal- (3302).jpg,Normal,Normal- (3302)
data\raw\kaggle\Normal\Normal- (2552).jpg,Normal,Normal- (2552)
data\raw\kaggle\Normal\Normal- (896).jpg,Normal,Normal- (896)
data\raw\kaggle\Normal\Normal- (3194).jpg,Normal,Normal- (3194)
data\raw\kaggle\Normal\Normal- (2758).jpg,Normal,Normal- (2758)
data\raw\kaggle\Normal\Normal- (1172).jpg,Normal,Normal- (1172)
data\raw\kaggle\Normal\Normal- (3732).jpg,Normal,Normal- (3732)
data\raw\kaggle\Normal\Normal- (43).jpg,Normal,Normal- (43)
data\raw\kaggle\Normal\Normal- (5009).jpg,Normal,Normal- (5009)
data\raw\kaggle\Normal\Normal- (1031).jpg,Normal,Normal- (1031)
data\raw\kaggle\Normal\Normal- (2578).jpg,Normal,Normal- (2578)
data\raw\kaggle\Normal\Normal- (4988).jpg,Normal,Normal- (4988)
data\raw\kaggle\Normal\Normal- (65).jpg,Normal,Normal- (65)
data\raw\kaggle\Normal\Normal- (1010).jpg,Normal,Normal- (1010)
data\raw\kaggle\Normal\Normal- (473).jpg,Normal,Normal- (473)
data\raw\kaggle\Normal\Normal- (3467).jpg,Normal,Normal- (3467)
data\raw\kaggle\Normal\Normal- (3287).jpg,Normal,Normal- (3287)
data\raw\kaggle\Normal\Normal- (1364).jpg,Normal,Normal- (1364)
data\raw\kaggle\Normal\Normal- (2634).jpg,Normal,Normal- (2634)
data\raw\kaggle\Normal\Normal- (4455).jpg,Normal,Normal- (4455)
data\raw\kaggle\Normal\Normal- (4933).jpg,Normal,Normal- (4933)
data\raw\kaggle\Normal\Normal- (3167).jpg,Normal,Normal- (3167)
data\raw\kaggle\Normal\Normal- (1754).jpg,Normal,Normal- (1754)
data\raw\kaggle\Normal\Normal- (1910).jpg,Normal,Normal- (1910)
data\raw\kaggle\Normal\Normal- (4770).jpg,Normal,Normal- (4770)
data\raw\kaggle\Normal\Normal- (4662).jpg,Normal,Normal- (4662)
data\raw\kaggle\Normal\Normal- (488).jpg,Normal,Normal- (488)
data\raw\kaggle\Normal\Normal- (2272).jpg,Normal,Normal- (2272)
data\raw\kaggle\Normal\Normal- (1712).jpg,Normal,Normal- (1712)
data\raw\kaggle\Normal\Normal- (4913).jpg,Normal,Normal- (4913)
data\raw\kaggle\Normal\Normal- (181).jpg,Normal,Normal- (181)
data\raw\kaggle\Normal\Normal- (630).jpg,Normal,Normal- (630)
data\raw\kaggle\Normal\Normal- (2665).jpg,Normal,Normal- (2665)
data\raw\kaggle\Normal\Normal- (942).jpg,Normal,Normal- (942)
data\raw\kaggle\Normal\Normal- (2296).jpg,Normal,Normal- (2296)
data\raw\kaggle\Normal\Normal- (1165).jpg,Normal,Normal- (1165)
data\raw\kaggle\Normal\Normal- (2330).jpg,Normal,Normal- (2330)
data\raw\kaggle\Normal\Normal- (4549).jpg,Normal,Normal- (4549)
data\raw\kaggle\Normal\Normal- (543).jpg,Normal,Normal- (543)
data\raw\kaggle\Normal\Normal- (189).jpg,Normal,Normal- (189)
data\raw\kaggle\Normal\Normal- (577).jpg,Normal,Normal- (577)
data\raw\kaggle\Normal\Normal- (4674).jpg,Normal,Normal- (4674)
data\raw\kaggle\Normal\Normal- (2756).jpg,Normal,Normal- (2756)
data\raw\kaggle\Normal\Normal- (3622).jpg,Normal,Normal- (3622)
data\raw\kaggle\Normal\Normal- (1308).jpg,Normal,Normal- (1308)
data\raw\kaggle\Normal\Normal- (4640).jpg,Normal,Normal- (4640)
data\raw\kaggle\Normal\Normal- (3566).jpg,Normal,Normal- (3566)
data\raw\kaggle\Normal\Normal- (4102).jpg,Normal,Normal- (4102)
data\raw\kaggle\Normal\Normal- (2492).jpg,Normal,Normal- (2492)
data\raw\kaggle\Normal\Normal- (647).jpg,Normal,Normal- (647)
data\raw\kaggle\Normal\Normal- (1052).jpg,Normal,Normal- (1052)
data\raw\kaggle\Normal\Normal- (236).jpg,Normal,Normal- (236)
data\raw\kaggle\Normal\Normal- (3083).jpg,Normal,Normal- (3083)
data\raw\kaggle\Normal\Normal- (3357).jpg,Normal,Normal- (3357)
data\raw\kaggle\Normal\Normal- (59).jpg,Normal,Normal- (59)
data\raw\kaggle\Normal\Normal- (407).jpg,Normal,Normal- (407)
data\raw\kaggle\Normal\Normal- (4764).jpg,Normal,Normal- (4764)
data\raw\kaggle\Normal\Normal- (77).jpg,Normal,Normal- (77)
data\raw\kaggle\Normal\Normal- (388).jpg,Normal,Normal- (388)
data\raw\kaggle\Normal\Normal- (3200).jpg,Normal,Normal- (3200)
data\raw\kaggle\Normal\Normal- (970).jpg,Normal,Normal- (970)
data\raw\kaggle\Normal\Normal- (2120).jpg,Normal,Normal- (2120)
data\raw\kaggle\Normal\Normal- (2356).jpg,Normal,Normal- (2356)
data\raw\kaggle\Normal\Normal- (1367).jpg,Normal,Normal- (1367)
data\raw\kaggle\Normal\Normal- (4517).jpg,Normal,Normal- (4517)
data\raw\kaggle\Normal\Normal- (2238).jpg,Normal,Normal- (2238)
data\raw\kaggle\Normal\Normal- (4963).jpg,Normal,Normal- (4963)
data\raw\kaggle\Normal\Normal- (2938).jpg,Normal,Normal- (2938)
data\raw\kaggle\Normal\Normal- (499).jpg,Normal,Normal- (499)
data\raw\kaggle\Normal\Normal- (3015).jpg,Normal,Normal- (3015)
data\raw\kaggle\Normal\Normal- (4950).jpg,Normal,Normal- (4950)
data\raw\kaggle\Normal\Normal- (2844).jpg,Normal,Normal- (2844)
data\raw\kaggle\Normal\Normal- (2505).jpg,Normal,Normal- (2505)
data\raw\kaggle\Normal\Normal- (306).jpg,Normal,Normal- (306)
data\raw\kaggle\Normal\Normal- (163).jpg,Normal,Normal- (163)
data\raw\kaggle\Normal\Normal- (1075).jpg,Normal,Normal- (1075)
data\raw\kaggle\Normal\Normal- (1275).jpg,Normal,Normal- (1275)
data\raw\kaggle\Normal\Normal- (3924).jpg,Normal,Normal- (3924)
data\raw\kaggle\Normal\Normal- (5053).jpg,Normal,Normal- (5053)
data\raw\kaggle\Normal\Normal- (4133).jpg,Normal,Normal- (4133)
data\raw\kaggle\Normal\Normal- (886).jpg,Normal,Normal- (886)
data\raw\kaggle\Normal\Normal- (4966).jpg,Normal,Normal- (4966)
data\raw\kaggle\Normal\Normal- (80).jpg,Normal,Normal- (80)
data\raw\kaggle\Normal\Normal- (2832).jpg,Normal,Normal- (2832)
data\raw\kaggle\Normal\Normal- (2152).jpg,Normal,Normal- (2152)
data\raw\kaggle\Normal\Normal- (2077).jpg,Normal,Normal- (2077)
data\raw\kaggle\Normal\Normal- (387).jpg,Normal,Normal- (387)
data\raw\kaggle\Normal\Normal- (405).jpg,Normal,Normal- (405)
data\raw\kaggle\Normal\Normal- (4032).jpg,Normal,Normal- (4032)
data\raw\kaggle\Normal\Normal- (2490).jpg,Normal,Normal- (2490)
data\raw\kaggle\Normal\Normal- (4708).jpg,Normal,Normal- (4708)
data\raw\kaggle\Normal\Normal- (3477).jpg,Normal,Normal- (3477)
data\raw\kaggle\Normal\Normal- (4464).jpg,Normal,Normal- (4464)
data\raw\kaggle\Normal\Normal- (2615).jpg,Normal,Normal- (2615)
data\raw\kaggle\Normal\Normal- (2625).jpg,Normal,Normal- (2625)
data\raw\kaggle\Normal\Normal- (4980).jpg,Normal,Normal- (4980)
data\raw\kaggle\Normal\Normal- (1573).jpg,Normal,Normal- (1573)
data\raw\kaggle\Normal\Normal- (335).jpg,Normal,Normal- (335)
data\raw\kaggle\Normal\Normal- (1362).jpg,Normal,Normal- (1362)
data\raw\kaggle\Normal\Normal- (2848).jpg,Normal,Normal- (2848)
data\raw\kaggle\Normal\Normal- (2614).jpg,Normal,Normal- (2614)
data\raw\kaggle\Normal\Normal- (2573).jpg,Normal,Normal- (2573)
data\raw\kaggle\Normal\Normal- (270).jpg,Normal,Normal- (270)
data\raw\kaggle\Normal\Normal- (2436).jpg,Normal,Normal- (2436)
data\raw\kaggle\Normal\Normal- (915).jpg,Normal,Normal- (915)
data\raw\kaggle\Normal\Normal- (2367).jpg,Normal,Normal- (2367)
data\raw\kaggle\Normal\Normal- (4919).jpg,Normal,Normal- (4919)
data\raw\kaggle\Normal\Normal- (3945).jpg,Normal,Normal- (3945)
data\raw\kaggle\Normal\Normal- (2926).jpg,Normal,Normal- (2926)
data\raw\kaggle\Normal\Normal- (1091).jpg,Normal,Normal- (1091)
data\raw\kaggle\Normal\Normal- (4230).jpg,Normal,Normal- (4230)
data\raw\kaggle\Normal\Normal- (2285).jpg,Normal,Normal- (2285)
data\raw\kaggle\Normal\Normal- (2534).jpg,Normal,Normal- (2534)
data\raw\kaggle\Normal\Normal- (2761).jpg,Normal,Normal- (2761)
data\raw\kaggle\Normal\Normal- (3443).jpg,Normal,Normal- (3443)
data\raw\kaggle\Normal\Normal- (835).jpg,Normal,Normal- (835)
data\raw\kaggle\Normal\Normal- (3773).jpg,Normal,Normal- (3773)
data\raw\kaggle\Normal\Normal- (3702).jpg,Normal,Normal- (3702)
data\raw\kaggle\Normal\Normal- (3152).jpg,Normal,Normal- (3152)
data\raw\kaggle\Normal\Normal- (5074).jpg,Normal,Normal- (5074)
data\raw\kaggle\Normal\Normal- (2354).jpg,Normal,Normal- (2354)
data\raw\kaggle\Normal\Normal- (3250).jpg,Normal,Normal- (3250)
data\raw\kaggle\Normal\Normal- (1694).jpg,Normal,Normal- (1694)
data\raw\kaggle\Normal\Normal- (681).jpg,Normal,Normal- (681)
data\raw\kaggle\Normal\Normal- (4140).jpg,Normal,Normal- (4140)
data\raw\kaggle\Normal\Normal- (1254).jpg,Normal,Normal- (1254)
data\raw\kaggle\Normal\Normal- (1230).jpg,Normal,Normal- (1230)
data\raw\kaggle\Normal\Normal- (1360).jpg,Normal,Normal- (1360)
data\raw\kaggle\Normal\Normal- (2074).jpg,Normal,Normal- (2074)
data\raw\kaggle\Normal\Normal- (4385).jpg,Normal,Normal- (4385)
data\raw\kaggle\Normal\Normal- (3727).jpg,Normal,Normal- (3727)
data\raw\kaggle\Normal\Normal- (608).jpg,Normal,Normal- (608)
data\raw\kaggle\Normal\Normal- (4046).jpg,Normal,Normal- (4046)
data\raw\kaggle\Normal\Normal- (555).jpg,Normal,Normal- (555)
data\raw\kaggle\Normal\Normal- (4912).jpg,Normal,Normal- (4912)
data\raw\kaggle\Normal\Normal- (873).jpg,Normal,Normal- (873)
data\raw\kaggle\Normal\Normal- (3513).jpg,Normal,Normal- (3513)
data\raw\kaggle\Normal\Normal- (1451).jpg,Normal,Normal- (1451)
data\raw\kaggle\Normal\Normal- (2090).jpg,Normal,Normal- (2090)
data\raw\kaggle\Normal\Normal- (2087).jpg,Normal,Normal- (2087)
data\raw\kaggle\Normal\Normal- (3907).jpg,Normal,Normal- (3907)
data\raw\kaggle\Normal\Normal- (1255).jpg,Normal,Normal- (1255)
data\raw\kaggle\Normal\Normal- (3365).jpg,Normal,Normal- (3365)
data\raw\kaggle\Normal\Normal- (3402).jpg,Normal,Normal- (3402)
data\raw\kaggle\Normal\Normal- (3679).jpg,Normal,Normal- (3679)
data\raw\kaggle\Normal\Normal- (3750).jpg,Normal,Normal- (3750)
data\raw\kaggle\Normal\Normal- (1738).jpg,Normal,Normal- (1738)
data\raw\kaggle\Normal\Normal- (3157).jpg,Normal,Normal- (3157)
data\raw\kaggle\Normal\Normal- (4816).jpg,Normal,Normal- (4816)
data\raw\kaggle\Normal\Normal- (1995).jpg,Normal,Normal- (1995)
data\raw\kaggle\Normal\Normal- (422).jpg,Normal,Normal- (422)
data\raw\kaggle\Normal\Normal- (3540).jpg,Normal,Normal- (3540)
data\raw\kaggle\Normal\Normal- (4868).jpg,Normal,Normal- (4868)
data\raw\kaggle\Normal\Normal- (3206).jpg,Normal,Normal- (3206)
data\raw\kaggle\Normal\Normal- (1782).jpg,Normal,Normal- (1782)
data\raw\kaggle\Normal\Normal- (375).jpg,Normal,Normal- (375)
data\raw\kaggle\Normal\Normal- (910).jpg,Normal,Normal- (910)
data\raw\kaggle\Normal\Normal- (2119).jpg,Normal,Normal- (2119)
data\raw\kaggle\Normal\Normal- (4344).jpg,Normal,Normal- (4344)
data\raw\kaggle\Normal\Normal- (2099).jpg,Normal,Normal- (2099)
data\raw\kaggle\Normal\Normal- (1318).jpg,Normal,Normal- (1318)
data\raw\kaggle\Normal\Normal- (1182).jpg,Normal,Normal- (1182)
data\raw\kaggle\Normal\Normal- (48).jpg,Normal,Normal- (48)
data\raw\kaggle\Normal\Normal- (1455).jpg,Normal,Normal- (1455)
data\raw\kaggle\Normal\Normal- (1430).jpg,Normal,Normal- (1430)
data\raw\kaggle\Normal\Normal- (1857).jpg,Normal,Normal- (1857)
data\raw\kaggle\Normal\Normal- (3579).jpg,Normal,Normal- (3579)
data\raw\kaggle\Normal\Normal- (3641).jpg,Normal,Normal- (3641)
data\raw\kaggle\Normal\Normal- (3011).jpg,Normal,Normal- (3011)
data\raw\kaggle\Normal\Normal- (949).jpg,Normal,Normal- (949)
data\raw\kaggle\Normal\Normal- (3738).jpg,Normal,Normal- (3738)
data\raw\kaggle\Normal\Normal- (4832).jpg,Normal,Normal- (4832)
data\raw\kaggle\Normal\Normal- (2155).jpg,Normal,Normal- (2155)
data\raw\kaggle\Normal\Normal- (1736).jpg,Normal,Normal- (1736)
data\raw\kaggle\Normal\Normal- (2184).jpg,Normal,Normal- (2184)
data\raw\kaggle\Normal\Normal- (2890).jpg,Normal,Normal- (2890)
data\raw\kaggle\Normal\Normal- (4366).jpg,Normal,Normal- (4366)
data\raw\kaggle\Normal\Normal- (3280).jpg,Normal,Normal- (3280)
data\raw\kaggle\Normal\Normal- (1981).jpg,Normal,Normal- (1981)
data\raw\kaggle\Normal\Normal- (3978).jpg,Normal,Normal- (3978)
data\raw\kaggle\Normal\Normal- (367).jpg,Normal,Normal- (367)
data\raw\kaggle\Normal\Normal- (221).jpg,Normal,Normal- (221)
data\raw\kaggle\Normal\Normal- (1109).jpg,Normal,Normal- (1109)
data\raw\kaggle\Normal\Normal- (3331).jpg,Normal,Normal- (3331)
data\raw\kaggle\Normal\Normal- (669).jpg,Normal,Normal- (669)
data\raw\kaggle\Normal\Normal- (1803).jpg,Normal,Normal- (1803)
data\raw\kaggle\Normal\Normal- (3036).jpg,Normal,Normal- (3036)
data\raw\kaggle\Normal\Normal- (4197).jpg,Normal,Normal- (4197)
data\raw\kaggle\Normal\Normal- (1711).jpg,Normal,Normal- (1711)
data\raw\kaggle\Normal\Normal- (424).jpg,Normal,Normal- (424)
data\raw\kaggle\Normal\Normal- (5004).jpg,Normal,Normal- (5004)
data\raw\kaggle\Normal\Normal- (3085).jpg,Normal,Normal- (3085)
data\raw\kaggle\Normal\Normal- (1461).jpg,Normal,Normal- (1461)
data\raw\kaggle\Normal\Normal- (1619).jpg,Normal,Normal- (1619)
data\raw\kaggle\Normal\Normal- (1110).jpg,Normal,Normal- (1110)
data\raw\kaggle\Normal\Normal- (2475).jpg,Normal,Normal- (2475)
data\raw\kaggle\Normal\Normal- (1844).jpg,Normal,Normal- (1844)
data\raw\kaggle\Normal\Normal- (4911).jpg,Normal,Normal- (4911)
data\raw\kaggle\Normal\Normal- (1048).jpg,Normal,Normal- (1048)
data\raw\kaggle\Normal\Normal- (2009).jpg,Normal,Normal- (2009)
data\raw\kaggle\Normal\Normal- (502).jpg,Normal,Normal- (502)
data\raw\kaggle\Normal\Normal- (2211).jpg,Normal,Normal- (2211)
data\raw\kaggle\Normal\Normal- (2509).jpg,Normal,Normal- (2509)
data\raw\kaggle\Normal\Normal- (1586).jpg,Normal,Normal- (1586)
data\raw\kaggle\Normal\Normal- (4292).jpg,Normal,Normal- (4292)
data\raw\kaggle\Normal\Normal- (103).jpg,Normal,Normal- (103)
data\raw\kaggle\Normal\Normal- (3503).jpg,Normal,Normal- (3503)
data\raw\kaggle\Normal\Normal- (4062).jpg,Normal,Normal- (4062)
data\raw\kaggle\Normal\Normal- (1469).jpg,Normal,Normal- (1469)
data\raw\kaggle\Normal\Normal- (1740).jpg,Normal,Normal- (1740)
data\raw\kaggle\Normal\Normal- (4101).jpg,Normal,Normal- (4101)
data\raw\kaggle\Normal\Normal- (2986).jpg,Normal,Normal- (2986)
data\raw\kaggle\Normal\Normal- (4316).jpg,Normal,Normal- (4316)
data\raw\kaggle\Normal\Normal- (3749).jpg,Normal,Normal- (3749)
data\raw\kaggle\Normal\Normal- (3803).jpg,Normal,Normal- (3803)
data\raw\kaggle\Normal\Normal- (3649).jpg,Normal,Normal- (3649)
data\raw\kaggle\Normal\Normal- (4260).jpg,Normal,Normal- (4260)
data\raw\kaggle\Normal\Normal- (2066).jpg,Normal,Normal- (2066)
data\raw\kaggle\Normal\Normal- (1961).jpg,Normal,Normal- (1961)
data\raw\kaggle\Normal\Normal- (4661).jpg,Normal,Normal- (4661)
data\raw\kaggle\Normal\Normal- (3469).jpg,Normal,Normal- (3469)
data\raw\kaggle\Normal\Normal- (2560).jpg,Normal,Normal- (2560)
data\raw\kaggle\Normal\Normal- (4054).jpg,Normal,Normal- (4054)
data\raw\kaggle\Normal\Normal- (4887).jpg,Normal,Normal- (4887)
data\raw\kaggle\Normal\Normal- (4065).jpg,Normal,Normal- (4065)
data\raw\kaggle\Normal\Normal- (4233).jpg,Normal,Normal- (4233)
data\raw\kaggle\Normal\Normal- (21).jpg,Normal,Normal- (21)
data\raw\kaggle\Normal\Normal- (4836).jpg,Normal,Normal- (4836)
data\raw\kaggle\Normal\Normal- (591).jpg,Normal,Normal- (591)
data\raw\kaggle\Normal\Normal- (394).jpg,Normal,Normal- (394)
data\raw\kaggle\Normal\Normal- (3971).jpg,Normal,Normal- (3971)
data\raw\kaggle\Normal\Normal- (4769).jpg,Normal,Normal- (4769)
data\raw\kaggle\Normal\Normal- (4084).jpg,Normal,Normal- (4084)
data\raw\kaggle\Normal\Normal- (2005).jpg,Normal,Normal- (2005)
data\raw\kaggle\Normal\Normal- (821).jpg,Normal,Normal- (821)
data\raw\kaggle\Normal\Normal- (2993).jpg,Normal,Normal- (2993)
data\raw\kaggle\Normal\Normal- (182).jpg,Normal,Normal- (182)
data\raw\kaggle\Normal\Normal- (1811).jpg,Normal,Normal- (1811)
data\raw\kaggle\Normal\Normal- (3871).jpg,Normal,Normal- (3871)
data\raw\kaggle\Normal\Normal- (1581).jpg,Normal,Normal- (1581)
data\raw\kaggle\Normal\Normal- (2576).jpg,Normal,Normal- (2576)
data\raw\kaggle\Normal\Normal- (1310).jpg,Normal,Normal- (1310)
data\raw\kaggle\Normal\Normal- (3692).jpg,Normal,Normal- (3692)
data\raw\kaggle\Normal\Normal- (4115).jpg,Normal,Normal- (4115)
data\raw\kaggle\Normal\Normal- (737).jpg,Normal,Normal- (737)
data\raw\kaggle\Normal\Normal- (2369).jpg,Normal,Normal- (2369)
data\raw\kaggle\Normal\Normal- (3065).jpg,Normal,Normal- (3065)
data\raw\kaggle\Normal\Normal- (1777).jpg,Normal,Normal- (1777)
data\raw\kaggle\Normal\Normal- (2030).jpg,Normal,Normal- (2030)
data\raw\kaggle\Normal\Normal- (2942).jpg,Normal,Normal- (2942)
data\raw\kaggle\Normal\Normal- (90).jpg,Normal,Normal- (90)
data\raw\kaggle\Normal\Normal- (2485).jpg,Normal,Normal- (2485)
data\raw\kaggle\Normal\Normal- (4926).jpg,Normal,Normal- (4926)
data\raw\kaggle\Normal\Normal- (1836).jpg,Normal,Normal- (1836)
data\raw\kaggle\Normal\Normal- (3852).jpg,Normal,Normal- (3852)
data\raw\kaggle\Normal\Normal- (4179).jpg,Normal,Normal- (4179)
data\raw\kaggle\Normal\Normal- (2603).jpg,Normal,Normal- (2603)
data\raw\kaggle\Normal\Normal- (2149).jpg,Normal,Normal- (2149)
data\raw\kaggle\Normal\Normal- (2807).jpg,Normal,Normal- (2807)
data\raw\kaggle\Normal\Normal- (1881).jpg,Normal,Normal- (1881)
data\raw\kaggle\Normal\Normal- (741).jpg,Normal,Normal- (741)
data\raw\kaggle\Normal\Normal- (4860).jpg,Normal,Normal- (4860)
data\raw\kaggle\Normal\Normal- (1121).jpg,Normal,Normal- (1121)
data\raw\kaggle\Normal\Normal- (462).jpg,Normal,Normal- (462)
data\raw\kaggle\Normal\Normal- (3596).jpg,Normal,Normal- (3596)
data\raw\kaggle\Normal\Normal- (2921).jpg,Normal,Normal- (2921)
data\raw\kaggle\Normal\Normal- (3175).jpg,Normal,Normal- (3175)
data\raw\kaggle\Normal\Normal- (3687).jpg,Normal,Normal- (3687)
data\raw\kaggle\Normal\Normal- (4000).jpg,Normal,Normal- (4000)
data\raw\kaggle\Normal\Normal- (3880).jpg,Normal,Normal- (3880)
data\raw\kaggle\Normal\Normal- (4077).jpg,Normal,Normal- (4077)
data\raw\kaggle\Normal\Normal- (3898).jpg,Normal,Normal- (3898)
data\raw\kaggle\Normal\Normal- (703).jpg,Normal,Normal- (703)
data\raw\kaggle\Normal\Normal- (3650).jpg,Normal,Normal- (3650)
data\raw\kaggle\Normal\Normal- (249).jpg,Normal,Normal- (249)
data\raw\kaggle\Normal\Normal- (2160).jpg,Normal,Normal- (2160)
data\raw\kaggle\Normal\Normal- (2729).jpg,Normal,Normal- (2729)
data\raw\kaggle\Normal\Normal- (4696).jpg,Normal,Normal- (4696)
data\raw\kaggle\Normal\Normal- (2125).jpg,Normal,Normal- (2125)
data\raw\kaggle\Normal\Normal- (44).jpg,Normal,Normal- (44)
data\raw\kaggle\Normal\Normal- (988).jpg,Normal,Normal- (988)
data\raw\kaggle\Normal\Normal- (4799).jpg,Normal,Normal- (4799)
data\raw\kaggle\Normal\Normal- (302).jpg,Normal,Normal- (302)
data\raw\kaggle\Normal\Normal- (1531).jpg,Normal,Normal- (1531)
data\raw\kaggle\Normal\Normal- (4548).jpg,Normal,Normal- (4548)
data\raw\kaggle\Normal\Normal- (4864).jpg,Normal,Normal- (4864)
data\raw\kaggle\Normal\Normal- (294).jpg,Normal,Normal- (294)
data\raw\kaggle\Normal\Normal- (5069).jpg,Normal,Normal- (5069)
data\raw\kaggle\Normal\Normal- (1764).jpg,Normal,Normal- (1764)
data\raw\kaggle\Normal\Normal- (1661).jpg,Normal,Normal- (1661)
data\raw\kaggle\Normal\Normal- (408).jpg,Normal,Normal- (408)
data\raw\kaggle\Normal\Normal- (539).jpg,Normal,Normal- (539)
data\raw\kaggle\Normal\Normal- (2970).jpg,Normal,Normal- (2970)
data\raw\kaggle\Normal\Normal- (916).jpg,Normal,Normal- (916)
data\raw\kaggle\Normal\Normal- (345).jpg,Normal,Normal- (345)
data\raw\kaggle\Normal\Normal- (1177).jpg,Normal,Normal- (1177)
data\raw\kaggle\Normal\Normal- (4341).jpg,Normal,Normal- (4341)
data\raw\kaggle\Normal\Normal- (1138).jpg,Normal,Normal- (1138)
data\raw\kaggle\Normal\Normal- (2101).jpg,Normal,Normal- (2101)
data\raw\kaggle\Normal\Normal- (3983).jpg,Normal,Normal- (3983)
data\raw\kaggle\Normal\Normal- (4987).jpg,Normal,Normal- (4987)
data\raw\kaggle\Normal\Normal- (3568).jpg,Normal,Normal- (3568)
data\raw\kaggle\Normal\Normal- (1486).jpg,Normal,Normal- (1486)
data\raw\kaggle\Normal\Normal- (150).jpg,Normal,Normal- (150)
data\raw\kaggle\Normal\Normal- (2733).jpg,Normal,Normal- (2733)
data\raw\kaggle\Normal\Normal- (356).jpg,Normal,Normal- (356)
data\raw\kaggle\Normal\Normal- (3278).jpg,Normal,Normal- (3278)
data\raw\kaggle\Normal\Normal- (3660).jpg,Normal,Normal- (3660)
data\raw\kaggle\Normal\Normal- (5007).jpg,Normal,Normal- (5007)
data\raw\kaggle\Normal\Normal- (4274).jpg,Normal,Normal- (4274)
data\raw\kaggle\Normal\Normal- (1234).jpg,Normal,Normal- (1234)
data\raw\kaggle\Normal\Normal- (4029).jpg,Normal,Normal- (4029)
data\raw\kaggle\Normal\Normal- (2883).jpg,Normal,Normal- (2883)
data\raw\kaggle\Normal\Normal- (2705).jpg,Normal,Normal- (2705)
data\raw\kaggle\Normal\Normal- (2961).jpg,Normal,Normal- (2961)
data\raw\kaggle\Normal\Normal- (538).jpg,Normal,Normal- (538)
data\raw\kaggle\Normal\Normal- (2579).jpg,Normal,Normal- (2579)
data\raw\kaggle\Normal\Normal- (4278).jpg,Normal,Normal- (4278)
data\raw\kaggle\Normal\Normal- (2964).jpg,Normal,Normal- (2964)
data\raw\kaggle\Normal\Normal- (3547).jpg,Normal,Normal- (3547)
data\raw\kaggle\Normal\Normal- (1217).jpg,Normal,Normal- (1217)
data\raw\kaggle\Normal\Normal- (3217).jpg,Normal,Normal- (3217)
data\raw\kaggle\Normal\Normal- (4697).jpg,Normal,Normal- (4697)
data\raw\kaggle\Normal\Normal- (2332).jpg,Normal,Normal- (2332)
data\raw\kaggle\Normal\Normal- (2026).jpg,Normal,Normal- (2026)
data\raw\kaggle\Normal\Normal- (2284).jpg,Normal,Normal- (2284)
data\raw\kaggle\Normal\Normal- (2724).jpg,Normal,Normal- (2724)
data\raw\kaggle\Normal\Normal- (1263).jpg,Normal,Normal- (1263)
data\raw\kaggle\Normal\Normal- (1582).jpg,Normal,Normal- (1582)
data\raw\kaggle\Normal\Normal- (4772).jpg,Normal,Normal- (4772)
data\raw\kaggle\Normal\Normal- (4535).jpg,Normal,Normal- (4535)
data\raw\kaggle\Normal\Normal- (3124).jpg,Normal,Normal- (3124)
data\raw\kaggle\Normal\Normal- (1466).jpg,Normal,Normal- (1466)
data\raw\kaggle\Normal\Normal- (2399).jpg,Normal,Normal- (2399)
data\raw\kaggle\Normal\Normal- (1219).jpg,Normal,Normal- (1219)
data\raw\kaggle\Normal\Normal- (4655).jpg,Normal,Normal- (4655)
data\raw\kaggle\Normal\Normal- (5032).jpg,Normal,Normal- (5032)
data\raw\kaggle\Normal\Normal- (1635).jpg,Normal,Normal- (1635)
data\raw\kaggle\Normal\Normal- (2338).jpg,Normal,Normal- (2338)
data\raw\kaggle\Normal\Normal- (2612).jpg,Normal,Normal- (2612)
data\raw\kaggle\Normal\Normal- (2259).jpg,Normal,Normal- (2259)
data\raw\kaggle\Normal\Normal- (2953).jpg,Normal,Normal- (2953)
data\raw\kaggle\Normal\Normal- (4767).jpg,Normal,Normal- (4767)
data\raw\kaggle\Normal\Normal- (3205).jpg,Normal,Normal- (3205)
data\raw\kaggle\Normal\Normal- (1627).jpg,Normal,Normal- (1627)
data\raw\kaggle\Normal\Normal- (3942).jpg,Normal,Normal- (3942)
data\raw\kaggle\Normal\Normal- (2513).jpg,Normal,Normal- (2513)
data\raw\kaggle\Normal\Normal- (213).jpg,Normal,Normal- (213)
data\raw\kaggle\Normal\Normal- (2230).jpg,Normal,Normal- (2230)
data\raw\kaggle\Normal\Normal- (2046).jpg,Normal,Normal- (2046)
data\raw\kaggle\Normal\Normal- (3651).jpg,Normal,Normal- (3651)
data\raw\kaggle\Normal\Normal- (2463).jpg,Normal,Normal- (2463)
data\raw\kaggle\Normal\Normal- (311).jpg,Normal,Normal- (311)
data\raw\kaggle\Normal\Normal- (1671).jpg,Normal,Normal- (1671)
data\raw\kaggle\Normal\Normal- (2657).jpg,Normal,Normal- (2657)
data\raw\kaggle\Normal\Normal- (4768).jpg,Normal,Normal- (4768)
data\raw\kaggle\Normal\Normal- (2433).jpg,Normal,Normal- (2433)
data\raw\kaggle\Normal\Normal- (1421).jpg,Normal,Normal- (1421)
data\raw\kaggle\Normal\Normal- (4800).jpg,Normal,Normal- (4800)
data\raw\kaggle\Normal\Normal- (1929).jpg,Normal,Normal- (1929)
data\raw\kaggle\Normal\Normal- (937).jpg,Normal,Normal- (937)
data\raw\kaggle\Normal\Normal- (1842).jpg,Normal,Normal- (1842)
data\raw\kaggle\Normal\Normal- (1603).jpg,Normal,Normal- (1603)
data\raw\kaggle\Normal\Normal- (337).jpg,Normal,Normal- (337)
data\raw\kaggle\Normal\Normal- (3909).jpg,Normal,Normal- (3909)
data\raw\kaggle\Normal\Normal- (4037).jpg,Normal,Normal- (4037)
data\raw\kaggle\Normal\Normal- (4920).jpg,Normal,Normal- (4920)
data\raw\kaggle\Normal\Normal- (4007).jpg,Normal,Normal- (4007)
data\raw\kaggle\Normal\Normal- (3804).jpg,Normal,Normal- (3804)
data\raw\kaggle\Normal\Normal- (4588).jpg,Normal,Normal- (4588)
data\raw\kaggle\Normal\Normal- (463).jpg,Normal,Normal- (463)
data\raw\kaggle\Normal\Normal- (3837).jpg,Normal,Normal- (3837)
data\raw\kaggle\Normal\Normal- (1512).jpg,Normal,Normal- (1512)
data\raw\kaggle\Normal\Normal- (1047).jpg,Normal,Normal- (1047)
data\raw\kaggle\Normal\Normal- (253).jpg,Normal,Normal- (253)
data\raw\kaggle\Normal\Normal- (3783).jpg,Normal,Normal- (3783)
data\raw\kaggle\Normal\Normal- (1781).jpg,Normal,Normal- (1781)
data\raw\kaggle\Normal\Normal- (4296).jpg,Normal,Normal- (4296)
data\raw\kaggle\Normal\Normal- (364).jpg,Normal,Normal- (364)
data\raw\kaggle\Normal\Normal- (4683).jpg,Normal,Normal- (4683)
data\raw\kaggle\Normal\Normal- (3026).jpg,Normal,Normal- (3026)
data\raw\kaggle\Normal\Normal- (2637).jpg,Normal,Normal- (2637)
data\raw\kaggle\Normal\Normal- (3822).jpg,Normal,Normal- (3822)
data\raw\kaggle\Normal\Normal- (3299).jpg,Normal,Normal- (3299)
data\raw\kaggle\Normal\Normal- (819).jpg,Normal,Normal- (819)
data\raw\kaggle\Normal\Normal- (4094).jpg,Normal,Normal- (4094)
data\raw\kaggle\Normal\Normal- (646).jpg,Normal,Normal- (646)
data\raw\kaggle\Normal\Normal- (758).jpg,Normal,Normal- (758)
data\raw\kaggle\Normal\Normal- (4174).jpg,Normal,Normal- (4174)
data\raw\kaggle\Normal\Normal- (2257).jpg,Normal,Normal- (2257)
data\raw\kaggle\Normal\Normal- (2049).jpg,Normal,Normal- (2049)
data\raw\kaggle\Normal\Normal- (4742).jpg,Normal,Normal- (4742)
data\raw\kaggle\Normal\Normal- (4194).jpg,Normal,Normal- (4194)
data\raw\kaggle\Normal\Normal- (4784).jpg,Normal,Normal- (4784)
data\raw\kaggle\Normal\Normal- (809).jpg,Normal,Normal- (809)
data\raw\kaggle\Normal\Normal- (2520).jpg,Normal,Normal- (2520)
data\raw\kaggle\Normal\Normal- (38).jpg,Normal,Normal- (38)
data\raw\kaggle\Normal\Normal- (1201).jpg,Normal,Normal- (1201)
data\raw\kaggle\Normal\Normal- (3240).jpg,Normal,Normal- (3240)
data\raw\kaggle\Normal\Normal- (316).jpg,Normal,Normal- (316)
data\raw\kaggle\Normal\Normal- (1674).jpg,Normal,Normal- (1674)
data\raw\kaggle\Normal\Normal- (4036).jpg,Normal,Normal- (4036)
data\raw\kaggle\Normal\Normal- (1664).jpg,Normal,Normal- (1664)
data\raw\kaggle\Normal\Normal- (2767).jpg,Normal,Normal- (2767)
data\raw\kaggle\Normal\Normal- (749).jpg,Normal,Normal- (749)
data\raw\kaggle\Normal\Normal- (1272).jpg,Normal,Normal- (1272)
data\raw\kaggle\Normal\Normal- (4116).jpg,Normal,Normal- (4116)
data\raw\kaggle\Normal\Normal- (427).jpg,Normal,Normal- (427)
data\raw\kaggle\Normal\Normal- (4382).jpg,Normal,Normal- (4382)
data\raw\kaggle\Normal\Normal- (3159).jpg,Normal,Normal- (3159)
data\raw\kaggle\Normal\Normal- (1357).jpg,Normal,Normal- (1357)
data\raw\kaggle\Normal\Normal- (829).jpg,Normal,Normal- (829)
data\raw\kaggle\Normal\Normal- (4865).jpg,Normal,Normal- (4865)
data\raw\kaggle\Normal\Normal- (4730).jpg,Normal,Normal- (4730)
data\raw\kaggle\Normal\Normal- (2439).jpg,Normal,Normal- (2439)
data\raw\kaggle\Normal\Normal- (210).jpg,Normal,Normal- (210)
data\raw\kaggle\Normal\Normal- (2667).jpg,Normal,Normal- (2667)
data\raw\kaggle\Normal\Normal- (1700).jpg,Normal,Normal- (1700)
data\raw\kaggle\Normal\Normal- (4170).jpg,Normal,Normal- (4170)
data\raw\kaggle\Normal\Normal- (4658).jpg,Normal,Normal- (4658)
data\raw\kaggle\Normal\Normal- (4985).jpg,Normal,Normal- (4985)
data\raw\kaggle\Normal\Normal- (2496).jpg,Normal,Normal- (2496)
data\raw\kaggle\Normal\Normal- (2790).jpg,Normal,Normal- (2790)
data\raw\kaggle\Normal\Normal- (1919).jpg,Normal,Normal- (1919)
data\raw\kaggle\Normal\Normal- (2123).jpg,Normal,Normal- (2123)
data\raw\kaggle\Normal\Normal- (3230).jpg,Normal,Normal- (3230)
data\raw\kaggle\Normal\Normal- (4259).jpg,Normal,Normal- (4259)
data\raw\kaggle\Normal\Normal- (3609).jpg,Normal,Normal- (3609)
data\raw\kaggle\Normal\Normal- (3458).jpg,Normal,Normal- (3458)
data\raw\kaggle\Normal\Normal- (4990).jpg,Normal,Normal- (4990)
data\raw\kaggle\Normal\Normal- (2610).jpg,Normal,Normal- (2610)
data\raw\kaggle\Normal\Normal- (3400).jpg,Normal,Normal- (3400)
data\raw\kaggle\Normal\Normal- (3576).jpg,Normal,Normal- (3576)
data\raw\kaggle\Normal\Normal- (2882).jpg,Normal,Normal- (2882)
data\raw\kaggle\Normal\Normal- (3350).jpg,Normal,Normal- (3350)
data\raw\kaggle\Normal\Normal- (251).jpg,Normal,Normal- (251)
data\raw\kaggle\Normal\Normal- (3301).jpg,Normal,Normal- (3301)
data\raw\kaggle\Normal\Normal- (3757).jpg,Normal,Normal- (3757)
data\raw\kaggle\Normal\Normal- (606).jpg,Normal,Normal- (606)
data\raw\kaggle\Normal\Normal- (4182).jpg,Normal,Normal- (4182)
data\raw\kaggle\Normal\Normal- (2150).jpg,Normal,Normal- (2150)
data\raw\kaggle\Normal\Normal- (3162).jpg,Normal,Normal- (3162)
data\raw\kaggle\Normal\Normal- (3325).jpg,Normal,Normal- (3325)
data\raw\kaggle\Normal\Normal- (5003).jpg,Normal,Normal- (5003)
data\raw\kaggle\Normal\Normal- (3252).jpg,Normal,Normal- (3252)
data\raw\kaggle\Normal\Normal- (754).jpg,Normal,Normal- (754)
data\raw\kaggle\Normal\Normal- (4217).jpg,Normal,Normal- (4217)
data\raw\kaggle\Normal\Normal- (2371).jpg,Normal,Normal- (2371)
data\raw\kaggle\Normal\Normal- (399).jpg,Normal,Normal- (399)
data\raw\kaggle\Normal\Normal- (1767).jpg,Normal,Normal- (1767)
data\raw\kaggle\Normal\Normal- (1979).jpg,Normal,Normal- (1979)
data\raw\kaggle\Normal\Normal- (268).jpg,Normal,Normal- (268)
data\raw\kaggle\Normal\Normal- (721).jpg,Normal,Normal- (721)
data\raw\kaggle\Normal\Normal- (2253).jpg,Normal,Normal- (2253)
data\raw\kaggle\Normal\Normal- (132).jpg,Normal,Normal- (132)
data\raw\kaggle\Normal\Normal- (324).jpg,Normal,Normal- (324)
data\raw\kaggle\Normal\Normal- (1893).jpg,Normal,Normal- (1893)
data\raw\kaggle\Normal\Normal- (1878).jpg,Normal,Normal- (1878)
data\raw\kaggle\Normal\Normal- (1439).jpg,Normal,Normal- (1439)
data\raw\kaggle\Normal\Normal- (2176).jpg,Normal,Normal- (2176)
data\raw\kaggle\Normal\Normal- (492).jpg,Normal,Normal- (492)
data\raw\kaggle\Normal\Normal- (2392).jpg,Normal,Normal- (2392)
data\raw\kaggle\Normal\Normal- (3319).jpg,Normal,Normal- (3319)
data\raw\kaggle\Normal\Normal- (2901).jpg,Normal,Normal- (2901)
data\raw\kaggle\Normal\Normal- (3591).jpg,Normal,Normal- (3591)
data\raw\kaggle\Normal\Normal- (3404).jpg,Normal,Normal- (3404)
data\raw\kaggle\Normal\Normal- (3740).jpg,Normal,Normal- (3740)
data\raw\kaggle\Normal\Normal- (3168).jpg,Normal,Normal- (3168)
data\raw\kaggle\Normal\Normal- (3093).jpg,Normal,Normal- (3093)
data\raw\kaggle\Normal\Normal- (2205).jpg,Normal,Normal- (2205)
data\raw\kaggle\Normal\Normal- (4252).jpg,Normal,Normal- (4252)
data\raw\kaggle\Normal\Normal- (1283).jpg,Normal,Normal- (1283)
data\raw\kaggle\Normal\Normal- (804).jpg,Normal,Normal- (804)
data\raw\kaggle\Normal\Normal- (1424).jpg,Normal,Normal- (1424)
data\raw\kaggle\Normal\Normal- (874).jpg,Normal,Normal- (874)
data\raw\kaggle\Normal\Normal- (2720).jpg,Normal,Normal- (2720)
data\raw\kaggle\Normal\Normal- (1351).jpg,Normal,Normal- (1351)
data\raw\kaggle\Normal\Normal- (1104).jpg,Normal,Normal- (1104)
data\raw\kaggle\Normal\Normal- (3465).jpg,Normal,Normal- (3465)
data\raw\kaggle\Normal\Normal- (1702).jpg,Normal,Normal- (1702)
data\raw\kaggle\Normal\Normal- (833).jpg,Normal,Normal- (833)
data\raw\kaggle\Normal\Normal- (4207).jpg,Normal,Normal- (4207)
data\raw\kaggle\Normal\Normal- (4413).jpg,Normal,Normal- (4413)
data\raw\kaggle\Normal\Normal- (4502).jpg,Normal,Normal- (4502)
data\raw\kaggle\Normal\Normal- (4279).jpg,Normal,Normal- (4279)
data\raw\kaggle\Normal\Normal- (1465).jpg,Normal,Normal- (1465)
data\raw\kaggle\Normal\Normal- (3346).jpg,Normal,Normal- (3346)
data\raw\kaggle\Normal\Normal- (2247).jpg,Normal,Normal- (2247)
data\raw\kaggle\Normal\Normal- (866).jpg,Normal,Normal- (866)
data\raw\kaggle\Normal\Normal- (3873).jpg,Normal,Normal- (3873)
data\raw\kaggle\Normal\Normal- (3745).jpg,Normal,Normal- (3745)
data\raw\kaggle\Normal\Normal- (712).jpg,Normal,Normal- (712)
data\raw\kaggle\Normal\Normal- (3548).jpg,Normal,Normal- (3548)
data\raw\kaggle\Normal\Normal- (1799).jpg,Normal,Normal- (1799)
data\raw\kaggle\Normal\Normal- (3095).jpg,Normal,Normal- (3095)
data\raw\kaggle\Normal\Normal- (3691).jpg,Normal,Normal- (3691)
data\raw\kaggle\Normal\Normal- (1891).jpg,Normal,Normal- (1891)
data\raw\kaggle\Normal\Normal- (3286).jpg,Normal,Normal- (3286)
data\raw\kaggle\Normal\Normal- (2012).jpg,Normal,Normal- (2012)
data\raw\kaggle\Normal\Normal- (2334).jpg,Normal,Normal- (2334)
data\raw\kaggle\Normal\Normal- (110).jpg,Normal,Normal- (110)
data\raw\kaggle\Normal\Normal- (3511).jpg,Normal,Normal- (3511)
data\raw\kaggle\Normal\Normal- (3559).jpg,Normal,Normal- (3559)
data\raw\kaggle\Normal\Normal- (1207).jpg,Normal,Normal- (1207)
data\raw\kaggle\Normal\Normal- (2093).jpg,Normal,Normal- (2093)
data\raw\kaggle\Normal\Normal- (2454).jpg,Normal,Normal- (2454)
data\raw\kaggle\Normal\Normal- (384).jpg,Normal,Normal- (384)
data\raw\kaggle\Normal\Normal- (4898).jpg,Normal,Normal- (4898)
data\raw\kaggle\Normal\Normal- (1286).jpg,Normal,Normal- (1286)
data\raw\kaggle\Normal\Normal- (6).jpg,Normal,Normal- (6)
data\raw\kaggle\Normal\Normal- (1197).jpg,Normal,Normal- (1197)
data\raw\kaggle\Normal\Normal- (1911).jpg,Normal,Normal- (1911)
data\raw\kaggle\Normal\Normal- (1271).jpg,Normal,Normal- (1271)
data\raw\kaggle\Normal\Normal- (3809).jpg,Normal,Normal- (3809)
data\raw\kaggle\Normal\Normal- (3349).jpg,Normal,Normal- (3349)
data\raw\kaggle\Normal\Normal- (4740).jpg,Normal,Normal- (4740)
data\raw\kaggle\Normal\Normal- (2587).jpg,Normal,Normal- (2587)
data\raw\kaggle\Normal\Normal- (1391).jpg,Normal,Normal- (1391)
data\raw\kaggle\Normal\Normal- (1428).jpg,Normal,Normal- (1428)
data\raw\kaggle\Normal\Normal- (3043).jpg,Normal,Normal- (3043)
data\raw\kaggle\Normal\Normal- (1994).jpg,Normal,Normal- (1994)
data\raw\kaggle\Normal\Normal- (1972).jpg,Normal,Normal- (1972)
data\raw\kaggle\Normal\Normal- (640).jpg,Normal,Normal- (640)
data\raw\kaggle\Normal\Normal- (3518).jpg,Normal,Normal- (3518)
data\raw\kaggle\Normal\Normal- (3393).jpg,Normal,Normal- (3393)
data\raw\kaggle\Normal\Normal- (2033).jpg,Normal,Normal- (2033)
data\raw\kaggle\Normal\Normal- (3620).jpg,Normal,Normal- (3620)
data\raw\kaggle\Normal\Normal- (1901).jpg,Normal,Normal- (1901)
data\raw\kaggle\Normal\Normal- (143).jpg,Normal,Normal- (143)
data\raw\kaggle\Normal\Normal- (1410).jpg,Normal,Normal- (1410)
data\raw\kaggle\Normal\Normal- (1240).jpg,Normal,Normal- (1240)
data\raw\kaggle\Normal\Normal- (2122).jpg,Normal,Normal- (2122)
data\raw\kaggle\Normal\Normal- (3806).jpg,Normal,Normal- (3806)
data\raw\kaggle\Normal\Normal- (4757).jpg,Normal,Normal- (4757)
data\raw\kaggle\Normal\Normal- (4002).jpg,Normal,Normal- (4002)
data\raw\kaggle\Normal\Normal- (1681).jpg,Normal,Normal- (1681)
data\raw\kaggle\Normal\Normal- (2159).jpg,Normal,Normal- (2159)
data\raw\kaggle\Normal\Normal- (2363).jpg,Normal,Normal- (2363)
data\raw\kaggle\Normal\Normal- (2260).jpg,Normal,Normal- (2260)
data\raw\kaggle\Normal\Normal- (958).jpg,Normal,Normal- (958)
data\raw\kaggle\Normal\Normal- (3292).jpg,Normal,Normal- (3292)
data\raw\kaggle\Normal\Normal- (1412).jpg,Normal,Normal- (1412)
data\raw\kaggle\Normal\Normal- (4854).jpg,Normal,Normal- (4854)
data\raw\kaggle\Normal\Normal- (1080).jpg,Normal,Normal- (1080)
data\raw\kaggle\Normal\Normal- (4886).jpg,Normal,Normal- (4886)
data\raw\kaggle\Normal\Normal- (3186).jpg,Normal,Normal- (3186)
data\raw\kaggle\Normal\Normal- (2716).jpg,Normal,Normal- (2716)
data\raw\kaggle\Normal\Normal- (4748).jpg,Normal,Normal- (4748)
data\raw\kaggle\Normal\Normal- (4718).jpg,Normal,Normal- (4718)
data\raw\kaggle\Normal\Normal- (1381).jpg,Normal,Normal- (1381)
data\raw\kaggle\Normal\Normal- (3261).jpg,Normal,Normal- (3261)
data\raw\kaggle\Normal\Normal- (423).jpg,Normal,Normal- (423)
data\raw\kaggle\Normal\Normal- (1484).jpg,Normal,Normal- (1484)
data\raw\kaggle\Normal\Normal- (3888).jpg,Normal,Normal- (3888)
data\raw\kaggle\Normal\Normal- (4717).jpg,Normal,Normal- (4717)
data\raw\kaggle\Normal\Normal- (363).jpg,Normal,Normal- (363)
data\raw\kaggle\Normal\Normal- (936).jpg,Normal,Normal- (936)
data\raw\kaggle\Normal\Normal- (2467).jpg,Normal,Normal- (2467)
data\raw\kaggle\Normal\Normal- (734).jpg,Normal,Normal- (734)
data\raw\kaggle\Normal\Normal- (3973).jpg,Normal,Normal- (3973)
data\raw\kaggle\Normal\Normal- (558).jpg,Normal,Normal- (558)
data\raw\kaggle\Normal\Normal- (4589).jpg,Normal,Normal- (4589)
data\raw\kaggle\Normal\Normal- (603).jpg,Normal,Normal- (603)
data\raw\kaggle\Normal\Normal- (1361).jpg,Normal,Normal- (1361)
data\raw\kaggle\Normal\Normal- (4057).jpg,Normal,Normal- (4057)
data\raw\kaggle\Normal\Normal- (3499).jpg,Normal,Normal- (3499)
data\raw\kaggle\Normal\Normal- (179).jpg,Normal,Normal- (179)
data\raw\kaggle\Normal\Normal- (637).jpg,Normal,Normal- (637)
data\raw\kaggle\Normal\Normal- (1927).jpg,Normal,Normal- (1927)
data\raw\kaggle\Normal\Normal- (860).jpg,Normal,Normal- (860)
data\raw\kaggle\Normal\Normal- (1731).jpg,Normal,Normal- (1731)
data\raw\kaggle\Normal\Normal- (5010).jpg,Normal,Normal- (5010)
data\raw\kaggle\Normal\Normal- (3774).jpg,Normal,Normal- (3774)
data\raw\kaggle\Normal\Normal- (4135).jpg,Normal,Normal- (4135)
data\raw\kaggle\Normal\Normal- (3385).jpg,Normal,Normal- (3385)
data\raw\kaggle\Normal\Normal- (2020).jpg,Normal,Normal- (2020)
data\raw\kaggle\Normal\Normal- (1735).jpg,Normal,Normal- (1735)
data\raw\kaggle\Normal\Normal- (4584).jpg,Normal,Normal- (4584)
data\raw\kaggle\Normal\Normal- (1063).jpg,Normal,Normal- (1063)
data\raw\kaggle\Normal\Normal- (4358).jpg,Normal,Normal- (4358)
data\raw\kaggle\Normal\Normal- (2709).jpg,Normal,Normal- (2709)
data\raw\kaggle\Normal\Normal- (371).jpg,Normal,Normal- (371)
data\raw\kaggle\Normal\Normal- (1292).jpg,Normal,Normal- (1292)
data\raw\kaggle\Normal\Normal- (4423).jpg,Normal,Normal- (4423)
data\raw\kaggle\Normal\Normal- (3173).jpg,Normal,Normal- (3173)
data\raw\kaggle\Normal\Normal- (1583).jpg,Normal,Normal- (1583)
data\raw\kaggle\Normal\Normal- (1897).jpg,Normal,Normal- (1897)
data\raw\kaggle\Normal\Normal- (3495).jpg,Normal,Normal- (3495)
data\raw\kaggle\Normal\Normal- (2707).jpg,Normal,Normal- (2707)
data\raw\kaggle\Normal\Normal- (4604).jpg,Normal,Normal- (4604)
data\raw\kaggle\Normal\Normal- (1656).jpg,Normal,Normal- (1656)
data\raw\kaggle\Normal\Normal- (2062).jpg,Normal,Normal- (2062)
data\raw\kaggle\Normal\Normal- (2734).jpg,Normal,Normal- (2734)
data\raw\kaggle\Normal\Normal- (3813).jpg,Normal,Normal- (3813)
data\raw\kaggle\Normal\Normal- (4539).jpg,Normal,Normal- (4539)
data\raw\kaggle\Normal\Normal- (2855).jpg,Normal,Normal- (2855)
data\raw\kaggle\Normal\Normal- (3120).jpg,Normal,Normal- (3120)
data\raw\kaggle\Normal\Normal- (924).jpg,Normal,Normal- (924)
data\raw\kaggle\Normal\Normal- (1541).jpg,Normal,Normal- (1541)
data\raw\kaggle\Normal\Normal- (4396).jpg,Normal,Normal- (4396)
data\raw\kaggle\Normal\Normal- (2664).jpg,Normal,Normal- (2664)
data\raw\kaggle\Normal\Normal- (2596).jpg,Normal,Normal- (2596)
data\raw\kaggle\Normal\Normal- (4012).jpg,Normal,Normal- (4012)
data\raw\kaggle\Normal\Normal- (971).jpg,Normal,Normal- (971)
data\raw\kaggle\Normal\Normal- (4514).jpg,Normal,Normal- (4514)
data\raw\kaggle\Normal\Normal- (4098).jpg,Normal,Normal- (4098)
data\raw\kaggle\Normal\Normal- (959).jpg,Normal,Normal- (959)
data\raw\kaggle\Normal\Normal- (4151).jpg,Normal,Normal- (4151)
data\raw\kaggle\Normal\Normal- (4222).jpg,Normal,Normal- (4222)
data\raw\kaggle\Normal\Normal- (2048).jpg,Normal,Normal- (2048)
data\raw\kaggle\Normal\Normal- (4738).jpg,Normal,Normal- (4738)
data\raw\kaggle\Normal\Normal- (2423).jpg,Normal,Normal- (2423)
data\raw\kaggle\Normal\Normal- (2459).jpg,Normal,Normal- (2459)
data\raw\kaggle\Normal\Normal- (1488).jpg,Normal,Normal- (1488)
data\raw\kaggle\Normal\Normal- (3295).jpg,Normal,Normal- (3295)
data\raw\kaggle\Normal\Normal- (2004).jpg,Normal,Normal- (2004)
data\raw\kaggle\Normal\Normal- (3636).jpg,Normal,Normal- (3636)
data\raw\kaggle\Normal\Normal- (2358).jpg,Normal,Normal- (2358)
data\raw\kaggle\Normal\Normal- (2418).jpg,Normal,Normal- (2418)
data\raw\kaggle\Normal\Normal- (1233).jpg,Normal,Normal- (1233)
data\raw\kaggle\Normal\Normal- (765).jpg,Normal,Normal- (765)
data\raw\kaggle\Normal\Normal- (3574).jpg,Normal,Normal- (3574)
data\raw\kaggle\Normal\Normal- (4154).jpg,Normal,Normal- (4154)
data\raw\kaggle\Normal\Normal- (254).jpg,Normal,Normal- (254)
data\raw\kaggle\Normal\Normal- (1779).jpg,Normal,Normal- (1779)
data\raw\kaggle\Normal\Normal- (2831).jpg,Normal,Normal- (2831)
data\raw\kaggle\Normal\Normal- (223).jpg,Normal,Normal- (223)
data\raw\kaggle\Normal\Normal- (2346).jpg,Normal,Normal- (2346)
data\raw\kaggle\Normal\Normal- (1775).jpg,Normal,Normal- (1775)
data\raw\kaggle\Normal\Normal- (3135).jpg,Normal,Normal- (3135)
data\raw\kaggle\Normal\Normal- (2820).jpg,Normal,Normal- (2820)
data\raw\kaggle\Normal\Normal- (1474).jpg,Normal,Normal- (1474)
data\raw\kaggle\Normal\Normal- (1588).jpg,Normal,Normal- (1588)
data\raw\kaggle\Normal\Normal- (3056).jpg,Normal,Normal- (3056)
data\raw\kaggle\Normal\Normal- (2456).jpg,Normal,Normal- (2456)
data\raw\kaggle\Normal\Normal- (3800).jpg,Normal,Normal- (3800)
data\raw\kaggle\Normal\Normal- (4544).jpg,Normal,Normal- (4544)
data\raw\kaggle\Normal\Normal- (4445).jpg,Normal,Normal- (4445)
data\raw\kaggle\Normal\Normal- (218).jpg,Normal,Normal- (218)
data\raw\kaggle\Normal\Normal- (2256).jpg,Normal,Normal- (2256)
data\raw\kaggle\Normal\Normal- (2435).jpg,Normal,Normal- (2435)
data\raw\kaggle\Normal\Normal- (2651).jpg,Normal,Normal- (2651)
data\raw\kaggle\Normal\Normal- (652).jpg,Normal,Normal- (652)
data\raw\kaggle\Normal\Normal- (4143).jpg,Normal,Normal- (4143)
data\raw\kaggle\Normal\Normal- (279).jpg,Normal,Normal- (279)
data\raw\kaggle\Normal\Normal- (4335).jpg,Normal,Normal- (4335)
data\raw\kaggle\Normal\Normal- (1400).jpg,Normal,Normal- (1400)
data\raw\kaggle\Normal\Normal- (4031).jpg,Normal,Normal- (4031)
data\raw\kaggle\Normal\Normal- (4469).jpg,Normal,Normal- (4469)
data\raw\kaggle\Normal\Normal- (4161).jpg,Normal,Normal- (4161)
data\raw\kaggle\Normal\Normal- (1559).jpg,Normal,Normal- (1559)
data\raw\kaggle\Normal\Normal- (4720).jpg,Normal,Normal- (4720)
data\raw\kaggle\Normal\Normal- (4121).jpg,Normal,Normal- (4121)
data\raw\kaggle\Normal\Normal- (4142).jpg,Normal,Normal- (4142)
data\raw\kaggle\Normal\Normal- (2645).jpg,Normal,Normal- (2645)
data\raw\kaggle\Normal\Normal- (121).jpg,Normal,Normal- (121)
data\raw\kaggle\Normal\Normal- (2362).jpg,Normal,Normal- (2362)
data\raw\kaggle\Normal\Normal- (2849).jpg,Normal,Normal- (2849)
data\raw\kaggle\Normal\Normal- (4639).jpg,Normal,Normal- (4639)
data\raw\kaggle\Normal\Normal- (4273).jpg,Normal,Normal- (4273)
data\raw\kaggle\Normal\Normal- (3030).jpg,Normal,Normal- (3030)
data\raw\kaggle\Normal\Normal- (3353).jpg,Normal,Normal- (3353)
data\raw\kaggle\Normal\Normal- (3466).jpg,Normal,Normal- (3466)
data\raw\kaggle\Normal\Normal- (1291).jpg,Normal,Normal- (1291)
data\raw\kaggle\Normal\Normal- (3199).jpg,Normal,Normal- (3199)
data\raw\kaggle\Normal\Normal- (3310).jpg,Normal,Normal- (3310)
data\raw\kaggle\Normal\Normal- (1591).jpg,Normal,Normal- (1591)
data\raw\kaggle\Normal\Normal- (3927).jpg,Normal,Normal- (3927)
data\raw\kaggle\Normal\Normal- (2002).jpg,Normal,Normal- (2002)
data\raw\kaggle\Normal\Normal- (4793).jpg,Normal,Normal- (4793)
data\raw\kaggle\Normal\Normal- (2891).jpg,Normal,Normal- (2891)
data\raw\kaggle\Normal\Normal- (1167).jpg,Normal,Normal- (1167)
data\raw\kaggle\Normal\Normal- (4030).jpg,Normal,Normal- (4030)
data\raw\kaggle\Normal\Normal- (3317).jpg,Normal,Normal- (3317)
data\raw\kaggle\Normal\Normal- (3369).jpg,Normal,Normal- (3369)
data\raw\kaggle\Normal\Normal- (1987).jpg,Normal,Normal- (1987)
data\raw\kaggle\Normal\Normal- (1760).jpg,Normal,Normal- (1760)
data\raw\kaggle\Normal\Normal- (1773).jpg,Normal,Normal- (1773)
data\raw\kaggle\Normal\Normal- (3846).jpg,Normal,Normal- (3846)
data\raw\kaggle\Normal\Normal- (1111).jpg,Normal,Normal- (1111)
data\raw\kaggle\Normal\Normal- (2830).jpg,Normal,Normal- (2830)
data\raw\kaggle\Normal\Normal- (20).jpg,Normal,Normal- (20)
data\raw\kaggle\Normal\Normal- (1374).jpg,Normal,Normal- (1374)
data\raw\kaggle\Normal\Normal- (4458).jpg,Normal,Normal- (4458)
data\raw\kaggle\Normal\Normal- (442).jpg,Normal,Normal- (442)
data\raw\kaggle\Normal\Normal- (867).jpg,Normal,Normal- (867)
data\raw\kaggle\Normal\Normal- (282).jpg,Normal,Normal- (282)
data\raw\kaggle\Normal\Normal- (4203).jpg,Normal,Normal- (4203)
data\raw\kaggle\Normal\Normal- (4761).jpg,Normal,Normal- (4761)
data\raw\kaggle\Normal\Normal- (4128).jpg,Normal,Normal- (4128)
data\raw\kaggle\Normal\Normal- (1274).jpg,Normal,Normal- (1274)
data\raw\kaggle\Normal\Normal- (411).jpg,Normal,Normal- (411)
data\raw\kaggle\Normal\Normal- (1180).jpg,Normal,Normal- (1180)
data\raw\kaggle\Normal\Normal- (3869).jpg,Normal,Normal- (3869)
data\raw\kaggle\Normal\Normal- (2678).jpg,Normal,Normal- (2678)
data\raw\kaggle\Normal\Normal- (4560).jpg,Normal,Normal- (4560)
data\raw\kaggle\Normal\Normal- (1199).jpg,Normal,Normal- (1199)
data\raw\kaggle\Normal\Normal- (4679).jpg,Normal,Normal- (4679)
data\raw\kaggle\Normal\Normal- (4656).jpg,Normal,Normal- (4656)
data\raw\kaggle\Normal\Normal- (2316).jpg,Normal,Normal- (2316)
data\raw\kaggle\Normal\Normal- (4404).jpg,Normal,Normal- (4404)
data\raw\kaggle\Normal\Normal- (4644).jpg,Normal,Normal- (4644)
data\raw\kaggle\Normal\Normal- (439).jpg,Normal,Normal- (439)
data\raw\kaggle\Normal\Normal- (3141).jpg,Normal,Normal- (3141)
data\raw\kaggle\Normal\Normal- (4815).jpg,Normal,Normal- (4815)
data\raw\kaggle\Normal\Normal- (3233).jpg,Normal,Normal- (3233)
data\raw\kaggle\Normal\Normal- (4368).jpg,Normal,Normal- (4368)
data\raw\kaggle\Normal\Normal- (864).jpg,Normal,Normal- (864)
data\raw\kaggle\Normal\Normal- (2801).jpg,Normal,Normal- (2801)
data\raw\kaggle\Normal\Normal- (4387).jpg,Normal,Normal- (4387)
data\raw\kaggle\Normal\Normal- (3398).jpg,Normal,Normal- (3398)
data\raw\kaggle\Normal\Normal- (269).jpg,Normal,Normal- (269)
data\raw\kaggle\Normal\Normal- (336).jpg,Normal,Normal- (336)
data\raw\kaggle\Normal\Normal- (3185).jpg,Normal,Normal- (3185)
data\raw\kaggle\Normal\Normal- (4294).jpg,Normal,Normal- (4294)
data\raw\kaggle\Normal\Normal- (2).jpg,Normal,Normal- (2)
data\raw\kaggle\Normal\Normal- (2145).jpg,Normal,Normal- (2145)
data\raw\kaggle\Normal\Normal- (3656).jpg,Normal,Normal- (3656)
data\raw\kaggle\Normal\Normal- (2912).jpg,Normal,Normal- (2912)
data\raw\kaggle\Normal\Normal- (4291).jpg,Normal,Normal- (4291)
data\raw\kaggle\Normal\Normal- (4127).jpg,Normal,Normal- (4127)
data\raw\kaggle\Normal\Normal- (376).jpg,Normal,Normal- (376)
data\raw\kaggle\Normal\Normal- (2655).jpg,Normal,Normal- (2655)
data\raw\kaggle\Normal\Normal- (3345).jpg,Normal,Normal- (3345)
data\raw\kaggle\Normal\Normal- (2216).jpg,Normal,Normal- (2216)
data\raw\kaggle\Normal\Normal- (4476).jpg,Normal,Normal- (4476)
data\raw\kaggle\Normal\Normal- (2443).jpg,Normal,Normal- (2443)
data\raw\kaggle\Normal\Normal- (4724).jpg,Normal,Normal- (4724)
data\raw\kaggle\Normal\Normal- (1211).jpg,Normal,Normal- (1211)
data\raw\kaggle\Normal\Normal- (4371).jpg,Normal,Normal- (4371)
data\raw\kaggle\Normal\Normal- (171).jpg,Normal,Normal- (171)
data\raw\kaggle\Normal\Normal- (1112).jpg,Normal,Normal- (1112)
data\raw\kaggle\Normal\Normal- (763).jpg,Normal,Normal- (763)
data\raw\kaggle\Normal\Normal- (4940).jpg,Normal,Normal- (4940)
data\raw\kaggle\Normal\Normal- (3229).jpg,Normal,Normal- (3229)
data\raw\kaggle\Normal\Normal- (3999).jpg,Normal,Normal- (3999)
data\raw\kaggle\Normal\Normal- (2289).jpg,Normal,Normal- (2289)
data\raw\kaggle\Normal\Normal- (3519).jpg,Normal,Normal- (3519)
data\raw\kaggle\Normal\Normal- (4471).jpg,Normal,Normal- (4471)
data\raw\kaggle\Normal\Normal- (174).jpg,Normal,Normal- (174)
data\raw\kaggle\Normal\Normal- (2924).jpg,Normal,Normal- (2924)
data\raw\kaggle\Normal\Normal- (29).jpg,Normal,Normal- (29)
data\raw\kaggle\Normal\Normal- (2129).jpg,Normal,Normal- (2129)
data\raw\kaggle\Normal\Normal- (1817).jpg,Normal,Normal- (1817)
data\raw\kaggle\Normal\Normal- (787).jpg,Normal,Normal- (787)
data\raw\kaggle\Normal\Normal- (1008).jpg,Normal,Normal- (1008)
data\raw\kaggle\Normal\Normal- (2297).jpg,Normal,Normal- (2297)
data\raw\kaggle\Normal\Normal- (1050).jpg,Normal,Normal- (1050)
data\raw\kaggle\Normal\Normal- (4536).jpg,Normal,Normal- (4536)
data\raw\kaggle\Normal\Normal- (594).jpg,Normal,Normal- (594)
data\raw\kaggle\Normal\Normal- (4034).jpg,Normal,Normal- (4034)
data\raw\kaggle\Normal\Normal- (3992).jpg,Normal,Normal- (3992)
data\raw\kaggle\Normal\Normal- (1186).jpg,Normal,Normal- (1186)
data\raw\kaggle\Normal\Normal- (2108).jpg,Normal,Normal- (2108)
data\raw\kaggle\Normal\Normal- (1468).jpg,Normal,Normal- (1468)
data\raw\kaggle\Normal\Normal- (4972).jpg,Normal,Normal- (4972)
data\raw\kaggle\Normal\Normal- (4794).jpg,Normal,Normal- (4794)
data\raw\kaggle\Normal\Normal- (37).jpg,Normal,Normal- (37)
data\raw\kaggle\Normal\Normal- (2107).jpg,Normal,Normal- (2107)
data\raw\kaggle\Normal\Normal- (2726).jpg,Normal,Normal- (2726)
data\raw\kaggle\Normal\Normal- (1046).jpg,Normal,Normal- (1046)
data\raw\kaggle\Normal\Normal- (2105).jpg,Normal,Normal- (2105)
data\raw\kaggle\Normal\Normal- (1487).jpg,Normal,Normal- (1487)
data\raw\kaggle\Normal\Normal- (4883).jpg,Normal,Normal- (4883)
data\raw\kaggle\Normal\Normal- (3694).jpg,Normal,Normal- (3694)
data\raw\kaggle\Normal\Normal- (661).jpg,Normal,Normal- (661)
data\raw\kaggle\Normal\Normal- (2804).jpg,Normal,Normal- (2804)
data\raw\kaggle\Normal\Normal- (4524).jpg,Normal,Normal- (4524)
data\raw\kaggle\Normal\Normal- (3934).jpg,Normal,Normal- (3934)
data\raw\kaggle\Normal\Normal- (4367).jpg,Normal,Normal- (4367)
data\raw\kaggle\Normal\Normal- (1920).jpg,Normal,Normal- (1920)
data\raw\kaggle\Normal\Normal- (2389).jpg,Normal,Normal- (2389)
data\raw\kaggle\Normal\Normal- (2470).jpg,Normal,Normal- (2470)
data\raw\kaggle\Normal\Normal- (3570).jpg,Normal,Normal- (3570)
data\raw\kaggle\Normal\Normal- (3877).jpg,Normal,Normal- (3877)
data\raw\kaggle\Normal\Normal- (3344).jpg,Normal,Normal- (3344)
data\raw\kaggle\Normal\Normal- (945).jpg,Normal,Normal- (945)
data\raw\kaggle\Normal\Normal- (207).jpg,Normal,Normal- (207)
data\raw\kaggle\Normal\Normal- (695).jpg,Normal,Normal- (695)
data\raw\kaggle\Normal\Normal- (3648).jpg,Normal,Normal- (3648)
data\raw\kaggle\Normal\Normal- (888).jpg,Normal,Normal- (888)
data\raw\kaggle\Normal\Normal- (1127).jpg,Normal,Normal- (1127)
data\raw\kaggle\Normal\Normal- (1663).jpg,Normal,Normal- (1663)
data\raw\kaggle\Normal\Normal- (4323).jpg,Normal,Normal- (4323)
data\raw\kaggle\Normal\Normal- (2163).jpg,Normal,Normal- (2163)
data\raw\kaggle\Normal\Normal- (4705).jpg,Normal,Normal- (4705)
data\raw\kaggle\Normal\Normal- (1472).jpg,Normal,Normal- (1472)
data\raw\kaggle\Normal\Normal- (519).jpg,Normal,Normal- (519)
data\raw\kaggle\Normal\Normal- (1064).jpg,Normal,Normal- (1064)
data\raw\kaggle\Normal\Normal- (3562).jpg,Normal,Normal- (3562)
data\raw\kaggle\Normal\Normal- (2308).jpg,Normal,Normal- (2308)
data\raw\kaggle\Normal\Normal- (3908).jpg,Normal,Normal- (3908)
data\raw\kaggle\Normal\Normal- (4624).jpg,Normal,Normal- (4624)
data\raw\kaggle\Normal\Normal- (1492).jpg,Normal,Normal- (1492)
data\raw\kaggle\Normal\Normal- (3091).jpg,Normal,Normal- (3091)
data\raw\kaggle\Normal\Normal- (2617).jpg,Normal,Normal- (2617)
data\raw\kaggle\Normal\Normal- (1809).jpg,Normal,Normal- (1809)
data\raw\kaggle\Normal\Normal- (3944).jpg,Normal,Normal- (3944)
data\raw\kaggle\Normal\Normal- (2607).jpg,Normal,Normal- (2607)
data\raw\kaggle\Normal\Normal- (4011).jpg,Normal,Normal- (4011)
data\raw\kaggle\Normal\Normal- (2689).jpg,Normal,Normal- (2689)
data\raw\kaggle\Normal\Normal- (837).jpg,Normal,Normal- (837)
data\raw\kaggle\Normal\Normal- (2172).jpg,Normal,Normal- (2172)
data\raw\kaggle\Normal\Normal- (4775).jpg,Normal,Normal- (4775)
data\raw\kaggle\Normal\Normal- (3262).jpg,Normal,Normal- (3262)
data\raw\kaggle\Normal\Normal- (2867).jpg,Normal,Normal- (2867)
data\raw\kaggle\Normal\Normal- (1780).jpg,Normal,Normal- (1780)
data\raw\kaggle\Normal\Normal- (4428).jpg,Normal,Normal- (4428)
data\raw\kaggle\Normal\Normal- (481).jpg,Normal,Normal- (481)
data\raw\kaggle\Normal\Normal- (2693).jpg,Normal,Normal- (2693)
data\raw\kaggle\Normal\Normal- (4605).jpg,Normal,Normal- (4605)
data\raw\kaggle\Normal\Normal- (1710).jpg,Normal,Normal- (1710)
data\raw\kaggle\Normal\Normal- (2735).jpg,Normal,Normal- (2735)
data\raw\kaggle\Normal\Normal- (3626).jpg,Normal,Normal- (3626)
data\raw\kaggle\Normal\Normal- (2268).jpg,Normal,Normal- (2268)
data\raw\kaggle\Normal\Normal- (3121).jpg,Normal,Normal- (3121)
data\raw\kaggle\Normal\Normal- (3207).jpg,Normal,Normal- (3207)
data\raw\kaggle\Normal\Normal- (2244).jpg,Normal,Normal- (2244)
data\raw\kaggle\Normal\Normal- (4942).jpg,Normal,Normal- (4942)
data\raw\kaggle\Normal\Normal- (4123).jpg,Normal,Normal- (4123)
data\raw\kaggle\Normal\Normal- (4071).jpg,Normal,Normal- (4071)
data\raw\kaggle\Normal\Normal- (4315).jpg,Normal,Normal- (4315)
data\raw\kaggle\Normal\Normal- (1615).jpg,Normal,Normal- (1615)
data\raw\kaggle\Normal\Normal- (1077).jpg,Normal,Normal- (1077)
data\raw\kaggle\Normal\Normal- (805).jpg,Normal,Normal- (805)
data\raw\kaggle\Normal\Normal- (761).jpg,Normal,Normal- (761)
data\raw\kaggle\Normal\Normal- (277).jpg,Normal,Normal- (277)
data\raw\kaggle\Normal\Normal- (2781).jpg,Normal,Normal- (2781)
data\raw\kaggle\Normal\Normal- (4196).jpg,Normal,Normal- (4196)
data\raw\kaggle\Normal\Normal- (483).jpg,Normal,Normal- (483)
data\raw\kaggle\Normal\Normal- (2877).jpg,Normal,Normal- (2877)
data\raw\kaggle\Normal\Normal- (939).jpg,Normal,Normal- (939)
data\raw\kaggle\Normal\Normal- (1993).jpg,Normal,Normal- (1993)
data\raw\kaggle\Normal\Normal- (2876).jpg,Normal,Normal- (2876)
data\raw\kaggle\Normal\Normal- (2629).jpg,Normal,Normal- (2629)
data\raw\kaggle\Normal\Normal- (2754).jpg,Normal,Normal- (2754)
data\raw\kaggle\Normal\Normal- (24).jpg,Normal,Normal- (24)
data\raw\kaggle\Normal\Normal- (3991).jpg,Normal,Normal- (3991)
data\raw\kaggle\Normal\Normal- (1345).jpg,Normal,Normal- (1345)
data\raw\kaggle\Normal\Normal- (1000).jpg,Normal,Normal- (1000)
data\raw\kaggle\Normal\Normal- (434).jpg,Normal,Normal- (434)
data\raw\kaggle\Normal\Normal- (2769).jpg,Normal,Normal- (2769)
data\raw\kaggle\Normal\Normal- (1229).jpg,Normal,Normal- (1229)
data\raw\kaggle\Normal\Normal- (815).jpg,Normal,Normal- (815)
data\raw\kaggle\Normal\Normal- (1).jpg,Normal,Normal- (1)
data\raw\kaggle\Normal\Normal- (3471).jpg,Normal,Normal- (3471)
data\raw\kaggle\Normal\Normal- (3964).jpg,Normal,Normal- (3964)
data\raw\kaggle\Normal\Normal- (4208).jpg,Normal,Normal- (4208)
data\raw\kaggle\Normal\Normal- (576).jpg,Normal,Normal- (576)
data\raw\kaggle\Normal\Normal- (4107).jpg,Normal,Normal- (4107)
data\raw\kaggle\Normal\Normal- (3461).jpg,Normal,Normal- (3461)
data\raw\kaggle\Normal\Normal- (3904).jpg,Normal,Normal- (3904)
data\raw\kaggle\Normal\Normal- (1945).jpg,Normal,Normal- (1945)
data\raw\kaggle\Normal\Normal- (4526).jpg,Normal,Normal- (4526)
data\raw\kaggle\Normal\Normal- (1827).jpg,Normal,Normal- (1827)
data\raw\kaggle\Normal\Normal- (2183).jpg,Normal,Normal- (2183)
data\raw\kaggle\Normal\Normal- (4869).jpg,Normal,Normal- (4869)
data\raw\kaggle\Normal\Normal- (2995).jpg,Normal,Normal- (2995)
data\raw\kaggle\Normal\Normal- (4457).jpg,Normal,Normal- (4457)
data\raw\kaggle\Normal\Normal- (4264).jpg,Normal,Normal- (4264)
data\raw\kaggle\Normal\Normal- (4672).jpg,Normal,Normal- (4672)
data\raw\kaggle\Normal\Normal- (4897).jpg,Normal,Normal- (4897)
data\raw\kaggle\Normal\Normal- (2711).jpg,Normal,Normal- (2711)
data\raw\kaggle\Normal\Normal- (3857).jpg,Normal,Normal- (3857)
data\raw\kaggle\Normal\Normal- (3979).jpg,Normal,Normal- (3979)
data\raw\kaggle\Normal\Normal- (2643).jpg,Normal,Normal- (2643)
data\raw\kaggle\Normal\Normal- (1737).jpg,Normal,Normal- (1737)
data\raw\kaggle\Normal\Normal- (4372).jpg,Normal,Normal- (4372)
data\raw\kaggle\Normal\Normal- (1515).jpg,Normal,Normal- (1515)
data\raw\kaggle\Normal\Normal- (4236).jpg,Normal,Normal- (4236)
data\raw\kaggle\Normal\Normal- (4835).jpg,Normal,Normal- (4835)
data\raw\kaggle\Normal\Normal- (1787).jpg,Normal,Normal- (1787)
data\raw\kaggle\Normal\Normal- (1035).jpg,Normal,Normal- (1035)
data\raw\kaggle\Normal\Normal- (2312).jpg,Normal,Normal- (2312)
data\raw\kaggle\Normal\Normal- (4088).jpg,Normal,Normal- (4088)
data\raw\kaggle\Normal\Normal- (2420).jpg,Normal,Normal- (2420)
data\raw\kaggle\Normal\Normal- (3842).jpg,Normal,Normal- (3842)
data\raw\kaggle\Normal\Normal- (2946).jpg,Normal,Normal- (2946)
data\raw\kaggle\Normal\Normal- (729).jpg,Normal,Normal- (729)
data\raw\kaggle\Normal\Normal- (83).jpg,Normal,Normal- (83)
data\raw\kaggle\Normal\Normal- (3577).jpg,Normal,Normal- (3577)
data\raw\kaggle\Normal\Normal- (3269).jpg,Normal,Normal- (3269)
data\raw\kaggle\Normal\Normal- (3307).jpg,Normal,Normal- (3307)
data\raw\kaggle\Normal\Normal- (2095).jpg,Normal,Normal- (2095)
data\raw\kaggle\Normal\Normal- (4814).jpg,Normal,Normal- (4814)
data\raw\kaggle\Normal\Normal- (1323).jpg,Normal,Normal- (1323)
data\raw\kaggle\Normal\Normal- (3129).jpg,Normal,Normal- (3129)
data\raw\kaggle\Normal\Normal- (4927).jpg,Normal,Normal- (4927)
data\raw\kaggle\Normal\Normal- (1691).jpg,Normal,Normal- (1691)
data\raw\kaggle\Normal\Normal- (5015).jpg,Normal,Normal- (5015)
data\raw\kaggle\Normal\Normal- (4790).jpg,Normal,Normal- (4790)
data\raw\kaggle\Normal\Normal- (359).jpg,Normal,Normal- (359)
data\raw\kaggle\Normal\Normal- (3805).jpg,Normal,Normal- (3805)
data\raw\kaggle\Normal\Normal- (2985).jpg,Normal,Normal- (2985)
data\raw\kaggle\Normal\Normal- (1634).jpg,Normal,Normal- (1634)
data\raw\kaggle\Normal\Normal- (4177).jpg,Normal,Normal- (4177)
data\raw\kaggle\Normal\Normal- (3202).jpg,Normal,Normal- (3202)
data\raw\kaggle\Normal\Normal- (3259).jpg,Normal,Normal- (3259)
data\raw\kaggle\Normal\Normal- (1003).jpg,Normal,Normal- (1003)
data\raw\kaggle\Normal\Normal- (5006).jpg,Normal,Normal- (5006)
data\raw\kaggle\Normal\Normal- (274).jpg,Normal,Normal- (274)
data\raw\kaggle\Normal\Normal- (2543).jpg,Normal,Normal- (2543)
data\raw\kaggle\Normal\Normal- (3709).jpg,Normal,Normal- (3709)
data\raw\kaggle\Normal\Normal- (4574).jpg,Normal,Normal- (4574)
data\raw\kaggle\Normal\Normal- (4523).jpg,Normal,Normal- (4523)
data\raw\kaggle\Normal\Normal- (389).jpg,Normal,Normal- (389)
data\raw\kaggle\Normal\Normal- (4806).jpg,Normal,Normal- (4806)
data\raw\kaggle\Normal\Normal- (782).jpg,Normal,Normal- (782)
data\raw\kaggle\Normal\Normal- (4312).jpg,Normal,Normal- (4312)
data\raw\kaggle\Normal\Normal- (4789).jpg,Normal,Normal- (4789)
data\raw\kaggle\Normal\Normal- (1433).jpg,Normal,Normal- (1433)
data\raw\kaggle\Normal\Normal- (4613).jpg,Normal,Normal- (4613)
data\raw\kaggle\Normal\Normal- (584).jpg,Normal,Normal- (584)
data\raw\kaggle\Normal\Normal- (554).jpg,Normal,Normal- (554)
data\raw\kaggle\Normal\Normal- (3151).jpg,Normal,Normal- (3151)
data\raw\kaggle\Normal\Normal- (1375).jpg,Normal,Normal- (1375)
data\raw\kaggle\Normal\Normal- (2262).jpg,Normal,Normal- (2262)
data\raw\kaggle\Normal\Normal- (3118).jpg,Normal,Normal- (3118)
data\raw\kaggle\Normal\Normal- (644).jpg,Normal,Normal- (644)
data\raw\kaggle\Normal\Normal- (2246).jpg,Normal,Normal- (2246)
data\raw\kaggle\Normal\Normal- (474).jpg,Normal,Normal- (474)
data\raw\kaggle\Normal\Normal- (2407).jpg,Normal,Normal- (2407)
data\raw\kaggle\Normal\Normal- (1033).jpg,Normal,Normal- (1033)
data\raw\kaggle\Normal\Normal- (4811).jpg,Normal,Normal- (4811)
data\raw\kaggle\Normal\Normal- (4234).jpg,Normal,Normal- (4234)
data\raw\kaggle\Normal\Normal- (1685).jpg,Normal,Normal- (1685)
data\raw\kaggle\Normal\Normal- (977).jpg,Normal,Normal- (977)
data\raw\kaggle\Normal\Normal- (1555).jpg,Normal,Normal- (1555)
data\raw\kaggle\Normal\Normal- (1599).jpg,Normal,Normal- (1599)
data\raw\kaggle\Normal\Normal- (756).jpg,Normal,Normal- (756)
data\raw\kaggle\Normal\Normal- (1708).jpg,Normal,Normal- (1708)
data\raw\kaggle\Normal\Normal- (2058).jpg,Normal,Normal- (2058)
data\raw\kaggle\Normal\Normal- (2904).jpg,Normal,Normal- (2904)
data\raw\kaggle\Normal\Normal- (1442).jpg,Normal,Normal- (1442)
data\raw\kaggle\Normal\Normal- (3614).jpg,Normal,Normal- (3614)
data\raw\kaggle\Normal\Normal- (1748).jpg,Normal,Normal- (1748)
data\raw\kaggle\Normal\Normal- (642).jpg,Normal,Normal- (642)
data\raw\kaggle\Normal\Normal- (632).jpg,Normal,Normal- (632)
data\raw\kaggle\Normal\Normal- (3062).jpg,Normal,Normal- (3062)
data\raw\kaggle\Normal\Normal- (1854).jpg,Normal,Normal- (1854)
data\raw\kaggle\Normal\Normal- (4145).jpg,Normal,Normal- (4145)
data\raw\kaggle\Normal\Normal- (2409).jpg,Normal,Normal- (2409)
data\raw\kaggle\Normal\Normal- (3841).jpg,Normal,Normal- (3841)
data\raw\kaggle\Normal\Normal- (4629).jpg,Normal,Normal- (4629)
data\raw\kaggle\Normal\Normal- (4796).jpg,Normal,Normal- (4796)
data\raw\kaggle\Normal\Normal- (3682).jpg,Normal,Normal- (3682)
data\raw\kaggle\Normal\Normal- (733).jpg,Normal,Normal- (733)
data\raw\kaggle\Normal\Normal- (2341).jpg,Normal,Normal- (2341)
data\raw\kaggle\Normal\Normal- (3024).jpg,Normal,Normal- (3024)
data\raw\kaggle\Normal\Normal- (4850).jpg,Normal,Normal- (4850)
data\raw\kaggle\Normal\Normal- (235).jpg,Normal,Normal- (235)
data\raw\kaggle\Normal\Normal- (808).jpg,Normal,Normal- (808)
data\raw\kaggle\Normal\Normal- (1311).jpg,Normal,Normal- (1311)
data\raw\kaggle\Normal\Normal- (2317).jpg,Normal,Normal- (2317)
data\raw\kaggle\Normal\Normal- (3600).jpg,Normal,Normal- (3600)
data\raw\kaggle\Normal\Normal- (4405).jpg,Normal,Normal- (4405)
data\raw\kaggle\Normal\Normal- (4477).jpg,Normal,Normal- (4477)
data\raw\kaggle\Normal\Normal- (1521).jpg,Normal,Normal- (1521)
data\raw\kaggle\Normal\Normal- (4453).jpg,Normal,Normal- (4453)
data\raw\kaggle\Normal\Normal- (3859).jpg,Normal,Normal- (3859)
data\raw\kaggle\Normal\Normal- (2198).jpg,Normal,Normal- (2198)
data\raw\kaggle\Normal\Normal- (1845).jpg,Normal,Normal- (1845)
data\raw\kaggle\Normal\Normal- (1937).jpg,Normal,Normal- (1937)
data\raw\kaggle\Normal\Normal- (4339).jpg,Normal,Normal- (4339)
data\raw\kaggle\Normal\Normal- (3076).jpg,Normal,Normal- (3076)
data\raw\kaggle\Normal\Normal- (2562).jpg,Normal,Normal- (2562)
data\raw\kaggle\Normal\Normal- (1261).jpg,Normal,Normal- (1261)
data\raw\kaggle\Normal\Normal- (887).jpg,Normal,Normal- (887)
data\raw\kaggle\Normal\Normal- (2319).jpg,Normal,Normal- (2319)
data\raw\kaggle\Normal\Normal- (3422).jpg,Normal,Normal- (3422)
data\raw\kaggle\Normal\Normal- (3069).jpg,Normal,Normal- (3069)
data\raw\kaggle\Normal\Normal- (587).jpg,Normal,Normal- (587)
data\raw\kaggle\Normal\Normal- (4755).jpg,Normal,Normal- (4755)
data\raw\kaggle\Normal\Normal- (1991).jpg,Normal,Normal- (1991)
data\raw\kaggle\Normal\Normal- (113).jpg,Normal,Normal- (113)
data\raw\kaggle\Normal\Normal- (4109).jpg,Normal,Normal- (4109)
data\raw\kaggle\Normal\Normal- (4838).jpg,Normal,Normal- (4838)
data\raw\kaggle\Normal\Normal- (3134).jpg,Normal,Normal- (3134)
data\raw\kaggle\Normal\Normal- (3968).jpg,Normal,Normal- (3968)
data\raw\kaggle\Normal\Normal- (1545).jpg,Normal,Normal- (1545)
data\raw\kaggle\Normal\Normal- (2532).jpg,Normal,Normal- (2532)
data\raw\kaggle\Normal\Normal- (666).jpg,Normal,Normal- (666)
data\raw\kaggle\Normal\Normal- (1095).jpg,Normal,Normal- (1095)
data\raw\kaggle\Normal\Normal- (4286).jpg,Normal,Normal- (4286)
data\raw\kaggle\Normal\Normal- (2421).jpg,Normal,Normal- (2421)
data\raw\kaggle\Normal\Normal- (1190).jpg,Normal,Normal- (1190)
data\raw\kaggle\Normal\Normal- (1114).jpg,Normal,Normal- (1114)
data\raw\kaggle\Normal\Normal- (4654).jpg,Normal,Normal- (4654)
data\raw\kaggle\Normal\Normal- (1677).jpg,Normal,Normal- (1677)
data\raw\kaggle\Normal\Normal- (3142).jpg,Normal,Normal- (3142)
data\raw\kaggle\Normal\Normal- (319).jpg,Normal,Normal- (319)
data\raw\kaggle\Normal\Normal- (1416).jpg,Normal,Normal- (1416)
data\raw\kaggle\Normal\Normal- (1141).jpg,Normal,Normal- (1141)
data\raw\kaggle\Normal\Normal- (1302).jpg,Normal,Normal- (1302)
data\raw\kaggle\Normal\Normal- (228).jpg,Normal,Normal- (228)
data\raw\kaggle\Normal\Normal- (4938).jpg,Normal,Normal- (4938)
data\raw\kaggle\Normal\Normal- (2997).jpg,Normal,Normal- (2997)
data\raw\kaggle\Normal\Normal- (1564).jpg,Normal,Normal- (1564)
data\raw\kaggle\Normal\Normal- (138).jpg,Normal,Normal- (138)
data\raw\kaggle\Normal\Normal- (4841).jpg,Normal,Normal- (4841)
data\raw\kaggle\Normal\Normal- (2692).jpg,Normal,Normal- (2692)
data\raw\kaggle\Normal\Normal- (2778).jpg,Normal,Normal- (2778)
data\raw\kaggle\Normal\Normal- (3220).jpg,Normal,Normal- (3220)
data\raw\kaggle\Normal\Normal- (3590).jpg,Normal,Normal- (3590)
data\raw\kaggle\Normal\Normal- (1785).jpg,Normal,Normal- (1785)
data\raw\kaggle\Normal\Normal- (2478).jpg,Normal,Normal- (2478)
data\raw\kaggle\Normal\Normal- (2024).jpg,Normal,Normal- (2024)
data\raw\kaggle\Normal\Normal- (16).jpg,Normal,Normal- (16)
data\raw\kaggle\Normal\Normal- (1124).jpg,Normal,Normal- (1124)
data\raw\kaggle\Normal\Normal- (3165).jpg,Normal,Normal- (3165)
data\raw\kaggle\Normal\Normal- (2290).jpg,Normal,Normal- (2290)
data\raw\kaggle\Normal\Normal- (3681).jpg,Normal,Normal- (3681)
data\raw\kaggle\Normal\Normal- (2679).jpg,Normal,Normal- (2679)
data\raw\kaggle\Normal\Normal- (3445).jpg,Normal,Normal- (3445)
data\raw\kaggle\Normal\Normal- (3919).jpg,Normal,Normal- (3919)
data\raw\kaggle\Normal\Normal- (1801).jpg,Normal,Normal- (1801)
data\raw\kaggle\Normal\Normal- (4075).jpg,Normal,Normal- (4075)
data\raw\kaggle\Normal\Normal- (4307).jpg,Normal,Normal- (4307)
data\raw\kaggle\Normal\Normal- (2279).jpg,Normal,Normal- (2279)
data\raw\kaggle\Normal\Normal- (3293).jpg,Normal,Normal- (3293)
data\raw\kaggle\Normal\Normal- (3839).jpg,Normal,Normal- (3839)
data\raw\kaggle\Normal\Normal- (4076).jpg,Normal,Normal- (4076)
data\raw\kaggle\Normal\Normal- (3155).jpg,Normal,Normal- (3155)
data\raw\kaggle\Normal\Normal- (26).jpg,Normal,Normal- (26)
data\raw\kaggle\Normal\Normal- (1970).jpg,Normal,Normal- (1970)
data\raw\kaggle\Normal\Normal- (4746).jpg,Normal,Normal- (4746)
data\raw\kaggle\Normal\Normal- (4788).jpg,Normal,Normal- (4788)
data\raw\kaggle\Normal\Normal- (2939).jpg,Normal,Normal- (2939)
data\raw\kaggle\Normal\Normal- (827).jpg,Normal,Normal- (827)
data\raw\kaggle\Normal\Normal- (1761).jpg,Normal,Normal- (1761)
data\raw\kaggle\Normal\Normal- (3597).jpg,Normal,Normal- (3597)
data\raw\kaggle\Normal\Normal- (2915).jpg,Normal,Normal- (2915)
data\raw\kaggle\Normal\Normal- (4144).jpg,Normal,Normal- (4144)
data\raw\kaggle\Normal\Normal- (923).jpg,Normal,Normal- (923)
data\raw\kaggle\Normal\Normal- (2023).jpg,Normal,Normal- (2023)
data\raw\kaggle\Normal\Normal- (755).jpg,Normal,Normal- (755)
data\raw\kaggle\Normal\Normal- (186).jpg,Normal,Normal- (186)
data\raw\kaggle\Normal\Normal- (3373).jpg,Normal,Normal- (3373)
data\raw\kaggle\Normal\Normal- (2898).jpg,Normal,Normal- (2898)
data\raw\kaggle\Normal\Normal- (3098).jpg,Normal,Normal- (3098)
data\raw\kaggle\Normal\Normal- (1407).jpg,Normal,Normal- (1407)
data\raw\kaggle\Normal\Normal- (2344).jpg,Normal,Normal- (2344)
data\raw\kaggle\Normal\Normal- (2791).jpg,Normal,Normal- (2791)
data\raw\kaggle\Normal\Normal- (1973).jpg,Normal,Normal- (1973)
data\raw\kaggle\Normal\Normal- (2039).jpg,Normal,Normal- (2039)
data\raw\kaggle\Normal\Normal- (1530).jpg,Normal,Normal- (1530)
data\raw\kaggle\Normal\Normal- (3684).jpg,Normal,Normal- (3684)
data\raw\kaggle\Normal\Normal- (2536).jpg,Normal,Normal- (2536)
data\raw\kaggle\Normal\Normal- (2515).jpg,Normal,Normal- (2515)
data\raw\kaggle\Normal\Normal- (4137).jpg,Normal,Normal- (4137)
data\raw\kaggle\Normal\Normal- (329).jpg,Normal,Normal- (329)
data\raw\kaggle\Normal\Normal- (1983).jpg,Normal,Normal- (1983)
data\raw\kaggle\Normal\Normal- (3160).jpg,Normal,Normal- (3160)
data\raw\kaggle\Normal\Normal- (1055).jpg,Normal,Normal- (1055)
data\raw\kaggle\Normal\Normal- (3683).jpg,Normal,Normal- (3683)
data\raw\kaggle\Normal\Normal- (3685).jpg,Normal,Normal- (3685)
data\raw\kaggle\Normal\Normal- (3972).jpg,Normal,Normal- (3972)
data\raw\kaggle\Normal\Normal- (778).jpg,Normal,Normal- (778)
data\raw\kaggle\Normal\Normal- (2437).jpg,Normal,Normal- (2437)
data\raw\kaggle\Normal\Normal- (2251).jpg,Normal,Normal- (2251)
data\raw\kaggle\Normal\Normal- (2797).jpg,Normal,Normal- (2797)
data\raw\kaggle\Normal\Normal- (1460).jpg,Normal,Normal- (1460)
data\raw\kaggle\Normal\Normal- (800).jpg,Normal,Normal- (800)
data\raw\kaggle\Normal\Normal- (2619).jpg,Normal,Normal- (2619)
data\raw\kaggle\Normal\Normal- (4014).jpg,Normal,Normal- (4014)
data\raw\kaggle\Normal\Normal- (801).jpg,Normal,Normal- (801)
data\raw\kaggle\Normal\Normal- (4039).jpg,Normal,Normal- (4039)
data\raw\kaggle\Normal\Normal- (745).jpg,Normal,Normal- (745)
data\raw\kaggle\Normal\Normal- (3836).jpg,Normal,Normal- (3836)
data\raw\kaggle\Normal\Normal- (676).jpg,Normal,Normal- (676)
data\raw\kaggle\Normal\Normal- (4617).jpg,Normal,Normal- (4617)
data\raw\kaggle\Normal\Normal- (3638).jpg,Normal,Normal- (3638)
data\raw\kaggle\Normal\Normal- (4095).jpg,Normal,Normal- (4095)
data\raw\kaggle\Normal\Normal- (2186).jpg,Normal,Normal- (2186)
data\raw\kaggle\Normal\Normal- (4774).jpg,Normal,Normal- (4774)
data\raw\kaggle\Normal\Normal- (263).jpg,Normal,Normal- (263)
data\raw\kaggle\Normal\Normal- (1652).jpg,Normal,Normal- (1652)
data\raw\kaggle\Normal\Normal- (3243).jpg,Normal,Normal- (3243)
data\raw\kaggle\Normal\Normal- (2771).jpg,Normal,Normal- (2771)
data\raw\kaggle\Normal\Normal- (3351).jpg,Normal,Normal- (3351)
data\raw\kaggle\Normal\Normal- (3258).jpg,Normal,Normal- (3258)
data\raw\kaggle\Normal\Normal- (3654).jpg,Normal,Normal- (3654)
data\raw\kaggle\Normal\Normal- (3020).jpg,Normal,Normal- (3020)
data\raw\kaggle\Normal\Normal- (5017).jpg,Normal,Normal- (5017)
data\raw\kaggle\Normal\Normal- (657).jpg,Normal,Normal- (657)
data\raw\kaggle\Normal\Normal- (3300).jpg,Normal,Normal- (3300)
data\raw\kaggle\Normal\Normal- (4055).jpg,Normal,Normal- (4055)
data\raw\kaggle\Normal\Normal- (2302).jpg,Normal,Normal- (2302)
data\raw\kaggle\Normal\Normal- (3630).jpg,Normal,Normal- (3630)
data\raw\kaggle\Normal\Normal- (1316).jpg,Normal,Normal- (1316)
data\raw\kaggle\Normal\Normal- (3397).jpg,Normal,Normal- (3397)
data\raw\kaggle\Normal\Normal- (4729).jpg,Normal,Normal- (4729)
data\raw\kaggle\Normal\Normal- (3169).jpg,Normal,Normal- (3169)
data\raw\kaggle\Normal\Normal- (4813).jpg,Normal,Normal- (4813)
data\raw\kaggle\Normal\Normal- (1437).jpg,Normal,Normal- (1437)
data\raw\kaggle\Normal\Normal- (2497).jpg,Normal,Normal- (2497)
data\raw\kaggle\Normal\Normal- (134).jpg,Normal,Normal- (134)
data\raw\kaggle\Normal\Normal- (10).jpg,Normal,Normal- (10)
data\raw\kaggle\Normal\Normal- (730).jpg,Normal,Normal- (730)
data\raw\kaggle\Normal\Normal- (2249).jpg,Normal,Normal- (2249)
data\raw\kaggle\Normal\Normal- (2375).jpg,Normal,Normal- (2375)
data\raw\kaggle\Normal\Normal- (4750).jpg,Normal,Normal- (4750)
data\raw\kaggle\Normal\Normal- (2494).jpg,Normal,Normal- (2494)
data\raw\kaggle\Normal\Normal- (3126).jpg,Normal,Normal- (3126)
data\raw\kaggle\Normal\Normal- (911).jpg,Normal,Normal- (911)
data\raw\kaggle\Normal\Normal- (4082).jpg,Normal,Normal- (4082)
data\raw\kaggle\Normal\Normal- (1695).jpg,Normal,Normal- (1695)
data\raw\kaggle\Normal\Normal- (2203).jpg,Normal,Normal- (2203)
data\raw\kaggle\Normal\Normal- (3415).jpg,Normal,Normal- (3415)
data\raw\kaggle\Normal\Normal- (4872).jpg,Normal,Normal- (4872)
data\raw\kaggle\Normal\Normal- (2918).jpg,Normal,Normal- (2918)
data\raw\kaggle\Normal\Normal- (4531).jpg,Normal,Normal- (4531)
data\raw\kaggle\Normal\Normal- (222).jpg,Normal,Normal- (222)
data\raw\kaggle\Normal\Normal- (201).jpg,Normal,Normal- (201)
data\raw\kaggle\Normal\Normal- (1551).jpg,Normal,Normal- (1551)
data\raw\kaggle\Normal\Normal- (1829).jpg,Normal,Normal- (1829)
data\raw\kaggle\Normal\Normal- (4390).jpg,Normal,Normal- (4390)
data\raw\kaggle\Normal\Normal- (3501).jpg,Normal,Normal- (3501)
data\raw\kaggle\Normal\Normal- (665).jpg,Normal,Normal- (665)
data\raw\kaggle\Normal\Normal- (155).jpg,Normal,Normal- (155)
data\raw\kaggle\Normal\Normal- (1882).jpg,Normal,Normal- (1882)
data\raw\kaggle\Normal\Normal- (4939).jpg,Normal,Normal- (4939)
data\raw\kaggle\Normal\Normal- (689).jpg,Normal,Normal- (689)
data\raw\kaggle\Normal\Normal- (233).jpg,Normal,Normal- (233)
data\raw\kaggle\Normal\Normal- (4280).jpg,Normal,Normal- (4280)
data\raw\kaggle\Normal\Normal- (4058).jpg,Normal,Normal- (4058)
data\raw\kaggle\Normal\Normal- (3580).jpg,Normal,Normal- (3580)
data\raw\kaggle\Normal\Normal- (3911).jpg,Normal,Normal- (3911)
data\raw\kaggle\Normal\Normal- (3335).jpg,Normal,Normal- (3335)
data\raw\kaggle\Normal\Normal- (1101).jpg,Normal,Normal- (1101)
data\raw\kaggle\Normal\Normal- (3363).jpg,Normal,Normal- (3363)
data\raw\kaggle\Normal\Normal- (4570).jpg,Normal,Normal- (4570)
data\raw\kaggle\Normal\Normal- (368).jpg,Normal,Normal- (368)
data\raw\kaggle\Normal\Normal- (1938).jpg,Normal,Normal- (1938)
data\raw\kaggle\Normal\Normal- (1839).jpg,Normal,Normal- (1839)
data\raw\kaggle\Normal\Normal- (4894).jpg,Normal,Normal- (4894)
data\raw\kaggle\Normal\Normal- (3197).jpg,Normal,Normal- (3197)
data\raw\kaggle\Normal\Normal- (3505).jpg,Normal,Normal- (3505)
data\raw\kaggle\Normal\Normal- (3625).jpg,Normal,Normal- (3625)
data\raw\kaggle\Normal\Normal- (451).jpg,Normal,Normal- (451)
data\raw\kaggle\Normal\Normal- (2380).jpg,Normal,Normal- (2380)
data\raw\kaggle\Normal\Normal- (3314).jpg,Normal,Normal- (3314)
data\raw\kaggle\Normal\Normal- (2424).jpg,Normal,Normal- (2424)
data\raw\kaggle\Normal\Normal- (4726).jpg,Normal,Normal- (4726)
data\raw\kaggle\Normal\Normal- (58).jpg,Normal,Normal- (58)
data\raw\kaggle\Normal\Normal- (149).jpg,Normal,Normal- (149)
data\raw\kaggle\Normal\Normal- (2567).jpg,Normal,Normal- (2567)
data\raw\kaggle\Normal\Normal- (2589).jpg,Normal,Normal- (2589)
data\raw\kaggle\Normal\Normal- (624).jpg,Normal,Normal- (624)
data\raw\kaggle\Normal\Normal- (4150).jpg,Normal,Normal- (4150)
data\raw\kaggle\Normal\Normal- (4982).jpg,Normal,Normal- (4982)
data\raw\kaggle\Normal\Normal- (2857).jpg,Normal,Normal- (2857)
data\raw\kaggle\Normal\Normal- (1962).jpg,Normal,Normal- (1962)
data\raw\kaggle\Normal\Normal- (4338).jpg,Normal,Normal- (4338)
data\raw\kaggle\Normal\Normal- (298).jpg,Normal,Normal- (298)
data\raw\kaggle\Normal\Normal- (4804).jpg,Normal,Normal- (4804)
data\raw\kaggle\Normal\Normal- (2064).jpg,Normal,Normal- (2064)
data\raw\kaggle\Normal\Normal- (2510).jpg,Normal,Normal- (2510)
data\raw\kaggle\Normal\Normal- (5073).jpg,Normal,Normal- (5073)
data\raw\kaggle\Normal\Normal- (185).jpg,Normal,Normal- (185)
data\raw\kaggle\Normal\Normal- (905).jpg,Normal,Normal- (905)
data\raw\kaggle\Normal\Normal- (891).jpg,Normal,Normal- (891)
data\raw\kaggle\Normal\Normal- (2221).jpg,Normal,Normal- (2221)
data\raw\kaggle\Normal\Normal- (2228).jpg,Normal,Normal- (2228)
data\raw\kaggle\Normal\Normal- (5019).jpg,Normal,Normal- (5019)
data\raw\kaggle\Normal\Normal- (3063).jpg,Normal,Normal- (3063)
data\raw\kaggle\Normal\Normal- (3086).jpg,Normal,Normal- (3086)
data\raw\kaggle\Normal\Normal- (2502).jpg,Normal,Normal- (2502)
data\raw\kaggle\Normal\Normal- (1076).jpg,Normal,Normal- (1076)
data\raw\kaggle\Normal\Normal- (1250).jpg,Normal,Normal- (1250)
data\raw\kaggle\Normal\Normal- (1828).jpg,Normal,Normal- (1828)
data\raw\kaggle\Normal\Normal- (2861).jpg,Normal,Normal- (2861)
data\raw\kaggle\Normal\Normal- (976).jpg,Normal,Normal- (976)
data\raw\kaggle\Normal\Normal- (1578).jpg,Normal,Normal- (1578)
data\raw\kaggle\Normal\Normal- (3780).jpg,Normal,Normal- (3780)
data\raw\kaggle\Normal\Normal- (2240).jpg,Normal,Normal- (2240)
data\raw\kaggle\Normal\Normal- (4594).jpg,Normal,Normal- (4594)
data\raw\kaggle\Normal\Normal- (226).jpg,Normal,Normal- (226)
data\raw\kaggle\Normal\Normal- (4739).jpg,Normal,Normal- (4739)
data\raw\kaggle\Normal\Normal- (3433).jpg,Normal,Normal- (3433)
data\raw\kaggle\Normal\Normal- (4134).jpg,Normal,Normal- (4134)
data\raw\kaggle\Normal\Normal- (4019).jpg,Normal,Normal- (4019)
data\raw\kaggle\Normal\Normal- (1102).jpg,Normal,Normal- (1102)
data\raw\kaggle\Normal\Normal- (1216).jpg,Normal,Normal- (1216)
data\raw\kaggle\Normal\Normal- (2493).jpg,Normal,Normal- (2493)
data\raw\kaggle\Normal\Normal- (3306).jpg,Normal,Normal- (3306)
data\raw\kaggle\Normal\Normal- (769).jpg,Normal,Normal- (769)
data\raw\kaggle\Normal\Normal- (1730).jpg,Normal,Normal- (1730)
data\raw\kaggle\Normal\Normal- (1032).jpg,Normal,Normal- (1032)
data\raw\kaggle\Normal\Normal- (2616).jpg,Normal,Normal- (2616)
data\raw\kaggle\Normal\Normal- (2642).jpg,Normal,Normal- (2642)
data\raw\kaggle\Normal\Normal- (3309).jpg,Normal,Normal- (3309)
data\raw\kaggle\Normal\Normal- (1083).jpg,Normal,Normal- (1083)
data\raw\kaggle\Normal\Normal- (3119).jpg,Normal,Normal- (3119)
data\raw\kaggle\Normal\Normal- (4285).jpg,Normal,Normal- (4285)
data\raw\kaggle\Normal\Normal- (535).jpg,Normal,Normal- (535)
data\raw\kaggle\Normal\Normal- (1107).jpg,Normal,Normal- (1107)
data\raw\kaggle\Normal\Normal- (46).jpg,Normal,Normal- (46)
data\raw\kaggle\Normal\Normal- (3149).jpg,Normal,Normal- (3149)
data\raw\kaggle\Normal\Normal- (3403).jpg,Normal,Normal- (3403)
data\raw\kaggle\Normal\Normal- (401).jpg,Normal,Normal- (401)
data\raw\kaggle\Normal\Normal- (2225).jpg,Normal,Normal- (2225)
data\raw\kaggle\Normal\Normal- (878).jpg,Normal,Normal- (878)
data\raw\kaggle\Normal\Normal- (278).jpg,Normal,Normal- (278)
data\raw\kaggle\Normal\Normal- (2931).jpg,Normal,Normal- (2931)
data\raw\kaggle\Normal\Normal- (2586).jpg,Normal,Normal- (2586)
data\raw\kaggle\Normal\Normal- (3524).jpg,Normal,Normal- (3524)
data\raw\kaggle\Normal\Normal- (3748).jpg,Normal,Normal- (3748)
data\raw\kaggle\Normal\Normal- (2914).jpg,Normal,Normal- (2914)
data\raw\kaggle\Normal\Normal- (4243).jpg,Normal,Normal- (4243)
data\raw\kaggle\Normal\Normal- (1235).jpg,Normal,Normal- (1235)
data\raw\kaggle\Normal\Normal- (4321).jpg,Normal,Normal- (4321)
data\raw\kaggle\Normal\Normal- (3961).jpg,Normal,Normal- (3961)
data\raw\kaggle\Normal\Normal- (4642).jpg,Normal,Normal- (4642)
data\raw\kaggle\Normal\Normal- (4275).jpg,Normal,Normal- (4275)
data\raw\kaggle\Normal\Normal- (1514).jpg,Normal,Normal- (1514)
data\raw\kaggle\Normal\Normal- (2376).jpg,Normal,Normal- (2376)
data\raw\kaggle\Normal\Normal- (4907).jpg,Normal,Normal- (4907)
data\raw\kaggle\Normal\Normal- (1623).jpg,Normal,Normal- (1623)
data\raw\kaggle\Normal\Normal- (2386).jpg,Normal,Normal- (2386)
data\raw\kaggle\Normal\Normal- (3825).jpg,Normal,Normal- (3825)
data\raw\kaggle\Normal\Normal- (4324).jpg,Normal,Normal- (4324)
data\raw\kaggle\Normal\Normal- (3253).jpg,Normal,Normal- (3253)
data\raw\kaggle\Normal\Normal- (4117).jpg,Normal,Normal- (4117)
data\raw\kaggle\Normal\Normal- (2052).jpg,Normal,Normal- (2052)
data\raw\kaggle\Normal\Normal- (1079).jpg,Normal,Normal- (1079)
data\raw\kaggle\Normal\Normal- (2275).jpg,Normal,Normal- (2275)
data\raw\kaggle\Normal\Normal- (418).jpg,Normal,Normal- (418)
data\raw\kaggle\Normal\Normal- (1103).jpg,Normal,Normal- (1103)
data\raw\kaggle\Normal\Normal- (1926).jpg,Normal,Normal- (1926)
data\raw\kaggle\Normal\Normal- (4132).jpg,Normal,Normal- (4132)
data\raw\kaggle\Normal\Normal- (1847).jpg,Normal,Normal- (1847)
data\raw\kaggle\Normal\Normal- (4051).jpg,Normal,Normal- (4051)
data\raw\kaggle\Normal\Normal- (834).jpg,Normal,Normal- (834)
data\raw\kaggle\Normal\Normal- (4851).jpg,Normal,Normal- (4851)
data\raw\kaggle\Normal\Normal- (2978).jpg,Normal,Normal- (2978)
data\raw\kaggle\Normal\Normal- (4576).jpg,Normal,Normal- (4576)
data\raw\kaggle\Normal\Normal- (2073).jpg,Normal,Normal- (2073)
data\raw\kaggle\Normal\Normal- (1797).jpg,Normal,Normal- (1797)
data\raw\kaggle\Normal\Normal- (3589).jpg,Normal,Normal- (3589)
data\raw\kaggle\Normal\Normal- (288).jpg,Normal,Normal- (288)
data\raw\kaggle\Normal\Normal- (997).jpg,Normal,Normal- (997)
data\raw\kaggle\Normal\Normal- (542).jpg,Normal,Normal- (542)
data\raw\kaggle\Normal\Normal- (2057).jpg,Normal,Normal- (2057)
data\raw\kaggle\Normal\Normal- (4690).jpg,Normal,Normal- (4690)
data\raw\kaggle\Normal\Normal- (3680).jpg,Normal,Normal- (3680)
data\raw\kaggle\Normal\Normal- (750).jpg,Normal,Normal- (750)
data\raw\kaggle\Normal\Normal- (4792).jpg,Normal,Normal- (4792)
data\raw\kaggle\Normal\Normal- (2325).jpg,Normal,Normal- (2325)
data\raw\kaggle\Normal\Normal- (4635).jpg,Normal,Normal- (4635)
data\raw\kaggle\Normal\Normal- (622).jpg,Normal,Normal- (622)
data\raw\kaggle\Normal\Normal- (3084).jpg,Normal,Normal- (3084)
data\raw\kaggle\Normal\Normal- (2751).jpg,Normal,Normal- (2751)
data\raw\kaggle\Normal\Normal- (2072).jpg,Normal,Normal- (2072)
data\raw\kaggle\Normal\Normal- (325).jpg,Normal,Normal- (325)
data\raw\kaggle\Normal\Normal- (862).jpg,Normal,Normal- (862)
data\raw\kaggle\Normal\Normal- (3662).jpg,Normal,Normal- (3662)
data\raw\kaggle\Normal\Normal- (246).jpg,Normal,Normal- (246)
data\raw\kaggle\Normal\Normal- (487).jpg,Normal,Normal- (487)
data\raw\kaggle\Normal\Normal- (164).jpg,Normal,Normal- (164)
data\raw\kaggle\Normal\Normal- (4725).jpg,Normal,Normal- (4725)
data\raw\kaggle\Normal\Normal- (4421).jpg,Normal,Normal- (4421)
data\raw\kaggle\Normal\Normal- (1059).jpg,Normal,Normal- (1059)
data\raw\kaggle\Normal\Normal- (688).jpg,Normal,Normal- (688)
data\raw\kaggle\Normal\Normal- (2620).jpg,Normal,Normal- (2620)
data\raw\kaggle\Normal\Normal- (13).jpg,Normal,Normal- (13)
data\raw\kaggle\Normal\Normal- (3706).jpg,Normal,Normal- (3706)
data\raw\kaggle\Normal\Normal- (5067).jpg,Normal,Normal- (5067)
data\raw\kaggle\Normal\Normal- (1290).jpg,Normal,Normal- (1290)
data\raw\kaggle\Normal\Normal- (1520).jpg,Normal,Normal- (1520)
data\raw\kaggle\Normal\Normal- (1824).jpg,Normal,Normal- (1824)
data\raw\kaggle\Normal\Normal- (643).jpg,Normal,Normal- (643)
data\raw\kaggle\Normal\Normal- (3137).jpg,Normal,Normal- (3137)
data\raw\kaggle\Normal\Normal- (5018).jpg,Normal,Normal- (5018)
data\raw\kaggle\Normal\Normal- (564).jpg,Normal,Normal- (564)
data\raw\kaggle\Normal\Normal- (2396).jpg,Normal,Normal- (2396)
data\raw\kaggle\Normal\Normal- (4785).jpg,Normal,Normal- (4785)
data\raw\kaggle\Normal\Normal- (3640).jpg,Normal,Normal- (3640)
data\raw\kaggle\Normal\Normal- (322).jpg,Normal,Normal- (322)
data\raw\kaggle\Normal\Normal- (4433).jpg,Normal,Normal- (4433)
data\raw\kaggle\Normal\Normal- (4491).jpg,Normal,Normal- (4491)
data\raw\kaggle\Normal\Normal- (3389).jpg,Normal,Normal- (3389)
data\raw\kaggle\Normal\Normal- (3747).jpg,Normal,Normal- (3747)
data\raw\kaggle\Normal\Normal- (2652).jpg,Normal,Normal- (2652)
data\raw\kaggle\Normal\Normal- (4515).jpg,Normal,Normal- (4515)
data\raw\kaggle\Normal\Normal- (775).jpg,Normal,Normal- (775)
data\raw\kaggle\Normal\Normal- (694).jpg,Normal,Normal- (694)
data\raw\kaggle\Normal\Normal- (1697).jpg,Normal,Normal- (1697)
data\raw\kaggle\Normal\Normal- (1419).jpg,Normal,Normal- (1419)
data\raw\kaggle\Normal\Normal- (653).jpg,Normal,Normal- (653)
data\raw\kaggle\Normal\Normal- (3113).jpg,Normal,Normal- (3113)
data\raw\kaggle\Normal\Normal- (101).jpg,Normal,Normal- (101)
data\raw\kaggle\Normal\Normal- (2687).jpg,Normal,Normal- (2687)
data\raw\kaggle\Normal\Normal- (2685).jpg,Normal,Normal- (2685)
data\raw\kaggle\Normal\Normal- (520).jpg,Normal,Normal- (520)
data\raw\kaggle\Normal\Normal- (2813).jpg,Normal,Normal- (2813)
data\raw\kaggle\Normal\Normal- (2306).jpg,Normal,Normal- (2306)
data\raw\kaggle\Normal\Normal- (1098).jpg,Normal,Normal- (1098)
data\raw\kaggle\Normal\Normal- (1641).jpg,Normal,Normal- (1641)
data\raw\kaggle\Normal\Normal- (2880).jpg,Normal,Normal- (2880)
data\raw\kaggle\Normal\Normal- (3777).jpg,Normal,Normal- (3777)
data\raw\kaggle\Normal\Normal- (2165).jpg,Normal,Normal- (2165)
data\raw\kaggle\Normal\Normal- (4554).jpg,Normal,Normal- (4554)
data\raw\kaggle\Normal\Normal- (4996).jpg,Normal,Normal- (4996)
data\raw\kaggle\Normal\Normal- (3736).jpg,Normal,Normal- (3736)
data\raw\kaggle\Normal\Normal- (3237).jpg,Normal,Normal- (3237)
data\raw\kaggle\Normal\Normal- (3450).jpg,Normal,Normal- (3450)
data\raw\kaggle\Normal\Normal- (3553).jpg,Normal,Normal- (3553)
data\raw\kaggle\Normal\Normal- (3355).jpg,Normal,Normal- (3355)
data\raw\kaggle\Normal\Normal- (4735).jpg,Normal,Normal- (4735)
data\raw\kaggle\Normal\Normal- (1331).jpg,Normal,Normal- (1331)
data\raw\kaggle\Normal\Normal- (1258).jpg,Normal,Normal- (1258)
data\raw\kaggle\Normal\Normal- (3718).jpg,Normal,Normal- (3718)
data\raw\kaggle\Normal\Normal- (3848).jpg,Normal,Normal- (3848)
data\raw\kaggle\Normal\Normal- (4340).jpg,Normal,Normal- (4340)
data\raw\kaggle\Normal\Normal- (612).jpg,Normal,Normal- (612)
data\raw\kaggle\Normal\Normal- (39).jpg,Normal,Normal- (39)
data\raw\kaggle\Normal\Normal- (4959).jpg,Normal,Normal- (4959)
data\raw\kaggle\Normal\Normal- (2038).jpg,Normal,Normal- (2038)
data\raw\kaggle\Normal\Normal- (199).jpg,Normal,Normal- (199)
data\raw\kaggle\Normal\Normal- (1342).jpg,Normal,Normal- (1342)
data\raw\kaggle\Normal\Normal- (3975).jpg,Normal,Normal- (3975)
data\raw\kaggle\Normal\Normal- (230).jpg,Normal,Normal- (230)
data\raw\kaggle\Normal\Normal- (1462).jpg,Normal,Normal- (1462)
data\raw\kaggle\Normal\Normal- (137).jpg,Normal,Normal- (137)
data\raw\kaggle\Normal\Normal- (3277).jpg,Normal,Normal- (3277)
data\raw\kaggle\Normal\Normal- (940).jpg,Normal,Normal- (940)
data\raw\kaggle\Normal\Normal- (1877).jpg,Normal,Normal- (1877)
data\raw\kaggle\Normal\Normal- (2187).jpg,Normal,Normal- (2187)
data\raw\kaggle\Normal\Normal- (4685).jpg,Normal,Normal- (4685)
data\raw\kaggle\Normal\Normal- (3675).jpg,Normal,Normal- (3675)
data\raw\kaggle\Normal\Normal- (378).jpg,Normal,Normal- (378)
data\raw\kaggle\Normal\Normal- (4786).jpg,Normal,Normal- (4786)
data\raw\kaggle\Normal\Normal- (2254).jpg,Normal,Normal- (2254)
data\raw\kaggle\Normal\Normal- (2196).jpg,Normal,Normal- (2196)
data\raw\kaggle\Normal\Normal- (1209).jpg,Normal,Normal- (1209)
data\raw\kaggle\Normal\Normal- (1278).jpg,Normal,Normal- (1278)
data\raw\kaggle\Normal\Normal- (2477).jpg,Normal,Normal- (2477)
data\raw\kaggle\Normal\Normal- (1490).jpg,Normal,Normal- (1490)
data\raw\kaggle\Normal\Normal- (3153).jpg,Normal,Normal- (3153)
data\raw\kaggle\Normal\Normal- (806).jpg,Normal,Normal- (806)
data\raw\kaggle\Normal\Normal- (2600).jpg,Normal,Normal- (2600)
data\raw\kaggle\Normal\Normal- (309).jpg,Normal,Normal- (309)
data\raw\kaggle\Normal\Normal- (3781).jpg,Normal,Normal- (3781)
data\raw\kaggle\Normal\Normal- (3831).jpg,Normal,Normal- (3831)
data\raw\kaggle\Normal\Normal- (1448).jpg,Normal,Normal- (1448)
data\raw\kaggle\Normal\Normal- (2110).jpg,Normal,Normal- (2110)
data\raw\kaggle\Normal\Normal- (27).jpg,Normal,Normal- (27)
data\raw\kaggle\Normal\Normal- (4171).jpg,Normal,Normal- (4171)
data\raw\kaggle\Normal\Normal- (3246).jpg,Normal,Normal- (3246)
data\raw\kaggle\Normal\Normal- (2171).jpg,Normal,Normal- (2171)
data\raw\kaggle\Normal\Normal- (1628).jpg,Normal,Normal- (1628)
data\raw\kaggle\Normal\Normal- (1204).jpg,Normal,Normal- (1204)
data\raw\kaggle\Normal\Normal- (1168).jpg,Normal,Normal- (1168)
data\raw\kaggle\Normal\Normal- (2806).jpg,Normal,Normal- (2806)
data\raw\kaggle\Normal\Normal- (297).jpg,Normal,Normal- (297)
data\raw\kaggle\Normal\Normal- (4414).jpg,Normal,Normal- (4414)
data\raw\kaggle\Normal\Normal- (1034).jpg,Normal,Normal- (1034)
data\raw\kaggle\Normal\Normal- (2336).jpg,Normal,Normal- (2336)
data\raw\kaggle\Normal\Normal- (3395).jpg,Normal,Normal- (3395)
data\raw\kaggle\Normal\Normal- (3474).jpg,Normal,Normal- (3474)
data\raw\kaggle\Normal\Normal- (2581).jpg,Normal,Normal- (2581)
data\raw\kaggle\Normal\Normal- (2605).jpg,Normal,Normal- (2605)
data\raw\kaggle\Normal\Normal- (303).jpg,Normal,Normal- (303)
data\raw\kaggle\Normal\Normal- (876).jpg,Normal,Normal- (876)
data\raw\kaggle\Normal\Normal- (4422).jpg,Normal,Normal- (4422)
data\raw\kaggle\Normal\Normal- (4958).jpg,Normal,Normal- (4958)
data\raw\kaggle\Normal\Normal- (414).jpg,Normal,Normal- (414)
data\raw\kaggle\Normal\Normal- (1149).jpg,Normal,Normal- (1149)
data\raw\kaggle\Normal\Normal- (2828).jpg,Normal,Normal- (2828)
data\raw\kaggle\Normal\Normal- (3546).jpg,Normal,Normal- (3546)
data\raw\kaggle\Normal\Normal- (1434).jpg,Normal,Normal- (1434)
data\raw\kaggle\Normal\Normal- (4331).jpg,Normal,Normal- (4331)
data\raw\kaggle\Normal\Normal- (1340).jpg,Normal,Normal- (1340)
data\raw\kaggle\Normal\Normal- (1298).jpg,Normal,Normal- (1298)
data\raw\kaggle\Normal\Normal- (5054).jpg,Normal,Normal- (5054)
data\raw\kaggle\Normal\Normal- (362).jpg,Normal,Normal- (362)
data\raw\kaggle\Normal\Normal- (2483).jpg,Normal,Normal- (2483)
data\raw\kaggle\Normal\Normal- (1914).jpg,Normal,Normal- (1914)
data\raw\kaggle\Normal\Normal- (510).jpg,Normal,Normal- (510)
data\raw\kaggle\Normal\Normal- (406).jpg,Normal,Normal- (406)
data\raw\kaggle\Normal\Normal- (3698).jpg,Normal,Normal- (3698)
data\raw\kaggle\Normal\Normal- (4846).jpg,Normal,Normal- (4846)
data\raw\kaggle\Normal\Normal- (1502).jpg,Normal,Normal- (1502)
data\raw\kaggle\Normal\Normal- (4329).jpg,Normal,Normal- (4329)
data\raw\kaggle\Normal\Normal- (3897).jpg,Normal,Normal- (3897)
data\raw\kaggle\Normal\Normal- (2660).jpg,Normal,Normal- (2660)
data\raw\kaggle\Normal\Normal- (1183).jpg,Normal,Normal- (1183)
data\raw\kaggle\Normal\Normal- (3045).jpg,Normal,Normal- (3045)
data\raw\kaggle\Normal\Normal- (2512).jpg,Normal,Normal- (2512)
data\raw\kaggle\Normal\Normal- (2556).jpg,Normal,Normal- (2556)
data\raw\kaggle\Normal\Normal- (4582).jpg,Normal,Normal- (4582)
data\raw\kaggle\Normal\Normal- (2200).jpg,Normal,Normal- (2200)
data\raw\kaggle\Normal\Normal- (605).jpg,Normal,Normal- (605)
data\raw\kaggle\Normal\Normal- (398).jpg,Normal,Normal- (398)
data\raw\kaggle\Normal\Normal- (3285).jpg,Normal,Normal- (3285)
data\raw\kaggle\Normal\Normal- (3256).jpg,Normal,Normal- (3256)
data\raw\kaggle\Normal\Normal- (3372).jpg,Normal,Normal- (3372)
data\raw\kaggle\Normal\Normal- (4261).jpg,Normal,Normal- (4261)
data\raw\kaggle\Normal\Normal- (2365).jpg,Normal,Normal- (2365)
data\raw\kaggle\Normal\Normal- (4763).jpg,Normal,Normal- (4763)
data\raw\kaggle\Normal\Normal- (2252).jpg,Normal,Normal- (2252)
data\raw\kaggle\Normal\Normal- (979).jpg,Normal,Normal- (979)
data\raw\kaggle\Normal\Normal- (2780).jpg,Normal,Normal- (2780)
data\raw\kaggle\Normal\Normal- (3437).jpg,Normal,Normal- (3437)
data\raw\kaggle\Normal\Normal- (3094).jpg,Normal,Normal- (3094)
data\raw\kaggle\Normal\Normal- (2638).jpg,Normal,Normal- (2638)
data\raw\kaggle\Normal\Normal- (3457).jpg,Normal,Normal- (3457)
data\raw\kaggle\Normal\Normal- (1630).jpg,Normal,Normal- (1630)
data\raw\kaggle\Normal\Normal- (3255).jpg,Normal,Normal- (3255)
data\raw\kaggle\Normal\Normal- (3333).jpg,Normal,Normal- (3333)
data\raw\kaggle\Normal\Normal- (1406).jpg,Normal,Normal- (1406)
data\raw\kaggle\Normal\Normal- (2415).jpg,Normal,Normal- (2415)
data\raw\kaggle\Normal\Normal- (4484).jpg,Normal,Normal- (4484)
data\raw\kaggle\Normal\Normal- (4209).jpg,Normal,Normal- (4209)
data\raw\kaggle\Normal\Normal- (4555).jpg,Normal,Normal- (4555)
data\raw\kaggle\Normal\Normal- (4983).jpg,Normal,Normal- (4983)
data\raw\kaggle\Normal\Normal- (341).jpg,Normal,Normal- (341)
data\raw\kaggle\Normal\Normal- (1343).jpg,Normal,Normal- (1343)
data\raw\kaggle\Normal\Normal- (3399).jpg,Normal,Normal- (3399)
data\raw\kaggle\Normal\Normal- (1810).jpg,Normal,Normal- (1810)
data\raw\kaggle\Normal\Normal- (2395).jpg,Normal,Normal- (2395)
data\raw\kaggle\Normal\Normal- (2402).jpg,Normal,Normal- (2402)
data\raw\kaggle\Normal\Normal- (2653).jpg,Normal,Normal- (2653)
data\raw\kaggle\Normal\Normal- (4136).jpg,Normal,Normal- (4136)
data\raw\kaggle\Normal\Normal- (3078).jpg,Normal,Normal- (3078)
data\raw\kaggle\Normal\Normal- (453).jpg,Normal,Normal- (453)
data\raw\kaggle\Normal\Normal- (3133).jpg,Normal,Normal- (3133)
data\raw\kaggle\Normal\Normal- (161).jpg,Normal,Normal- (161)
data\raw\kaggle\Normal\Normal- (3338).jpg,Normal,Normal- (3338)
data\raw\kaggle\Normal\Normal- (1958).jpg,Normal,Normal- (1958)
data\raw\kaggle\Normal\Normal- (3413).jpg,Normal,Normal- (3413)
data\raw\kaggle\Normal\Normal- (1377).jpg,Normal,Normal- (1377)
data\raw\kaggle\Normal\Normal- (244).jpg,Normal,Normal- (244)
data\raw\kaggle\Normal\Normal- (5026).jpg,Normal,Normal- (5026)
data\raw\kaggle\Normal\Normal- (129).jpg,Normal,Normal- (129)
data\raw\kaggle\Normal\Normal- (2684).jpg,Normal,Normal- (2684)
data\raw\kaggle\Normal\Normal- (4186).jpg,Normal,Normal- (4186)
data\raw\kaggle\Normal\Normal- (1322).jpg,Normal,Normal- (1322)
data\raw\kaggle\Normal\Normal- (4306).jpg,Normal,Normal- (4306)
data\raw\kaggle\Normal\Normal- (3022).jpg,Normal,Normal- (3022)
data\raw\kaggle\Normal\Normal- (2273).jpg,Normal,Normal- (2273)
data\raw\kaggle\Normal\Normal- (3587).jpg,Normal,Normal- (3587)
data\raw\kaggle\Normal\Normal- (1547).jpg,Normal,Normal- (1547)
data\raw\kaggle\Normal\Normal- (4005).jpg,Normal,Normal- (4005)
data\raw\kaggle\Normal\Normal- (3997).jpg,Normal,Normal- (3997)
data\raw\kaggle\Normal\Normal- (4857).jpg,Normal,Normal- (4857)
data\raw\kaggle\Normal\Normal- (2377).jpg,Normal,Normal- (2377)
data\raw\kaggle\Normal\Normal- (4465).jpg,Normal,Normal- (4465)
data\raw\kaggle\Normal\Normal- (180).jpg,Normal,Normal- (180)
data\raw\kaggle\Normal\Normal- (2136).jpg,Normal,Normal- (2136)
data\raw\kaggle\Normal\Normal- (1859).jpg,Normal,Normal- (1859)
data\raw\kaggle\Normal\Normal- (1325).jpg,Normal,Normal- (1325)
data\raw\kaggle\Normal\Normal- (1703).jpg,Normal,Normal- (1703)
data\raw\kaggle\Normal\Normal- (5008).jpg,Normal,Normal- (5008)
data\raw\kaggle\Normal\Normal- (1595).jpg,Normal,Normal- (1595)
data\raw\kaggle\Normal\Normal- (4670).jpg,Normal,Normal- (4670)
data\raw\kaggle\Normal\Normal- (204).jpg,Normal,Normal- (204)
data\raw\kaggle\Normal\Normal- (973).jpg,Normal,Normal- (973)
data\raw\kaggle\Normal\Normal- (1065).jpg,Normal,Normal- (1065)
data\raw\kaggle\Normal\Normal- (1369).jpg,Normal,Normal- (1369)
data\raw\kaggle\Normal\Normal- (3125).jpg,Normal,Normal- (3125)
data\raw\kaggle\Normal\Normal- (4227).jpg,Normal,Normal- (4227)
data\raw\kaggle\Normal\Normal- (5014).jpg,Normal,Normal- (5014)
data\raw\kaggle\Normal\Normal- (2349).jpg,Normal,Normal- (2349)
data\raw\kaggle\Normal\Normal- (3174).jpg,Normal,Normal- (3174)
data\raw\kaggle\Normal\Normal- (3218).jpg,Normal,Normal- (3218)
data\raw\kaggle\Normal\Normal- (3993).jpg,Normal,Normal- (3993)
data\raw\kaggle\Normal\Normal- (3733).jpg,Normal,Normal- (3733)
data\raw\kaggle\Normal\Normal- (1584).jpg,Normal,Normal- (1584)
data\raw\kaggle\Normal\Normal- (317).jpg,Normal,Normal- (317)
data\raw\kaggle\Normal\Normal- (1800).jpg,Normal,Normal- (1800)
data\raw\kaggle\Normal\Normal- (5041).jpg,Normal,Normal- (5041)
data\raw\kaggle\Normal\Normal- (4226).jpg,Normal,Normal- (4226)
data\raw\kaggle\Normal\Normal- (5060).jpg,Normal,Normal- (5060)
data\raw\kaggle\Normal\Normal- (4187).jpg,Normal,Normal- (4187)
data\raw\kaggle\Normal\Normal- (4745).jpg,Normal,Normal- (4745)
data\raw\kaggle\Normal\Normal- (2818).jpg,Normal,Normal- (2818)
data\raw\kaggle\Normal\Normal- (589).jpg,Normal,Normal- (589)
data\raw\kaggle\Normal\Normal- (3703).jpg,Normal,Normal- (3703)
data\raw\kaggle\Normal\Normal- (3544).jpg,Normal,Normal- (3544)
data\raw\kaggle\Normal\Normal- (3219).jpg,Normal,Normal- (3219)
data\raw\kaggle\Normal\Normal- (2321).jpg,Normal,Normal- (2321)
data\raw\kaggle\Normal\Normal- (447).jpg,Normal,Normal- (447)
data\raw\kaggle\Normal\Normal- (444).jpg,Normal,Normal- (444)
data\raw\kaggle\Normal\Normal- (4146).jpg,Normal,Normal- (4146)
data\raw\kaggle\Normal\Normal- (4437).jpg,Normal,Normal- (4437)
data\raw\kaggle\Normal\Normal- (1942).jpg,Normal,Normal- (1942)
data\raw\kaggle\Normal\Normal- (2590).jpg,Normal,Normal- (2590)
data\raw\kaggle\Normal\Normal- (1264).jpg,Normal,Normal- (1264)
data\raw\kaggle\Normal\Normal- (1960).jpg,Normal,Normal- (1960)
data\raw\kaggle\Normal\Normal- (3274).jpg,Normal,Normal- (3274)
data\raw\kaggle\Normal\Normal- (4840).jpg,Normal,Normal- (4840)
data\raw\kaggle\Normal\Normal- (3328).jpg,Normal,Normal- (3328)
data\raw\kaggle\Normal\Normal- (1056).jpg,Normal,Normal- (1056)
data\raw\kaggle\Normal\Normal- (47).jpg,Normal,Normal- (47)
data\raw\kaggle\Normal\Normal- (3690).jpg,Normal,Normal- (3690)
data\raw\kaggle\Normal\Normal- (1539).jpg,Normal,Normal- (1539)
data\raw\kaggle\Normal\Normal- (3652).jpg,Normal,Normal- (3652)
data\raw\kaggle\Normal\Normal- (3291).jpg,Normal,Normal- (3291)
data\raw\kaggle\Normal\Normal- (1841).jpg,Normal,Normal- (1841)
data\raw\kaggle\Normal\Normal- (1023).jpg,Normal,Normal- (1023)
data\raw\kaggle\Normal\Normal- (4612).jpg,Normal,Normal- (4612)
data\raw\kaggle\Normal\Normal- (2881).jpg,Normal,Normal- (2881)
data\raw\kaggle\Normal\Normal- (4533).jpg,Normal,Normal- (4533)
data\raw\kaggle\Normal\Normal- (2582).jpg,Normal,Normal- (2582)
data\raw\kaggle\Normal\Normal- (4686).jpg,Normal,Normal- (4686)
data\raw\kaggle\Normal\Normal- (1794).jpg,Normal,Normal- (1794)
data\raw\kaggle\Normal\Normal- (3374).jpg,Normal,Normal- (3374)
data\raw\kaggle\Normal\Normal- (250).jpg,Normal,Normal- (250)
data\raw\kaggle\Normal\Normal- (2135).jpg,Normal,Normal- (2135)
data\raw\kaggle\Normal\Normal- (2967).jpg,Normal,Normal- (2967)
data\raw\kaggle\Normal\Normal- (3811).jpg,Normal,Normal- (3811)
data\raw\kaggle\Normal\Normal- (3163).jpg,Normal,Normal- (3163)
data\raw\kaggle\Normal\Normal- (4895).jpg,Normal,Normal- (4895)
data\raw\kaggle\Normal\Normal- (962).jpg,Normal,Normal- (962)
data\raw\kaggle\Normal\Normal- (4586).jpg,Normal,Normal- (4586)
data\raw\kaggle\Normal\Normal- (1953).jpg,Normal,Normal- (1953)
data\raw\kaggle\Normal\Normal- (2727).jpg,Normal,Normal- (2727)
data\raw\kaggle\Normal\Normal- (2730).jpg,Normal,Normal- (2730)
data\raw\kaggle\Normal\Normal- (1858).jpg,Normal,Normal- (1858)
data\raw\kaggle\Normal\Normal- (4689).jpg,Normal,Normal- (4689)
data\raw\kaggle\Normal\Normal- (88).jpg,Normal,Normal- (88)
data\raw\kaggle\Normal\Normal- (2627).jpg,Normal,Normal- (2627)
data\raw\kaggle\Normal\Normal- (4191).jpg,Normal,Normal- (4191)
data\raw\kaggle\Normal\Normal- (496).jpg,Normal,Normal- (496)
data\raw\kaggle\Normal\Normal- (4228).jpg,Normal,Normal- (4228)
data\raw\kaggle\Normal\Normal- (1903).jpg,Normal,Normal- (1903)
data\raw\kaggle\Normal\Normal- (2916).jpg,Normal,Normal- (2916)
data\raw\kaggle\Normal\Normal- (3797).jpg,Normal,Normal- (3797)
data\raw\kaggle\Normal\Normal- (1324).jpg,Normal,Normal- (1324)
data\raw\kaggle\Normal\Normal- (663).jpg,Normal,Normal- (663)
data\raw\kaggle\Normal\Normal- (2580).jpg,Normal,Normal- (2580)
data\raw\kaggle\Normal\Normal- (146).jpg,Normal,Normal- (146)
data\raw\kaggle\Normal\Normal- (981).jpg,Normal,Normal- (981)
data\raw\kaggle\Normal\Normal- (1612).jpg,Normal,Normal- (1612)
data\raw\kaggle\Normal\Normal- (1873).jpg,Normal,Normal- (1873)
data\raw\kaggle\Normal\Normal- (3040).jpg,Normal,Normal- (3040)
data\raw\kaggle\Normal\Normal- (3178).jpg,Normal,Normal- (3178)
data\raw\kaggle\Normal\Normal- (4271).jpg,Normal,Normal- (4271)
data\raw\kaggle\Normal\Normal- (4319).jpg,Normal,Normal- (4319)
data\raw\kaggle\Normal\Normal- (2075).jpg,Normal,Normal- (2075)
data\raw\kaggle\Normal\Normal- (4202).jpg,Normal,Normal- (4202)
data\raw\kaggle\Normal\Normal- (2682).jpg,Normal,Normal- (2682)
data\raw\kaggle\Normal\Normal- (1249).jpg,Normal,Normal- (1249)
data\raw\kaggle\Normal\Normal- (3746).jpg,Normal,Normal- (3746)
data\raw\kaggle\Normal\Normal- (2903).jpg,Normal,Normal- (2903)
data\raw\kaggle\Normal\Normal- (1315).jpg,Normal,Normal- (1315)
data\raw\kaggle\Normal\Normal- (3115).jpg,Normal,Normal- (3115)
data\raw\kaggle\Normal\Normal- (928).jpg,Normal,Normal- (928)
data\raw\kaggle\Normal\Normal- (2412).jpg,Normal,Normal- (2412)
data\raw\kaggle\Normal\Normal- (994).jpg,Normal,Normal- (994)
data\raw\kaggle\Normal\Normal- (2464).jpg,Normal,Normal- (2464)
data\raw\kaggle\Normal\Normal- (525).jpg,Normal,Normal- (525)
data\raw\kaggle\Normal\Normal- (2245).jpg,Normal,Normal- (2245)
data\raw\kaggle\Normal\Normal- (4072).jpg,Normal,Normal- (4072)
data\raw\kaggle\Normal\Normal- (2414).jpg,Normal,Normal- (2414)
data\raw\kaggle\Normal\Normal- (4483).jpg,Normal,Normal- (4483)
data\raw\kaggle\Normal\Normal- (4902).jpg,Normal,Normal- (4902)
data\raw\kaggle\Normal\Normal- (2207).jpg,Normal,Normal- (2207)
data\raw\kaggle\Normal\Normal- (2158).jpg,Normal,Normal- (2158)
data\raw\kaggle\Normal\Normal- (3677).jpg,Normal,Normal- (3677)
data\raw\kaggle\Normal\Normal- (1865).jpg,Normal,Normal- (1865)
data\raw\kaggle\Normal\Normal- (3136).jpg,Normal,Normal- (3136)
data\raw\kaggle\Normal\Normal- (3808).jpg,Normal,Normal- (3808)
data\raw\kaggle\Normal\Normal- (793).jpg,Normal,Normal- (793)
data\raw\kaggle\Normal\Normal- (3483).jpg,Normal,Normal- (3483)
data\raw\kaggle\Normal\Normal- (1642).jpg,Normal,Normal- (1642)
data\raw\kaggle\Normal\Normal- (2295).jpg,Normal,Normal- (2295)
data\raw\kaggle\Normal\Normal- (2050).jpg,Normal,Normal- (2050)
data\raw\kaggle\Normal\Normal- (266).jpg,Normal,Normal- (266)
data\raw\kaggle\Normal\Normal- (4403).jpg,Normal,Normal- (4403)
data\raw\kaggle\Normal\Normal- (1330).jpg,Normal,Normal- (1330)
data\raw\kaggle\Normal\Normal- (1270).jpg,Normal,Normal- (1270)
data\raw\kaggle\Normal\Normal- (3092).jpg,Normal,Normal- (3092)
data\raw\kaggle\Normal\Normal- (4333).jpg,Normal,Normal- (4333)
data\raw\kaggle\Normal\Normal- (2862).jpg,Normal,Normal- (2862)
data\raw\kaggle\Normal\Normal- (1813).jpg,Normal,Normal- (1813)
data\raw\kaggle\Normal\Normal- (4663).jpg,Normal,Normal- (4663)
data\raw\kaggle\Normal\Normal- (4992).jpg,Normal,Normal- (4992)
data\raw\kaggle\Normal\Normal- (2604).jpg,Normal,Normal- (2604)
data\raw\kaggle\Normal\Normal- (3588).jpg,Normal,Normal- (3588)
data\raw\kaggle\Normal\Normal- (1550).jpg,Normal,Normal- (1550)
data\raw\kaggle\Normal\Normal- (2239).jpg,Normal,Normal- (2239)
data\raw\kaggle\Normal\Normal- (2833).jpg,Normal,Normal- (2833)
data\raw\kaggle\Normal\Normal- (4924).jpg,Normal,Normal- (4924)
data\raw\kaggle\Normal\Normal- (4680).jpg,Normal,Normal- (4680)
data\raw\kaggle\Normal\Normal- (1746).jpg,Normal,Normal- (1746)
data\raw\kaggle\Normal\Normal- (216).jpg,Normal,Normal- (216)
data\raw\kaggle\Normal\Normal- (4856).jpg,Normal,Normal- (4856)
data\raw\kaggle\Normal\Normal- (3980).jpg,Normal,Normal- (3980)
data\raw\kaggle\Normal\Normal- (280).jpg,Normal,Normal- (280)
data\raw\kaggle\Normal\Normal- (5076).jpg,Normal,Normal- (5076)
data\raw\kaggle\Normal\Normal- (4682).jpg,Normal,Normal- (4682)
data\raw\kaggle\Normal\Normal- (4103).jpg,Normal,Normal- (4103)
data\raw\kaggle\Normal\Normal- (664).jpg,Normal,Normal- (664)
data\raw\kaggle\Normal\Normal- (156).jpg,Normal,Normal- (156)
data\raw\kaggle\Normal\Normal- (396).jpg,Normal,Normal- (396)
data\raw\kaggle\Normal\Normal- (3761).jpg,Normal,Normal- (3761)
data\raw\kaggle\Normal\Normal- (1552).jpg,Normal,Normal- (1552)
data\raw\kaggle\Normal\Normal- (165).jpg,Normal,Normal- (165)
data\raw\kaggle\Normal\Normal- (4364).jpg,Normal,Normal- (4364)
data\raw\kaggle\Normal\Normal- (2065).jpg,Normal,Normal- (2065)
data\raw\kaggle\Normal\Normal- (172).jpg,Normal,Normal- (172)
data\raw\kaggle\Normal\Normal- (2697).jpg,Normal,Normal- (2697)
data\raw\kaggle\Normal\Normal- (3661).jpg,Normal,Normal- (3661)
data\raw\kaggle\Normal\Normal- (2080).jpg,Normal,Normal- (2080)
data\raw\kaggle\Normal\Normal- (633).jpg,Normal,Normal- (633)
data\raw\kaggle\Normal\Normal- (2810).jpg,Normal,Normal- (2810)
data\raw\kaggle\Normal\Normal- (1418).jpg,Normal,Normal- (1418)
data\raw\kaggle\Normal\Normal- (841).jpg,Normal,Normal- (841)
data\raw\kaggle\Normal\Normal- (3982).jpg,Normal,Normal- (3982)
data\raw\kaggle\Normal\Normal- (4861).jpg,Normal,Normal- (4861)
data\raw\kaggle\Normal\Normal- (1638).jpg,Normal,Normal- (1638)
data\raw\kaggle\Normal\Normal- (206).jpg,Normal,Normal- (206)
data\raw\kaggle\Normal\Normal- (3143).jpg,Normal,Normal- (3143)
data\raw\kaggle\Normal\Normal- (331).jpg,Normal,Normal- (331)
data\raw\kaggle\Normal\Normal- (3321).jpg,Normal,Normal- (3321)
data\raw\kaggle\Normal\Normal- (1426).jpg,Normal,Normal- (1426)
data\raw\kaggle\Normal\Normal- (4505).jpg,Normal,Normal- (4505)
data\raw\kaggle\Normal\Normal- (2983).jpg,Normal,Normal- (2983)
data\raw\kaggle\Normal\Normal- (1148).jpg,Normal,Normal- (1148)
data\raw\kaggle\Normal\Normal- (3752).jpg,Normal,Normal- (3752)
data\raw\kaggle\Normal\Normal- (1798).jpg,Normal,Normal- (1798)
data\raw\kaggle\Normal\Normal- (992).jpg,Normal,Normal- (992)
data\raw\kaggle\Normal\Normal- (2359).jpg,Normal,Normal- (2359)
data\raw\kaggle\Normal\Normal- (3984).jpg,Normal,Normal- (3984)
data\raw\kaggle\Normal\Normal- (2215).jpg,Normal,Normal- (2215)
data\raw\kaggle\Normal\Normal- (104).jpg,Normal,Normal- (104)
data\raw\kaggle\Normal\Normal- (3631).jpg,Normal,Normal- (3631)
data\raw\kaggle\Normal\Normal- (412).jpg,Normal,Normal- (412)
data\raw\kaggle\Normal\Normal- (489).jpg,Normal,Normal- (489)
data\raw\kaggle\Normal\Normal- (5044).jpg,Normal,Normal- (5044)
data\raw\kaggle\Normal\Normal- (4239).jpg,Normal,Normal- (4239)
data\raw\kaggle\Normal\Normal- (4834).jpg,Normal,Normal- (4834)
data\raw\kaggle\Normal\Normal- (1750).jpg,Normal,Normal- (1750)
data\raw\kaggle\Normal\Normal- (4355).jpg,Normal,Normal- (4355)
data\raw\kaggle\Normal\Normal- (4758).jpg,Normal,Normal- (4758)
data\raw\kaggle\Normal\Normal- (5040).jpg,Normal,Normal- (5040)
data\raw\kaggle\Normal\Normal- (571).jpg,Normal,Normal- (571)
data\raw\kaggle\Normal\Normal- (3879).jpg,Normal,Normal- (3879)
data\raw\kaggle\Normal\Normal- (1169).jpg,Normal,Normal- (1169)
data\raw\kaggle\Normal\Normal- (1354).jpg,Normal,Normal- (1354)
data\raw\kaggle\Normal\Normal- (4443).jpg,Normal,Normal- (4443)
data\raw\kaggle\Normal\Normal- (2762).jpg,Normal,Normal- (2762)
data\raw\kaggle\Normal\Normal- (1693).jpg,Normal,Normal- (1693)
data\raw\kaggle\Normal\Normal- (3953).jpg,Normal,Normal- (3953)
data\raw\kaggle\Normal\Normal- (757).jpg,Normal,Normal- (757)
data\raw\kaggle\Normal\Normal- (4542).jpg,Normal,Normal- (4542)
data\raw\kaggle\Normal\Normal- (12).jpg,Normal,Normal- (12)
data\raw\kaggle\Normal\Normal- (702).jpg,Normal,Normal- (702)
data\raw\kaggle\Normal\Normal- (2868).jpg,Normal,Normal- (2868)
data\raw\kaggle\Normal\Normal- (3881).jpg,Normal,Normal- (3881)
data\raw\kaggle\Normal\Normal- (2170).jpg,Normal,Normal- (2170)
data\raw\kaggle\Normal\Normal- (3179).jpg,Normal,Normal- (3179)
data\raw\kaggle\Normal\Normal- (1851).jpg,Normal,Normal- (1851)
data\raw\kaggle\Normal\Normal- (3958).jpg,Normal,Normal- (3958)
data\raw\kaggle\Normal\Normal- (2786).jpg,Normal,Normal- (2786)
data\raw\kaggle\Normal\Normal- (836).jpg,Normal,Normal- (836)
data\raw\kaggle\Normal\Normal- (1549).jpg,Normal,Normal- (1549)
data\raw\kaggle\Normal\Normal- (167).jpg,Normal,Normal- (167)
data\raw\kaggle\Normal\Normal- (4394).jpg,Normal,Normal- (4394)
data\raw\kaggle\Normal\Normal- (3543).jpg,Normal,Normal- (3543)
data\raw\kaggle\Normal\Normal- (852).jpg,Normal,Normal- (852)
data\raw\kaggle\Normal\Normal- (2788).jpg,Normal,Normal- (2788)
data\raw\kaggle\Normal\Normal- (55).jpg,Normal,Normal- (55)
data\raw\kaggle\Normal\Normal- (5057).jpg,Normal,Normal- (5057)
data\raw\kaggle\Normal\Normal- (2743).jpg,Normal,Normal- (2743)
data\raw\kaggle\Normal\Normal- (1957).jpg,Normal,Normal- (1957)
data\raw\kaggle\Normal\Normal- (292).jpg,Normal,Normal- (292)
data\raw\kaggle\Normal\Normal- (1732).jpg,Normal,Normal- (1732)
data\raw\kaggle\Normal\Normal- (984).jpg,Normal,Normal- (984)
data\raw\kaggle\Normal\Normal- (3663).jpg,Normal,Normal- (3663)
data\raw\kaggle\Normal\Normal- (1341).jpg,Normal,Normal- (1341)
data\raw\kaggle\Normal\Normal- (2448).jpg,Normal,Normal- (2448)
data\raw\kaggle\Normal\Normal- (192).jpg,Normal,Normal- (192)
data\raw\kaggle\Normal\Normal- (1185).jpg,Normal,Normal- (1185)
data\raw\kaggle\Normal\Normal- (3440).jpg,Normal,Normal- (3440)
data\raw\kaggle\Normal\Normal- (2210).jpg,Normal,Normal- (2210)
data\raw\kaggle\Normal\Normal- (3760).jpg,Normal,Normal- (3760)
data\raw\kaggle\Normal\Normal- (4172).jpg,Normal,Normal- (4172)
data\raw\kaggle\Normal\Normal- (169).jpg,Normal,Normal- (169)
data\raw\kaggle\Normal\Normal- (559).jpg,Normal,Normal- (559)
data\raw\kaggle\Normal\Normal- (208).jpg,Normal,Normal- (208)
data\raw\kaggle\Normal\Normal- (4359).jpg,Normal,Normal- (4359)
data\raw\kaggle\Normal\Normal- (4701).jpg,Normal,Normal- (4701)
data\raw\kaggle\Normal\Normal- (2518).jpg,Normal,Normal- (2518)
data\raw\kaggle\Normal\Normal- (315).jpg,Normal,Normal- (315)
data\raw\kaggle\Normal\Normal- (2265).jpg,Normal,Normal- (2265)
data\raw\kaggle\Normal\Normal- (3059).jpg,Normal,Normal- (3059)
data\raw\kaggle\Normal\Normal- (3444).jpg,Normal,Normal- (3444)
data\raw\kaggle\Normal\Normal- (300).jpg,Normal,Normal- (300)
data\raw\kaggle\Normal\Normal- (1519).jpg,Normal,Normal- (1519)
data\raw\kaggle\Normal\Normal- (4781).jpg,Normal,Normal- (4781)
data\raw\kaggle\Normal\Normal- (2112).jpg,Normal,Normal- (2112)
data\raw\kaggle\Normal\Normal- (1146).jpg,Normal,Normal- (1146)
data\raw\kaggle\Normal\Normal- (4622).jpg,Normal,Normal- (4622)
data\raw\kaggle\Normal\Normal- (4556).jpg,Normal,Normal- (4556)
data\raw\kaggle\Normal\Normal- (2227).jpg,Normal,Normal- (2227)
data\raw\kaggle\Normal\Normal- (4370).jpg,Normal,Normal- (4370)
data\raw\kaggle\Normal\Normal- (4606).jpg,Normal,Normal- (4606)
data\raw\kaggle\Normal\Normal- (4284).jpg,Normal,Normal- (4284)
data\raw\kaggle\Normal\Normal- (1237).jpg,Normal,Normal- (1237)
data\raw\kaggle\Normal\Normal- (3239).jpg,Normal,Normal- (3239)
data\raw\kaggle\Normal\Normal- (828).jpg,Normal,Normal- (828)
data\raw\kaggle\Normal\Normal- (1834).jpg,Normal,Normal- (1834)
data\raw\kaggle\Normal\Normal- (3211).jpg,Normal,Normal- (3211)
data\raw\kaggle\Normal\Normal- (2875).jpg,Normal,Normal- (2875)
data\raw\kaggle\Normal\Normal- (252).jpg,Normal,Normal- (252)
data\raw\kaggle\Normal\Normal- (2676).jpg,Normal,Normal- (2676)
data\raw\kaggle\Normal\Normal- (4825).jpg,Normal,Normal- (4825)
data\raw\kaggle\Normal\Normal- (2115).jpg,Normal,Normal- (2115)
data\raw\kaggle\Normal\Normal- (2154).jpg,Normal,Normal- (2154)
data\raw\kaggle\Normal\Normal- (3643).jpg,Normal,Normal- (3643)
data\raw\kaggle\Normal\Normal- (2489).jpg,Normal,Normal- (2489)
data\raw\kaggle\Normal\Normal- (153).jpg,Normal,Normal- (153)
data\raw\kaggle\Normal\Normal- (699).jpg,Normal,Normal- (699)
data\raw\kaggle\Normal\Normal- (4308).jpg,Normal,Normal- (4308)
data\raw\kaggle\Normal\Normal- (1125).jpg,Normal,Normal- (1125)
data\raw\kaggle\Normal\Normal- (3342).jpg,Normal,Normal- (3342)
data\raw\kaggle\Normal\Normal- (391).jpg,Normal,Normal- (391)
data\raw\kaggle\Normal\Normal- (2037).jpg,Normal,Normal- (2037)
data\raw\kaggle\Normal\Normal- (3549).jpg,Normal,Normal- (3549)
data\raw\kaggle\Normal\Normal- (3489).jpg,Normal,Normal- (3489)
data\raw\kaggle\Normal\Normal- (1727).jpg,Normal,Normal- (1727)
data\raw\kaggle\Normal\Normal- (2405).jpg,Normal,Normal- (2405)
data\raw\kaggle\Normal\Normal- (2315).jpg,Normal,Normal- (2315)
data\raw\kaggle\Normal\Normal- (1236).jpg,Normal,Normal- (1236)
data\raw\kaggle\Normal\Normal- (2553).jpg,Normal,Normal- (2553)
data\raw\kaggle\Normal\Normal- (2498).jpg,Normal,Normal- (2498)
data\raw\kaggle\Normal\Normal- (3851).jpg,Normal,Normal- (3851)
data\raw\kaggle\Normal\Normal- (575).jpg,Normal,Normal- (575)
data\raw\kaggle\Normal\Normal- (4671).jpg,Normal,Normal- (4671)
data\raw\kaggle\Normal\Normal- (2234).jpg,Normal,Normal- (2234)
data\raw\kaggle\Normal\Normal- (4475).jpg,Normal,Normal- (4475)
data\raw\kaggle\Normal\Normal- (3552).jpg,Normal,Normal- (3552)
data\raw\kaggle\Normal\Normal- (3265).jpg,Normal,Normal- (3265)
data\raw\kaggle\Normal\Normal- (735).jpg,Normal,Normal- (735)
data\raw\kaggle\Normal\Normal- (3080).jpg,Normal,Normal- (3080)
data\raw\kaggle\Normal\Normal- (4759).jpg,Normal,Normal- (4759)
data\raw\kaggle\Normal\Normal- (3254).jpg,Normal,Normal- (3254)
data\raw\kaggle\Normal\Normal- (4190).jpg,Normal,Normal- (4190)
data\raw\kaggle\Normal\Normal- (152).jpg,Normal,Normal- (152)
data\raw\kaggle\Normal\Normal- (3462).jpg,Normal,Normal- (3462)
data\raw\kaggle\Normal\Normal- (2752).jpg,Normal,Normal- (2752)
data\raw\kaggle\Normal\Normal- (2364).jpg,Normal,Normal- (2364)
data\raw\kaggle\Normal\Normal- (2696).jpg,Normal,Normal- (2696)
data\raw\kaggle\Normal\Normal- (1646).jpg,Normal,Normal- (1646)
data\raw\kaggle\Normal\Normal- (1038).jpg,Normal,Normal- (1038)
data\raw\kaggle\Normal\Normal- (1922).jpg,Normal,Normal- (1922)
data\raw\kaggle\Normal\Normal- (4297).jpg,Normal,Normal- (4297)
data\raw\kaggle\Normal\Normal- (2856).jpg,Normal,Normal- (2856)
data\raw\kaggle\Normal\Normal- (1099).jpg,Normal,Normal- (1099)
data\raw\kaggle\Normal\Normal- (3048).jpg,Normal,Normal- (3048)
data\raw\kaggle\Normal\Normal- (4716).jpg,Normal,Normal- (4716)
data\raw\kaggle\Normal\Normal- (1058).jpg,Normal,Normal- (1058)
data\raw\kaggle\Normal\Normal- (2180).jpg,Normal,Normal- (2180)
data\raw\kaggle\Normal\Normal- (2782).jpg,Normal,Normal- (2782)
data\raw\kaggle\Normal\Normal- (2271).jpg,Normal,Normal- (2271)
data\raw\kaggle\Normal\Normal- (2305).jpg,Normal,Normal- (2305)
data\raw\kaggle\Normal\Normal- (4479).jpg,Normal,Normal- (4479)
data\raw\kaggle\Normal\Normal- (1655).jpg,Normal,Normal- (1655)
data\raw\kaggle\Normal\Normal- (3478).jpg,Normal,Normal- (3478)
data\raw\kaggle\Normal\Normal- (1875).jpg,Normal,Normal- (1875)
data\raw\kaggle\Normal\Normal- (2715).jpg,Normal,Normal- (2715)
data\raw\kaggle\Normal\Normal- (41).jpg,Normal,Normal- (41)
data\raw\kaggle\Normal\Normal- (3947).jpg,Normal,Normal- (3947)
data\raw\kaggle\Normal\Normal- (853).jpg,Normal,Normal- (853)
data\raw\kaggle\Normal\Normal- (4506).jpg,Normal,Normal- (4506)
data\raw\kaggle\Normal\Normal- (4754).jpg,Normal,Normal- (4754)
data\raw\kaggle\Normal\Normal- (3977).jpg,Normal,Normal- (3977)
data\raw\kaggle\Normal\Normal- (868).jpg,Normal,Normal- (868)
data\raw\kaggle\Normal\Normal- (1751).jpg,Normal,Normal- (1751)
data\raw\kaggle\Normal\Normal- (842).jpg,Normal,Normal- (842)
data\raw\kaggle\Normal\Normal- (966).jpg,Normal,Normal- (966)
data\raw\kaggle\Normal\Normal- (1365).jpg,Normal,Normal- (1365)
data\raw\kaggle\Normal\Normal- (3327).jpg,Normal,Normal- (3327)
data\raw\kaggle\Normal\Normal- (2773).jpg,Normal,Normal- (2773)
data\raw\kaggle\Normal\Normal- (1399).jpg,Normal,Normal- (1399)
data\raw\kaggle\Normal\Normal- (3755).jpg,Normal,Normal- (3755)
data\raw\kaggle\Normal\Normal- (261).jpg,Normal,Normal- (261)
data\raw\kaggle\Normal\Normal- (1218).jpg,Normal,Normal- (1218)
data\raw\kaggle\Normal\Normal- (4085).jpg,Normal,Normal- (4085)
data\raw\kaggle\Normal\Normal- (3743).jpg,Normal,Normal- (3743)
data\raw\kaggle\Normal\Normal- (4563).jpg,Normal,Normal- (4563)
data\raw\kaggle\Normal\Normal- (3599).jpg,Normal,Normal- (3599)
data\raw\kaggle\Normal\Normal- (3476).jpg,Normal,Normal- (3476)
data\raw\kaggle\Normal\Normal- (4691).jpg,Normal,Normal- (4691)
data\raw\kaggle\Normal\Normal- (109).jpg,Normal,Normal- (109)
data\raw\kaggle\Normal\Normal- (4417).jpg,Normal,Normal- (4417)
data\raw\kaggle\Normal\Normal- (1571).jpg,Normal,Normal- (1571)
data\raw\kaggle\Normal\Normal- (2327).jpg,Normal,Normal- (2327)
data\raw\kaggle\Normal\Normal- (2043).jpg,Normal,Normal- (2043)
data\raw\kaggle\Normal\Normal- (985).jpg,Normal,Normal- (985)
data\raw\kaggle\Normal\Normal- (1238).jpg,Normal,Normal- (1238)
data\raw\kaggle\Normal\Normal- (2069).jpg,Normal,Normal- (2069)
data\raw\kaggle\Normal\Normal- (475).jpg,Normal,Normal- (475)
data\raw\kaggle\Normal\Normal- (680).jpg,Normal,Normal- (680)
data\raw\kaggle\Normal\Normal- (1388).jpg,Normal,Normal- (1388)
data\raw\kaggle\Normal\Normal- (636).jpg,Normal,Normal- (636)
data\raw\kaggle\Normal\Normal- (36).jpg,Normal,Normal- (36)
data\raw\kaggle\Normal\Normal- (816).jpg,Normal,Normal- (816)
data\raw\kaggle\Normal\Normal- (744).jpg,Normal,Normal- (744)
data\raw\kaggle\Normal\Normal- (3494).jpg,Normal,Normal- (3494)
data\raw\kaggle\Normal\Normal- (1850).jpg,Normal,Normal- (1850)
data\raw\kaggle\Normal\Normal- (687).jpg,Normal,Normal- (687)
data\raw\kaggle\Normal\Normal- (4104).jpg,Normal,Normal- (4104)
data\raw\kaggle\Normal\Normal- (357).jpg,Normal,Normal- (357)
data\raw\kaggle\Normal\Normal- (3726).jpg,Normal,Normal- (3726)
data\raw\kaggle\Normal\Normal- (3602).jpg,Normal,Normal- (3602)
data\raw\kaggle\Normal\Normal- (4299).jpg,Normal,Normal- (4299)
data\raw\kaggle\Normal\Normal- (713).jpg,Normal,Normal- (713)
data\raw\kaggle\Normal\Normal- (450).jpg,Normal,Normal- (450)
data\raw\kaggle\Normal\Normal- (3031).jpg,Normal,Normal- (3031)
data\raw\kaggle\Normal\Normal- (2373).jpg,Normal,Normal- (2373)
data\raw\kaggle\Normal\Normal- (358).jpg,Normal,Normal- (358)
data\raw\kaggle\Normal\Normal- (1864).jpg,Normal,Normal- (1864)
data\raw\kaggle\Normal\Normal- (264).jpg,Normal,Normal- (264)
data\raw\kaggle\Normal\Normal- (1120).jpg,Normal,Normal- (1120)
data\raw\kaggle\Normal\Normal- (839).jpg,Normal,Normal- (839)
data\raw\kaggle\Normal\Normal- (1566).jpg,Normal,Normal- (1566)
data\raw\kaggle\Normal\Normal- (3232).jpg,Normal,Normal- (3232)
data\raw\kaggle\Normal\Normal- (4867).jpg,Normal,Normal- (4867)
data\raw\kaggle\Normal\Normal- (72).jpg,Normal,Normal- (72)
data\raw\kaggle\Normal\Normal- (3401).jpg,Normal,Normal- (3401)
data\raw\kaggle\Normal\Normal- (4516).jpg,Normal,Normal- (4516)
data\raw\kaggle\Normal\Normal- (4632).jpg,Normal,Normal- (4632)
data\raw\kaggle\Normal\Normal- (1320).jpg,Normal,Normal- (1320)
data\raw\kaggle\Normal\Normal- (894).jpg,Normal,Normal- (894)
data\raw\kaggle\Normal\Normal- (4119).jpg,Normal,Normal- (4119)
data\raw\kaggle\Normal\Normal- (9).jpg,Normal,Normal- (9)
data\raw\kaggle\Normal\Normal- (3753).jpg,Normal,Normal- (3753)
data\raw\kaggle\Normal\Normal- (219).jpg,Normal,Normal- (219)
data\raw\kaggle\Normal\Normal- (3146).jpg,Normal,Normal- (3146)
data\raw\kaggle\Normal\Normal- (1359).jpg,Normal,Normal- (1359)
data\raw\kaggle\Normal\Normal- (2909).jpg,Normal,Normal- (2909)
data\raw\kaggle\Normal\Normal- (3313).jpg,Normal,Normal- (3313)
data\raw\kaggle\Normal\Normal- (289).jpg,Normal,Normal- (289)
data\raw\kaggle\Normal\Normal- (4432).jpg,Normal,Normal- (4432)
data\raw\kaggle\Normal\Normal- (3699).jpg,Normal,Normal- (3699)
data\raw\kaggle\Normal\Normal- (1072).jpg,Normal,Normal- (1072)
data\raw\kaggle\Normal\Normal- (3455).jpg,Normal,Normal- (3455)
data\raw\kaggle\Normal\Normal- (649).jpg,Normal,Normal- (649)
data\raw\kaggle\Normal\Normal- (4020).jpg,Normal,Normal- (4020)
data\raw\kaggle\Normal\Normal- (2213).jpg,Normal,Normal- (2213)
data\raw\kaggle\Normal\Normal- (3658).jpg,Normal,Normal- (3658)
data\raw\kaggle\Normal\Normal- (3792).jpg,Normal,Normal- (3792)
data\raw\kaggle\Normal\Normal- (1297).jpg,Normal,Normal- (1297)
data\raw\kaggle\Normal\Normal- (2401).jpg,Normal,Normal- (2401)
data\raw\kaggle\Normal\Normal- (5046).jpg,Normal,Normal- (5046)
data\raw\kaggle\Normal\Normal- (100).jpg,Normal,Normal- (100)
data\raw\kaggle\Normal\Normal- (938).jpg,Normal,Normal- (938)
data\raw\kaggle\Normal\Normal- (4069).jpg,Normal,Normal- (4069)
data\raw\kaggle\Normal\Normal- (5039).jpg,Normal,Normal- (5039)
data\raw\kaggle\Normal\Normal- (1610).jpg,Normal,Normal- (1610)
data\raw\kaggle\Normal\Normal- (2647).jpg,Normal,Normal- (2647)
data\raw\kaggle\Normal\Normal- (3188).jpg,Normal,Normal- (3188)
data\raw\kaggle\Normal\Normal- (1485).jpg,Normal,Normal- (1485)
data\raw\kaggle\Normal\Normal- (2943).jpg,Normal,Normal- (2943)
data\raw\kaggle\Normal\Normal- (4547).jpg,Normal,Normal- (4547)
data\raw\kaggle\Normal\Normal- (1765).jpg,Normal,Normal- (1765)
data\raw\kaggle\Normal\Normal- (3012).jpg,Normal,Normal- (3012)
data\raw\kaggle\Normal\Normal- (4024).jpg,Normal,Normal- (4024)
data\raw\kaggle\Normal\Normal- (425).jpg,Normal,Normal- (425)
data\raw\kaggle\Normal\Normal- (4224).jpg,Normal,Normal- (4224)
data\raw\kaggle\Normal\Normal- (3623).jpg,Normal,Normal- (3623)
data\raw\kaggle\Normal\Normal- (4391).jpg,Normal,Normal- (4391)
data\raw\kaggle\Normal\Normal- (1683).jpg,Normal,Normal- (1683)
data\raw\kaggle\Normal\Normal- (1356).jpg,Normal,Normal- (1356)
data\raw\kaggle\Normal\Normal- (4929).jpg,Normal,Normal- (4929)
data\raw\kaggle\Normal\Normal- (5045).jpg,Normal,Normal- (5045)
data\raw\kaggle\Normal\Normal- (2766).jpg,Normal,Normal- (2766)
data\raw\kaggle\Normal\Normal- (196).jpg,Normal,Normal- (196)
data\raw\kaggle\Normal\Normal- (3276).jpg,Normal,Normal- (3276)
data\raw\kaggle\Normal\Normal- (3290).jpg,Normal,Normal- (3290)
data\raw\kaggle\Normal\Normal- (2702).jpg,Normal,Normal- (2702)
data\raw\kaggle\Normal\Normal- (3854).jpg,Normal,Normal- (3854)
data\raw\kaggle\Normal\Normal- (2476).jpg,Normal,Normal- (2476)
data\raw\kaggle\Normal\Normal- (3939).jpg,Normal,Normal- (3939)
data\raw\kaggle\Normal\Normal- (4017).jpg,Normal,Normal- (4017)
data\raw\kaggle\Normal\Normal- (2021).jpg,Normal,Normal- (2021)
data\raw\kaggle\Normal\Normal- (4493).jpg,Normal,Normal- (4493)
data\raw\kaggle\Normal\Normal- (1387).jpg,Normal,Normal- (1387)
data\raw\kaggle\Normal\Normal- (2540).jpg,Normal,Normal- (2540)
data\raw\kaggle\Normal\Normal- (2825).jpg,Normal,Normal- (2825)
data\raw\kaggle\Normal\Normal- (4826).jpg,Normal,Normal- (4826)
data\raw\kaggle\Normal\Normal- (5021).jpg,Normal,Normal- (5021)
data\raw\kaggle\Normal\Normal- (1026).jpg,Normal,Normal- (1026)
data\raw\kaggle\Normal\Normal- (4562).jpg,Normal,Normal- (4562)
data\raw\kaggle\Normal\Normal- (3612).jpg,Normal,Normal- (3612)
data\raw\kaggle\Normal\Normal- (1222).jpg,Normal,Normal- (1222)
data\raw\kaggle\Normal\Normal- (3028).jpg,Normal,Normal- (3028)
data\raw\kaggle\Normal\Normal- (2008).jpg,Normal,Normal- (2008)
data\raw\kaggle\Normal\Normal- (4637).jpg,Normal,Normal- (4637)
data\raw\kaggle\Normal\Normal- (3044).jpg,Normal,Normal- (3044)
data\raw\kaggle\Normal\Normal- (3870).jpg,Normal,Normal- (3870)
data\raw\kaggle\Normal\Normal- (3436).jpg,Normal,Normal- (3436)
data\raw\kaggle\Normal\Normal- (550).jpg,Normal,Normal- (550)
data\raw\kaggle\Normal\Normal- (3618).jpg,Normal,Normal- (3618)
data\raw\kaggle\Normal\Normal- (3376).jpg,Normal,Normal- (3376)
data\raw\kaggle\Normal\Normal- (3225).jpg,Normal,Normal- (3225)
data\raw\kaggle\Normal\Normal- (3053).jpg,Normal,Normal- (3053)
data\raw\kaggle\Normal\Normal- (1344).jpg,Normal,Normal- (1344)
data\raw\kaggle\Normal\Normal- (2144).jpg,Normal,Normal- (2144)
data\raw\kaggle\Normal\Normal- (4064).jpg,Normal,Normal- (4064)
data\raw\kaggle\Normal\Normal- (3089).jpg,Normal,Normal- (3089)
data\raw\kaggle\Normal\Normal- (4744).jpg,Normal,Normal- (4744)
data\raw\kaggle\Normal\Normal- (4211).jpg,Normal,Normal- (4211)
data\raw\kaggle\Normal\Normal- (2025).jpg,Normal,Normal- (2025)
data\raw\kaggle\Normal\Normal- (3531).jpg,Normal,Normal- (3531)
data\raw\kaggle\Normal\Normal- (5011).jpg,Normal,Normal- (5011)
data\raw\kaggle\Normal\Normal- (1427).jpg,Normal,Normal- (1427)
data\raw\kaggle\Normal\Normal- (1506).jpg,Normal,Normal- (1506)
data\raw\kaggle\Normal\Normal- (2906).jpg,Normal,Normal- (2906)
data\raw\kaggle\Normal\Normal- (1150).jpg,Normal,Normal- (1150)
data\raw\kaggle\Normal\Normal- (714).jpg,Normal,Normal- (714)
data\raw\kaggle\Normal\Normal- (3343).jpg,Normal,Normal- (3343)
data\raw\kaggle\Normal\Normal- (1376).jpg,Normal,Normal- (1376)
data\raw\kaggle\Normal\Normal- (1482).jpg,Normal,Normal- (1482)
data\raw\kaggle\Normal\Normal- (2739).jpg,Normal,Normal- (2739)
data\raw\kaggle\Normal\Normal- (19).jpg,Normal,Normal- (19)
data\raw\kaggle\Normal\Normal- (3668).jpg,Normal,Normal- (3668)
data\raw\kaggle\Normal\Normal- (1480).jpg,Normal,Normal- (1480)
data\raw\kaggle\Normal\Normal- (771).jpg,Normal,Normal- (771)
data\raw\kaggle\Normal\Normal- (1860).jpg,Normal,Normal- (1860)
data\raw\kaggle\Normal\Normal- (2826).jpg,Normal,Normal- (2826)
data\raw\kaggle\Normal\Normal- (3224).jpg,Normal,Normal- (3224)
data\raw\kaggle\Normal\Normal- (4313).jpg,Normal,Normal- (4313)
data\raw\kaggle\Normal\Normal- (4882).jpg,Normal,Normal- (4882)
data\raw\kaggle\Normal\Normal- (2721).jpg,Normal,Normal- (2721)
data\raw\kaggle\Normal\Normal- (1390).jpg,Normal,Normal- (1390)
data\raw\kaggle\Normal\Normal- (2045).jpg,Normal,Normal- (2045)
data\raw\kaggle\Normal\Normal- (974).jpg,Normal,Normal- (974)
data\raw\kaggle\Normal\Normal- (4089).jpg,Normal,Normal- (4089)
data\raw\kaggle\Normal\Normal- (3102).jpg,Normal,Normal- (3102)
data\raw\kaggle\Normal\Normal- (2368).jpg,Normal,Normal- (2368)
data\raw\kaggle\Normal\Normal- (4452).jpg,Normal,Normal- (4452)
data\raw\kaggle\Normal\Normal- (2182).jpg,Normal,Normal- (2182)
data\raw\kaggle\Normal\Normal- (3366).jpg,Normal,Normal- (3366)
data\raw\kaggle\Normal\Normal- (1816).jpg,Normal,Normal- (1816)
data\raw\kaggle\Normal\Normal- (4204).jpg,Normal,Normal- (4204)
data\raw\kaggle\Normal\Normal- (2873).jpg,Normal,Normal- (2873)
data\raw\kaggle\Normal\Normal- (3581).jpg,Normal,Normal- (3581)
data\raw\kaggle\Normal\Normal- (4401).jpg,Normal,Normal- (4401)
data\raw\kaggle\Normal\Normal- (3002).jpg,Normal,Normal- (3002)
data\raw\kaggle\Normal\Normal- (824).jpg,Normal,Normal- (824)
data\raw\kaggle\Normal\Normal- (2932).jpg,Normal,Normal- (2932)
data\raw\kaggle\Normal\Normal- (546).jpg,Normal,Normal- (546)
data\raw\kaggle\Normal\Normal- (3884).jpg,Normal,Normal- (3884)
data\raw\kaggle\Normal\Normal- (307).jpg,Normal,Normal- (307)
data\raw\kaggle\Normal\Normal- (4581).jpg,Normal,Normal- (4581)
data\raw\kaggle\Normal\Normal- (5055).jpg,Normal,Normal- (5055)
data\raw\kaggle\Normal\Normal- (1955).jpg,Normal,Normal- (1955)
data\raw\kaggle\Normal\Normal- (3896).jpg,Normal,Normal- (3896)
data\raw\kaggle\Normal\Normal- (2853).jpg,Normal,Normal- (2853)
data\raw\kaggle\Normal\Normal- (4097).jpg,Normal,Normal- (4097)
data\raw\kaggle\Normal\Normal- (2460).jpg,Normal,Normal- (2460)
data\raw\kaggle\Normal\Normal- (3611).jpg,Normal,Normal- (3611)
data\raw\kaggle\Normal\Normal- (3281).jpg,Normal,Normal- (3281)
data\raw\kaggle\Normal\Normal- (1640).jpg,Normal,Normal- (1640)
data\raw\kaggle\Normal\Normal- (2987).jpg,Normal,Normal- (2987)
data\raw\kaggle\Normal\Normal- (1081).jpg,Normal,Normal- (1081)
data\raw\kaggle\Normal\Normal- (762).jpg,Normal,Normal- (762)
data\raw\kaggle\Normal\Normal- (995).jpg,Normal,Normal- (995)
data\raw\kaggle\Normal\Normal- (470).jpg,Normal,Normal- (470)
data\raw\kaggle\Normal\Normal- (1654).jpg,Normal,Normal- (1654)
data\raw\kaggle\Normal\Normal- (2226).jpg,Normal,Normal- (2226)
data\raw\kaggle\Normal\Normal- (2400).jpg,Normal,Normal- (2400)
data\raw\kaggle\Normal\Normal- (523).jpg,Normal,Normal- (523)
data\raw\kaggle\Normal\Normal- (764).jpg,Normal,Normal- (764)
data\raw\kaggle\Normal\Normal- (1820).jpg,Normal,Normal- (1820)
data\raw\kaggle\Normal\Normal- (2834).jpg,Normal,Normal- (2834)
data\raw\kaggle\Normal\Normal- (117).jpg,Normal,Normal- (117)
data\raw\kaggle\Normal\Normal- (1346).jpg,Normal,Normal- (1346)
data\raw\kaggle\Normal\Normal- (466).jpg,Normal,Normal- (466)
data\raw\kaggle\Normal\Normal- (1307).jpg,Normal,Normal- (1307)
data\raw\kaggle\Normal\Normal- (2121).jpg,Normal,Normal- (2121)
data\raw\kaggle\Normal\Normal- (693).jpg,Normal,Normal- (693)
data\raw\kaggle\Normal\Normal- (518).jpg,Normal,Normal- (518)
data\raw\kaggle\Normal\Normal- (3336).jpg,Normal,Normal- (3336)
data\raw\kaggle\Normal\Normal- (4078).jpg,Normal,Normal- (4078)
data\raw\kaggle\Normal\Normal- (1918).jpg,Normal,Normal- (1918)
data\raw\kaggle\Normal\Normal- (2000).jpg,Normal,Normal- (2000)
data\raw\kaggle\Normal\Normal- (1658).jpg,Normal,Normal- (1658)
data\raw\kaggle\Normal\Normal- (2827).jpg,Normal,Normal- (2827)
data\raw\kaggle\Normal\Normal- (3181).jpg,Normal,Normal- (3181)
data\raw\kaggle\Normal\Normal- (73).jpg,Normal,Normal- (73)
data\raw\kaggle\Normal\Normal- (3628).jpg,Normal,Normal- (3628)
data\raw\kaggle\Normal\Normal- (128).jpg,Normal,Normal- (128)
data\raw\kaggle\Normal\Normal- (1766).jpg,Normal,Normal- (1766)
data\raw\kaggle\Normal\Normal- (1825).jpg,Normal,Normal- (1825)
data\raw\kaggle\Normal\Normal- (561).jpg,Normal,Normal- (561)
data\raw\kaggle\Normal\Normal- (3496).jpg,Normal,Normal- (3496)
data\raw\kaggle\Normal\Normal- (1788).jpg,Normal,Normal- (1788)
data\raw\kaggle\Normal\Normal- (1715).jpg,Normal,Normal- (1715)
data\raw\kaggle\Normal\Normal- (70).jpg,Normal,Normal- (70)
data\raw\kaggle\Normal\Normal- (4070).jpg,Normal,Normal- (4070)
data\raw\kaggle\Normal\Normal- (63).jpg,Normal,Normal- (63)
data\raw\kaggle\Normal\Normal- (3216).jpg,Normal,Normal- (3216)
data\raw\kaggle\Normal\Normal- (3936).jpg,Normal,Normal- (3936)
data\raw\kaggle\Normal\Normal- (4962).jpg,Normal,Normal- (4962)
data\raw\kaggle\Normal\Normal- (4573).jpg,Normal,Normal- (4573)
data\raw\kaggle\Normal\Normal- (784).jpg,Normal,Normal- (784)
data\raw\kaggle\Normal\Normal- (1563).jpg,Normal,Normal- (1563)
data\raw\kaggle\Normal\Normal- (706).jpg,Normal,Normal- (706)
data\raw\kaggle\Normal\Normal- (61).jpg,Normal,Normal- (61)
data\raw\kaggle\Normal\Normal- (1905).jpg,Normal,Normal- (1905)
data\raw\kaggle\Normal\Normal- (3204).jpg,Normal,Normal- (3204)
data\raw\kaggle\Normal\Normal- (2027).jpg,Normal,Normal- (2027)
data\raw\kaggle\Normal\Normal- (4009).jpg,Normal,Normal- (4009)
data\raw\kaggle\Normal\Normal- (2382).jpg,Normal,Normal- (2382)
data\raw\kaggle\Normal\Normal- (4184).jpg,Normal,Normal- (4184)
data\raw\kaggle\Normal\Normal- (3569).jpg,Normal,Normal- (3569)
data\raw\kaggle\Normal\Normal- (768).jpg,Normal,Normal- (768)
data\raw\kaggle\Normal\Normal- (1741).jpg,Normal,Normal- (1741)
data\raw\kaggle\Normal\Normal- (3824).jpg,Normal,Normal- (3824)
data\raw\kaggle\Normal\Normal- (859).jpg,Normal,Normal- (859)
data\raw\kaggle\Normal\Normal- (144).jpg,Normal,Normal- (144)
data\raw\kaggle\Normal\Normal- (3522).jpg,Normal,Normal- (3522)
data\raw\kaggle\Normal\Normal- (1835).jpg,Normal,Normal- (1835)
data\raw\kaggle\Normal\Normal- (1649).jpg,Normal,Normal- (1649)
data\raw\kaggle\Normal\Normal- (3412).jpg,Normal,Normal- (3412)
data\raw\kaggle\Normal\Normal- (2104).jpg,Normal,Normal- (2104)
data\raw\kaggle\Normal\Normal- (3987).jpg,Normal,Normal- (3987)
data\raw\kaggle\Normal\Normal- (476).jpg,Normal,Normal- (476)
data\raw\kaggle\Normal\Normal- (4112).jpg,Normal,Normal- (4112)
data\raw\kaggle\Normal\Normal- (1705).jpg,Normal,Normal- (1705)
data\raw\kaggle\Normal\Normal- (3525).jpg,Normal,Normal- (3525)
data\raw\kaggle\Normal\Normal- (94).jpg,Normal,Normal- (94)
data\raw\kaggle\Normal\Normal- (66).jpg,Normal,Normal- (66)
data\raw\kaggle\Normal\Normal- (2029).jpg,Normal,Normal- (2029)
data\raw\kaggle\Normal\Normal- (1431).jpg,Normal,Normal- (1431)
data\raw\kaggle\Normal\Normal- (2416).jpg,Normal,Normal- (2416)
data\raw\kaggle\Normal\Normal- (242).jpg,Normal,Normal- (242)
data\raw\kaggle\Normal\Normal- (1504).jpg,Normal,Normal- (1504)
data\raw\kaggle\Normal\Normal- (4993).jpg,Normal,Normal- (4993)
data\raw\kaggle\Normal\Normal- (3112).jpg,Normal,Normal- (3112)
data\raw\kaggle\Normal\Normal- (3510).jpg,Normal,Normal- (3510)
data\raw\kaggle\Normal\Normal- (4937).jpg,Normal,Normal- (4937)
data\raw\kaggle\Normal\Normal- (2218).jpg,Normal,Normal- (2218)
data\raw\kaggle\Normal\Normal- (1096).jpg,Normal,Normal- (1096)
data\raw\kaggle\Normal\Normal- (2267).jpg,Normal,Normal- (2267)
data\raw\kaggle\Normal\Normal- (982).jpg,Normal,Normal- (982)
data\raw\kaggle\Normal\Normal- (2070).jpg,Normal,Normal- (2070)
data\raw\kaggle\Normal\Normal- (1557).jpg,Normal,Normal- (1557)
data\raw\kaggle\Normal\Normal- (157).jpg,Normal,Normal- (157)
data\raw\kaggle\Normal\Normal- (2508).jpg,Normal,Normal- (2508)
data\raw\kaggle\Normal\Normal- (3454).jpg,Normal,Normal- (3454)
data\raw\kaggle\Normal\Normal- (4592).jpg,Normal,Normal- (4592)
data\raw\kaggle\Normal\Normal- (5025).jpg,Normal,Normal- (5025)
data\raw\kaggle\Normal\Normal- (777).jpg,Normal,Normal- (777)
data\raw\kaggle\Normal\Normal- (3046).jpg,Normal,Normal- (3046)
data\raw\kaggle\Normal\Normal- (127).jpg,Normal,Normal- (127)
data\raw\kaggle\Normal\Normal- (696).jpg,Normal,Normal- (696)
data\raw\kaggle\Normal\Normal- (2819).jpg,Normal,Normal- (2819)
data\raw\kaggle\Normal\Normal- (534).jpg,Normal,Normal- (534)
data\raw\kaggle\Normal\Normal- (825).jpg,Normal,Normal- (825)
data\raw\kaggle\Normal\Normal- (2757).jpg,Normal,Normal- (2757)
data\raw\kaggle\Normal\Normal- (3268).jpg,Normal,Normal- (3268)
data\raw\kaggle\Normal\Normal- (3526).jpg,Normal,Normal- (3526)
data\raw\kaggle\Normal\Normal- (2378).jpg,Normal,Normal- (2378)
data\raw\kaggle\Normal\Normal- (1923).jpg,Normal,Normal- (1923)
data\raw\kaggle\Normal\Normal- (4623).jpg,Normal,Normal- (4623)
data\raw\kaggle\Normal\Normal- (355).jpg,Normal,Normal- (355)
data\raw\kaggle\Normal\Normal- (1394).jpg,Normal,Normal- (1394)
data\raw\kaggle\Normal\Normal- (1090).jpg,Normal,Normal- (1090)
data\raw\kaggle\Normal\Normal- (3582).jpg,Normal,Normal- (3582)
data\raw\kaggle\Normal\Normal- (1752).jpg,Normal,Normal- (1752)
data\raw\kaggle\Normal\Normal- (2864).jpg,Normal,Normal- (2864)
data\raw\kaggle\Normal\Normal- (1733).jpg,Normal,Normal- (1733)
data\raw\kaggle\Normal\Normal- (120).jpg,Normal,Normal- (120)
data\raw\kaggle\Normal\Normal- (2546).jpg,Normal,Normal- (2546)
data\raw\kaggle\Normal\Normal- (3584).jpg,Normal,Normal- (3584)
data\raw\kaggle\Normal\Normal- (4923).jpg,Normal,Normal- (4923)
data\raw\kaggle\Normal\Normal- (3956).jpg,Normal,Normal- (3956)
data\raw\kaggle\Normal\Normal- (1142).jpg,Normal,Normal- (1142)
data\raw\kaggle\Normal\Normal- (296).jpg,Normal,Normal- (296)
data\raw\kaggle\Normal\Normal- (1420).jpg,Normal,Normal- (1420)
data\raw\kaggle\Normal\Normal- (2554).jpg,Normal,Normal- (2554)
data\raw\kaggle\Normal\Normal- (3460).jpg,Normal,Normal- (3460)
data\raw\kaggle\Normal\Normal- (863).jpg,Normal,Normal- (863)
data\raw\kaggle\Normal\Normal- (3729).jpg,Normal,Normal- (3729)
data\raw\kaggle\Normal\Normal- (2331).jpg,Normal,Normal- (2331)
data\raw\kaggle\Normal\Normal- (3060).jpg,Normal,Normal- (3060)
data\raw\kaggle\Normal\Normal- (241).jpg,Normal,Normal- (241)
data\raw\kaggle\Normal\Normal- (2962).jpg,Normal,Normal- (2962)
data\raw\kaggle\Normal\Normal- (386).jpg,Normal,Normal- (386)
data\raw\kaggle\Normal\Normal- (1978).jpg,Normal,Normal- (1978)
data\raw\kaggle\Normal\Normal- (2577).jpg,Normal,Normal- (2577)
data\raw\kaggle\Normal\Normal- (3190).jpg,Normal,Normal- (3190)
data\raw\kaggle\Normal\Normal- (4722).jpg,Normal,Normal- (4722)
data\raw\kaggle\Normal\Normal- (711).jpg,Normal,Normal- (711)
data\raw\kaggle\Normal\Normal- (4977).jpg,Normal,Normal- (4977)
data\raw\kaggle\Normal\Normal- (3082).jpg,Normal,Normal- (3082)
data\raw\kaggle\Normal\Normal- (1673).jpg,Normal,Normal- (1673)
data\raw\kaggle\Normal\Normal- (3411).jpg,Normal,Normal- (3411)
data\raw\kaggle\Normal\Normal- (857).jpg,Normal,Normal- (857)
data\raw\kaggle\Normal\Normal- (4721).jpg,Normal,Normal- (4721)
data\raw\kaggle\Normal\Normal- (2755).jpg,Normal,Normal- (2755)
data\raw\kaggle\Normal\Normal- (2411).jpg,Normal,Normal- (2411)
data\raw\kaggle\Normal\Normal- (3066).jpg,Normal,Normal- (3066)
data\raw\kaggle\Normal\Normal- (1724).jpg,Normal,Normal- (1724)
data\raw\kaggle\Normal\Normal- (3941).jpg,Normal,Normal- (3941)
data\raw\kaggle\Normal\Normal- (2583).jpg,Normal,Normal- (2583)
data\raw\kaggle\Normal\Normal- (1338).jpg,Normal,Normal- (1338)
data\raw\kaggle\Normal\Normal- (4534).jpg,Normal,Normal- (4534)
data\raw\kaggle\Normal\Normal- (609).jpg,Normal,Normal- (609)
data\raw\kaggle\Normal\Normal- (1336).jpg,Normal,Normal- (1336)
data\raw\kaggle\Normal\Normal- (2538).jpg,Normal,Normal- (2538)
data\raw\kaggle\Normal\Normal- (807).jpg,Normal,Normal- (807)
data\raw\kaggle\Normal\Normal- (4743).jpg,Normal,Normal- (4743)
data\raw\kaggle\Normal\Normal- (2551).jpg,Normal,Normal- (2551)
data\raw\kaggle\Normal\Normal- (3521).jpg,Normal,Normal- (3521)
data\raw\kaggle\Normal\Normal- (572).jpg,Normal,Normal- (572)
data\raw\kaggle\Normal\Normal- (4952).jpg,Normal,Normal- (4952)
data\raw\kaggle\Normal\Normal- (1042).jpg,Normal,Normal- (1042)
data\raw\kaggle\Normal\Normal- (907).jpg,Normal,Normal- (907)
data\raw\kaggle\Normal\Normal- (1758).jpg,Normal,Normal- (1758)
data\raw\kaggle\Normal\Normal- (556).jpg,Normal,Normal- (556)
data\raw\kaggle\Normal\Normal- (1144).jpg,Normal,Normal- (1144)
data\raw\kaggle\Normal\Normal- (4875).jpg,Normal,Normal- (4875)
data\raw\kaggle\Normal\Normal- (479).jpg,Normal,Normal- (479)
data\raw\kaggle\Normal\Normal- (3827).jpg,Normal,Normal- (3827)
data\raw\kaggle\Normal\Normal- (420).jpg,Normal,Normal- (420)
data\raw\kaggle\Normal\Normal- (4762).jpg,Normal,Normal- (4762)
data\raw\kaggle\Normal\Normal- (3772).jpg,Normal,Normal- (3772)
data\raw\kaggle\Normal\Normal- (1604).jpg,Normal,Normal- (1604)
data\raw\kaggle\Normal\Normal- (4760).jpg,Normal,Normal- (4760)
data\raw\kaggle\Normal\Normal- (2910).jpg,Normal,Normal- (2910)
data\raw\kaggle\Normal\Normal- (3856).jpg,Normal,Normal- (3856)
data\raw\kaggle\Normal\Normal- (1139).jpg,Normal,Normal- (1139)
data\raw\kaggle\Normal\Normal- (217).jpg,Normal,Normal- (217)
data\raw\kaggle\Normal\Normal- (2662).jpg,Normal,Normal- (2662)
data\raw\kaggle\Normal\Normal- (913).jpg,Normal,Normal- (913)
data\raw\kaggle\Normal\Normal- (3952).jpg,Normal,Normal- (3952)
data\raw\kaggle\Normal\Normal- (3916).jpg,Normal,Normal- (3916)
data\raw\kaggle\Normal\Normal- (2544).jpg,Normal,Normal- (2544)
data\raw\kaggle\Normal\Normal- (3607).jpg,Normal,Normal- (3607)
data\raw\kaggle\Normal\Normal- (3187).jpg,Normal,Normal- (3187)
data\raw\kaggle\Normal\Normal- (1568).jpg,Normal,Normal- (1568)
data\raw\kaggle\Normal\Normal- (2426).jpg,Normal,Normal- (2426)
data\raw\kaggle\Normal\Normal- (4461).jpg,Normal,Normal- (4461)
data\raw\kaggle\Normal\Normal- (4447).jpg,Normal,Normal- (4447)
data\raw\kaggle\Normal\Normal- (3756).jpg,Normal,Normal- (3756)
data\raw\kaggle\Normal\Normal- (1189).jpg,Normal,Normal- (1189)
data\raw\kaggle\Normal\Normal- (4842).jpg,Normal,Normal- (4842)
data\raw\kaggle\Normal\Normal- (3905).jpg,Normal,Normal- (3905)
data\raw\kaggle\Normal\Normal- (4263).jpg,Normal,Normal- (4263)
data\raw\kaggle\Normal\Normal- (2779).jpg,Normal,Normal- (2779)
data\raw\kaggle\Normal\Normal- (99).jpg,Normal,Normal- (99)
data\raw\kaggle\Normal\Normal- (3724).jpg,Normal,Normal- (3724)
data\raw\kaggle\Normal\Normal- (2783).jpg,Normal,Normal- (2783)
data\raw\kaggle\Normal\Normal- (1964).jpg,Normal,Normal- (1964)
data\raw\kaggle\Normal\Normal- (1843).jpg,Normal,Normal- (1843)
data\raw\kaggle\Normal\Normal- (3226).jpg,Normal,Normal- (3226)
data\raw\kaggle\Normal\Normal- (1445).jpg,Normal,Normal- (1445)
data\raw\kaggle\Normal\Normal- (2103).jpg,Normal,Normal- (2103)
data\raw\kaggle\Normal\Normal- (105).jpg,Normal,Normal- (105)
data\raw\kaggle\Normal\Normal- (4712).jpg,Normal,Normal- (4712)
data\raw\kaggle\Normal\Normal- (4188).jpg,Normal,Normal- (4188)
data\raw\kaggle\Normal\Normal- (3481).jpg,Normal,Normal- (3481)
data\raw\kaggle\Normal\Normal- (1596).jpg,Normal,Normal- (1596)
data\raw\kaggle\Normal\Normal- (4309).jpg,Normal,Normal- (4309)
data\raw\kaggle\Normal\Normal- (3610).jpg,Normal,Normal- (3610)
data\raw\kaggle\Normal\Normal- (514).jpg,Normal,Normal- (514)
data\raw\kaggle\Normal\Normal- (4614).jpg,Normal,Normal- (4614)
data\raw\kaggle\Normal\Normal- (3635).jpg,Normal,Normal- (3635)
data\raw\kaggle\Normal\Normal- (507).jpg,Normal,Normal- (507)
data\raw\kaggle\Normal\Normal- (3305).jpg,Normal,Normal- (3305)
data\raw\kaggle\Normal\Normal- (3073).jpg,Normal,Normal- (3073)
data\raw\kaggle\Normal\Normal- (3712).jpg,Normal,Normal- (3712)
data\raw\kaggle\Normal\Normal- (2461).jpg,Normal,Normal- (2461)
data\raw\kaggle\Normal\Normal- (723).jpg,Normal,Normal- (723)
data\raw\kaggle\Normal\Normal- (224).jpg,Normal,Normal- (224)
data\raw\kaggle\Normal\Normal- (3051).jpg,Normal,Normal- (3051)
data\raw\kaggle\Normal\Normal- (2430).jpg,Normal,Normal- (2430)
data\raw\kaggle\Normal\Normal- (3850).jpg,Normal,Normal- (3850)
data\raw\kaggle\Normal\Normal- (551).jpg,Normal,Normal- (551)
data\raw\kaggle\Normal\Normal- (3875).jpg,Normal,Normal- (3875)
data\raw\kaggle\Normal\Normal- (290).jpg,Normal,Normal- (290)
data\raw\kaggle\Normal\Normal- (3707).jpg,Normal,Normal- (3707)
data\raw\kaggle\Normal\Normal- (2922).jpg,Normal,Normal- (2922)
data\raw\kaggle\Normal\Normal- (4550).jpg,Normal,Normal- (4550)
data\raw\kaggle\Normal\Normal- (4052).jpg,Normal,Normal- (4052)
data\raw\kaggle\Normal\Normal- (3555).jpg,Normal,Normal- (3555)
data\raw\kaggle\Normal\Normal- (3637).jpg,Normal,Normal- (3637)
data\raw\kaggle\Normal\Normal- (2631).jpg,Normal,Normal- (2631)
data\raw\kaggle\Normal\Normal- (2594).jpg,Normal,Normal- (2594)
data\raw\kaggle\Normal\Normal- (2897).jpg,Normal,Normal- (2897)
data\raw\kaggle\Normal\Normal- (1534).jpg,Normal,Normal- (1534)
data\raw\kaggle\Normal\Normal- (3669).jpg,Normal,Normal- (3669)
data\raw\kaggle\Normal\Normal- (668).jpg,Normal,Normal- (668)
data\raw\kaggle\Normal\Normal- (2741).jpg,Normal,Normal- (2741)
data\raw\kaggle\Normal\Normal- (2010).jpg,Normal,Normal- (2010)
data\raw\kaggle\Normal\Normal- (4693).jpg,Normal,Normal- (4693)
data\raw\kaggle\Normal\Normal- (3647).jpg,Normal,Normal- (3647)
data\raw\kaggle\Normal\Normal- (628).jpg,Normal,Normal- (628)
data\raw\kaggle\Normal\Normal- (4221).jpg,Normal,Normal- (4221)
data\raw\kaggle\Normal\Normal- (1350).jpg,Normal,Normal- (1350)
data\raw\kaggle\Normal\Normal- (428).jpg,Normal,Normal- (428)
data\raw\kaggle\Normal\Normal- (1906).jpg,Normal,Normal- (1906)
data\raw\kaggle\Normal\Normal- (1826).jpg,Normal,Normal- (1826)
data\raw\kaggle\Normal\Normal- (5068).jpg,Normal,Normal- (5068)
data\raw\kaggle\Normal\Normal- (1895).jpg,Normal,Normal- (1895)
data\raw\kaggle\Normal\Normal- (902).jpg,Normal,Normal- (902)
data\raw\kaggle\Normal\Normal- (3021).jpg,Normal,Normal- (3021)
data\raw\kaggle\Normal\Normal- (2699).jpg,Normal,Normal- (2699)
data\raw\kaggle\Normal\Normal- (4567).jpg,Normal,Normal- (4567)
data\raw\kaggle\Normal\Normal- (1456).jpg,Normal,Normal- (1456)
data\raw\kaggle\Normal\Normal- (3388).jpg,Normal,Normal- (3388)
data\raw\kaggle\Normal\Normal- (3394).jpg,Normal,Normal- (3394)
data\raw\kaggle\Normal\Normal- (1924).jpg,Normal,Normal- (1924)
data\raw\kaggle\Normal\Normal- (2796).jpg,Normal,Normal- (2796)
data\raw\kaggle\Normal\Normal- (3145).jpg,Normal,Normal- (3145)
data\raw\kaggle\Normal\Normal- (4418).jpg,Normal,Normal- (4418)
data\raw\kaggle\Normal\Normal- (2036).jpg,Normal,Normal- (2036)
data\raw\kaggle\Normal\Normal- (4910).jpg,Normal,Normal- (4910)
data\raw\kaggle\Normal\Normal- (3161).jpg,Normal,Normal- (3161)
data\raw\kaggle\Normal\Normal- (2559).jpg,Normal,Normal- (2559)
data\raw\kaggle\Normal\Normal- (53).jpg,Normal,Normal- (53)
data\raw\kaggle\Normal\Normal- (4694).jpg,Normal,Normal- (4694)
data\raw\kaggle\Normal\Normal- (1669).jpg,Normal,Normal- (1669)
data\raw\kaggle\Normal\Normal- (2390).jpg,Normal,Normal- (2390)
data\raw\kaggle\Normal\Normal- (4450).jpg,Normal,Normal- (4450)
data\raw\kaggle\Normal\Normal- (1137).jpg,Normal,Normal- (1137)
data\raw\kaggle\Normal\Normal- (2843).jpg,Normal,Normal- (2843)
data\raw\kaggle\Normal\Normal- (1998).jpg,Normal,Normal- (1998)
data\raw\kaggle\Normal\Normal- (4900).jpg,Normal,Normal- (4900)
data\raw\kaggle\Normal\Normal- (1880).jpg,Normal,Normal- (1880)
data\raw\kaggle\Normal\Normal- (4779).jpg,Normal,Normal- (4779)
data\raw\kaggle\Normal\Normal- (4079).jpg,Normal,Normal- (4079)
data\raw\kaggle\Normal\Normal- (2894).jpg,Normal,Normal- (2894)
data\raw\kaggle\Normal\Normal- (2146).jpg,Normal,Normal- (2146)
data\raw\kaggle\Normal\Normal- (1848).jpg,Normal,Normal- (1848)
data\raw\kaggle\Normal\Normal- (17).jpg,Normal,Normal- (17)
data\raw\kaggle\Normal\Normal- (2656).jpg,Normal,Normal- (2656)
data\raw\kaggle\Normal\Normal- (2811).jpg,Normal,Normal- (2811)
data\raw\kaggle\Normal\Normal- (1454).jpg,Normal,Normal- (1454)
data\raw\kaggle\Normal\Normal- (1069).jpg,Normal,Normal- (1069)
data\raw\kaggle\Normal\Normal- (2822).jpg,Normal,Normal- (2822)
data\raw\kaggle\Normal\Normal- (1014).jpg,Normal,Normal- (1014)
data\raw\kaggle\Normal\Normal- (1335).jpg,Normal,Normal- (1335)
data\raw\kaggle\Normal\Normal- (1666).jpg,Normal,Normal- (1666)
data\raw\kaggle\Normal\Normal- (975).jpg,Normal,Normal- (975)
data\raw\kaggle\Normal\Normal- (469).jpg,Normal,Normal- (469)
data\raw\kaggle\Normal\Normal- (5013).jpg,Normal,Normal- (5013)
data\raw\kaggle\Normal\Normal- (4092).jpg,Normal,Normal- (4092)
data\raw\kaggle\Normal\Normal- (4430).jpg,Normal,Normal- (4430)
data\raw\kaggle\Normal\Normal- (123).jpg,Normal,Normal- (123)
data\raw\kaggle\Normal\Normal- (3878).jpg,Normal,Normal- (3878)
data\raw\kaggle\Normal\Normal- (2324).jpg,Normal,Normal- (2324)
data\raw\kaggle\Normal\Normal- (3470).jpg,Normal,Normal- (3470)
data\raw\kaggle\Normal\Normal- (1432).jpg,Normal,Normal- (1432)
data\raw\kaggle\Normal\Normal- (656).jpg,Normal,Normal- (656)
data\raw\kaggle\Normal\Normal- (4295).jpg,Normal,Normal- (4295)
data\raw\kaggle\Normal\Normal- (5002).jpg,Normal,Normal- (5002)
data\raw\kaggle\Normal\Normal- (3210).jpg,Normal,Normal- (3210)
data\raw\kaggle\Normal\Normal- (731).jpg,Normal,Normal- (731)
data\raw\kaggle\Normal\Normal- (2550).jpg,Normal,Normal- (2550)
data\raw\kaggle\Normal\Normal- (3943).jpg,Normal,Normal- (3943)
data\raw\kaggle\Normal\Normal- (1565).jpg,Normal,Normal- (1565)
data\raw\kaggle\Normal\Normal- (1277).jpg,Normal,Normal- (1277)
data\raw\kaggle\Normal\Normal- (2355).jpg,Normal,Normal- (2355)
data\raw\kaggle\Normal\Normal- (3101).jpg,Normal,Normal- (3101)
data\raw\kaggle\Normal\Normal- (1243).jpg,Normal,Normal- (1243)
data\raw\kaggle\Normal\Normal- (5000).jpg,Normal,Normal- (5000)
data\raw\kaggle\Normal\Normal- (3583).jpg,Normal,Normal- (3583)
data\raw\kaggle\Normal\Normal- (1051).jpg,Normal,Normal- (1051)
data\raw\kaggle\Normal\Normal- (2417).jpg,Normal,Normal- (2417)
data\raw\kaggle\Normal\Normal- (4749).jpg,Normal,Normal- (4749)
data\raw\kaggle\Normal\Normal- (4615).jpg,Normal,Normal- (4615)
data\raw\kaggle\Normal\Normal- (533).jpg,Normal,Normal- (533)
data\raw\kaggle\Normal\Normal- (562).jpg,Normal,Normal- (562)
data\raw\kaggle\Normal\Normal- (2166).jpg,Normal,Normal- (2166)
data\raw\kaggle\Normal\Normal- (1838).jpg,Normal,Normal- (1838)
data\raw\kaggle\Normal\Normal- (4692).jpg,Normal,Normal- (4692)
data\raw\kaggle\Normal\Normal- (3883).jpg,Normal,Normal- (3883)
data\raw\kaggle\Normal\Normal- (2078).jpg,Normal,Normal- (2078)
data\raw\kaggle\Normal\Normal- (794).jpg,Normal,Normal- (794)
data\raw\kaggle\Normal\Normal- (1597).jpg,Normal,Normal- (1597)
data\raw\kaggle\Normal\Normal- (4954).jpg,Normal,Normal- (4954)
data\raw\kaggle\Normal\Normal- (4189).jpg,Normal,Normal- (4189)
data\raw\kaggle\Normal\Normal- (1444).jpg,Normal,Normal- (1444)
data\raw\kaggle\Normal\Normal- (2748).jpg,Normal,Normal- (2748)
data\raw\kaggle\Normal\Normal- (4400).jpg,Normal,Normal- (4400)
data\raw\kaggle\Normal\Normal- (431).jpg,Normal,Normal- (431)
data\raw\kaggle\Normal\Normal- (97).jpg,Normal,Normal- (97)
data\raw\kaggle\Normal\Normal- (2018).jpg,Normal,Normal- (2018)
data\raw\kaggle\Normal\Normal- (3795).jpg,Normal,Normal- (3795)
data\raw\kaggle\Normal\Normal- (854).jpg,Normal,Normal- (854)
data\raw\kaggle\Normal\Normal- (2303).jpg,Normal,Normal- (2303)
data\raw\kaggle\Normal\Normal- (1187).jpg,Normal,Normal- (1187)
data\raw\kaggle\Normal\Normal- (4529).jpg,Normal,Normal- (4529)
data\raw\kaggle\Normal\Normal- (4033).jpg,Normal,Normal- (4033)
data\raw\kaggle\Normal\Normal- (3339).jpg,Normal,Normal- (3339)
data\raw\kaggle\Normal\Normal- (3914).jpg,Normal,Normal- (3914)
data\raw\kaggle\Normal\Normal- (1443).jpg,Normal,Normal- (1443)
data\raw\kaggle\Normal\Normal- (1404).jpg,Normal,Normal- (1404)
data\raw\kaggle\Normal\Normal- (654).jpg,Normal,Normal- (654)
data\raw\kaggle\Normal\Normal- (3406).jpg,Normal,Normal- (3406)
data\raw\kaggle\Normal\Normal- (2698).jpg,Normal,Normal- (2698)
data\raw\kaggle\Normal\Normal- (802).jpg,Normal,Normal- (802)
data\raw\kaggle\Normal\Normal- (4168).jpg,Normal,Normal- (4168)
data\raw\kaggle\Normal\Normal- (4156).jpg,Normal,Normal- (4156)
data\raw\kaggle\Normal\Normal- (738).jpg,Normal,Normal- (738)
data\raw\kaggle\Normal\Normal- (965).jpg,Normal,Normal- (965)
data\raw\kaggle\Normal\Normal- (1130).jpg,Normal,Normal- (1130)
data\raw\kaggle\Normal\Normal- (986).jpg,Normal,Normal- (986)
data\raw\kaggle\Normal\Normal- (621).jpg,Normal,Normal- (621)
data\raw\kaggle\Normal\Normal- (4473).jpg,Normal,Normal- (4473)
data\raw\kaggle\Normal\Normal- (4213).jpg,Normal,Normal- (4213)
data\raw\kaggle\Normal\Normal- (1969).jpg,Normal,Normal- (1969)
data\raw\kaggle\Normal\Normal- (1706).jpg,Normal,Normal- (1706)
data\raw\kaggle\Normal\Normal- (348).jpg,Normal,Normal- (348)
data\raw\kaggle\Normal\Normal- (682).jpg,Normal,Normal- (682)
data\raw\kaggle\Normal\Normal- (4709).jpg,Normal,Normal- (4709)
data\raw\kaggle\Normal\Normal- (4110).jpg,Normal,Normal- (4110)
data\raw\kaggle\Normal\Normal- (3381).jpg,Normal,Normal- (3381)
data\raw\kaggle\Normal\Normal- (1303).jpg,Normal,Normal- (1303)
data\raw\kaggle\Normal\Normal- (672).jpg,Normal,Normal- (672)
data\raw\kaggle\Normal\Normal- (1118).jpg,Normal,Normal- (1118)
data\raw\kaggle\Normal\Normal- (4802).jpg,Normal,Normal- (4802)
data\raw\kaggle\Normal\Normal- (1888).jpg,Normal,Normal- (1888)
data\raw\kaggle\Normal\Normal- (4500).jpg,Normal,Normal- (4500)
data\raw\kaggle\Normal\Normal- (3659).jpg,Normal,Normal- (3659)
data\raw\kaggle\Normal\Normal- (191).jpg,Normal,Normal- (191)
data\raw\kaggle\Normal\Normal- (4608).jpg,Normal,Normal- (4608)
data\raw\kaggle\Normal\Normal- (1676).jpg,Normal,Normal- (1676)
data\raw\kaggle\Normal\Normal- (1678).jpg,Normal,Normal- (1678)
data\raw\kaggle\Normal\Normal- (2666).jpg,Normal,Normal- (2666)
data\raw\kaggle\Normal\Normal- (4876).jpg,Normal,Normal- (4876)
data\raw\kaggle\Normal\Normal- (3334).jpg,Normal,Normal- (3334)
data\raw\kaggle\Normal\Normal- (2672).jpg,Normal,Normal- (2672)
data\raw\kaggle\Normal\Normal- (2765).jpg,Normal,Normal- (2765)
data\raw\kaggle\Normal\Normal- (3533).jpg,Normal,Normal- (3533)
data\raw\kaggle\Normal\Normal- (2446).jpg,Normal,Normal- (2446)
data\raw\kaggle\Normal\Normal- (1411).jpg,Normal,Normal- (1411)
data\raw\kaggle\Normal\Normal- (1940).jpg,Normal,Normal- (1940)
data\raw\kaggle\Normal\Normal- (4660).jpg,Normal,Normal- (4660)
data\raw\kaggle\Normal\Normal- (1954).jpg,Normal,Normal- (1954)
data\raw\kaggle\Normal\Normal- (1930).jpg,Normal,Normal- (1930)
data\raw\kaggle\Normal\Normal- (2148).jpg,Normal,Normal- (2148)
data\raw\kaggle\Normal\Normal- (2441).jpg,Normal,Normal- (2441)
data\raw\kaggle\Normal\Normal- (2298).jpg,Normal,Normal- (2298)
data\raw\kaggle\Normal\Normal- (1956).jpg,Normal,Normal- (1956)
data\raw\kaggle\Normal\Normal- (1869).jpg,Normal,Normal- (1869)
data\raw\kaggle\Normal\Normal- (1907).jpg,Normal,Normal- (1907)
data\raw\kaggle\Normal\Normal- (3676).jpg,Normal,Normal- (3676)
data\raw\kaggle\Normal\Normal- (2745).jpg,Normal,Normal- (2745)
data\raw\kaggle\Normal\Normal- (3830).jpg,Normal,Normal- (3830)
data\raw\kaggle\Normal\Normal- (4105).jpg,Normal,Normal- (4105)
data\raw\kaggle\Normal\Normal- (1326).jpg,Normal,Normal- (1326)
data\raw\kaggle\Normal\Normal- (4809).jpg,Normal,Normal- (4809)
data\raw\kaggle\Normal\Normal- (1892).jpg,Normal,Normal- (1892)
data\raw\kaggle\Normal\Normal- (68).jpg,Normal,Normal- (68)
data\raw\kaggle\Normal\Normal- (4008).jpg,Normal,Normal- (4008)
data\raw\kaggle\Normal\Normal- (2759).jpg,Normal,Normal- (2759)
data\raw\kaggle\Normal\Normal- (3347).jpg,Normal,Normal- (3347)
data\raw\kaggle\Normal\Normal- (2427).jpg,Normal,Normal- (2427)
data\raw\kaggle\Normal\Normal- (1041).jpg,Normal,Normal- (1041)
data\raw\kaggle\Normal\Normal- (3940).jpg,Normal,Normal- (3940)
data\raw\kaggle\Normal\Normal- (659).jpg,Normal,Normal- (659)
data\raw\kaggle\Normal\Normal- (2124).jpg,Normal,Normal- (2124)
data\raw\kaggle\Normal\Normal- (2593).jpg,Normal,Normal- (2593)
data\raw\kaggle\Normal\Normal- (1396).jpg,Normal,Normal- (1396)
data\raw\kaggle\Normal\Normal- (4871).jpg,Normal,Normal- (4871)
data\raw\kaggle\Normal\Normal- (4180).jpg,Normal,Normal- (4180)
data\raw\kaggle\Normal\Normal- (1193).jpg,Normal,Normal- (1193)
data\raw\kaggle\Normal\Normal- (2161).jpg,Normal,Normal- (2161)
data\raw\kaggle\Normal\Normal- (446).jpg,Normal,Normal- (446)
data\raw\kaggle\Normal\Normal- (4915).jpg,Normal,Normal- (4915)
data\raw\kaggle\Normal\Normal- (3067).jpg,Normal,Normal- (3067)
data\raw\kaggle\Normal\Normal- (5043).jpg,Normal,Normal- (5043)
data\raw\kaggle\Normal\Normal- (4262).jpg,Normal,Normal- (4262)
data\raw\kaggle\Normal\Normal- (3492).jpg,Normal,Normal- (3492)
data\raw\kaggle\Normal\Normal- (1223).jpg,Normal,Normal- (1223)
data\raw\kaggle\Normal\Normal- (1452).jpg,Normal,Normal- (1452)
data\raw\kaggle\Normal\Normal- (1511).jpg,Normal,Normal- (1511)
data\raw\kaggle\Normal\Normal- (4113).jpg,Normal,Normal- (4113)
data\raw\kaggle\Normal\Normal- (2177).jpg,Normal,Normal- (2177)
data\raw\kaggle\Normal\Normal- (2217).jpg,Normal,Normal- (2217)
data\raw\kaggle\Normal\Normal- (3794).jpg,Normal,Normal- (3794)
data\raw\kaggle\Normal\Normal- (2618).jpg,Normal,Normal- (2618)
data\raw\kaggle\Normal\Normal- (517).jpg,Normal,Normal- (517)
data\raw\kaggle\Normal\Normal- (3946).jpg,Normal,Normal- (3946)
data\raw\kaggle\Normal\Normal- (1899).jpg,Normal,Normal- (1899)
data\raw\kaggle\Normal\Normal- (102).jpg,Normal,Normal- (102)
data\raw\kaggle\Normal\Normal- (3817).jpg,Normal,Normal- (3817)
data\raw\kaggle\Normal\Normal- (2229).jpg,Normal,Normal- (2229)
data\raw\kaggle\Normal\Normal- (3426).jpg,Normal,Normal- (3426)
data\raw\kaggle\Normal\Normal- (310).jpg,Normal,Normal- (310)
data\raw\kaggle\Normal\Normal- (2863).jpg,Normal,Normal- (2863)
data\raw\kaggle\Normal\Normal- (3382).jpg,Normal,Normal- (3382)
data\raw\kaggle\Normal\Normal- (2006).jpg,Normal,Normal- (2006)
data\raw\kaggle\Normal\Normal- (4282).jpg,Normal,Normal- (4282)
data\raw\kaggle\Normal\Normal- (3260).jpg,Normal,Normal- (3260)
data\raw\kaggle\Normal\Normal- (3242).jpg,Normal,Normal- (3242)
data\raw\kaggle\Normal\Normal- (604).jpg,Normal,Normal- (604)
data\raw\kaggle\Normal\Normal- (2974).jpg,Normal,Normal- (2974)
data\raw\kaggle\Normal\Normal- (2156).jpg,Normal,Normal- (2156)
data\raw\kaggle\Normal\Normal- (2858).jpg,Normal,Normal- (2858)
data\raw\kaggle\Normal\Normal- (799).jpg,Normal,Normal- (799)
data\raw\kaggle\Normal\Normal- (1045).jpg,Normal,Normal- (1045)
data\raw\kaggle\Normal\Normal- (1279).jpg,Normal,Normal- (1279)
data\raw\kaggle\Normal\Normal- (1795).jpg,Normal,Normal- (1795)
data\raw\kaggle\Normal\Normal- (1935).jpg,Normal,Normal- (1935)
data\raw\kaggle\Normal\Normal- (2017).jpg,Normal,Normal- (2017)
data\raw\kaggle\Normal\Normal- (4073).jpg,Normal,Normal- (4073)
data\raw\kaggle\Normal\Normal- (2091).jpg,Normal,Normal- (2091)
data\raw\kaggle\Normal\Normal- (3705).jpg,Normal,Normal- (3705)
data\raw\kaggle\Normal\Normal- (3380).jpg,Normal,Normal- (3380)
data\raw\kaggle\Normal\Normal- (4416).jpg,Normal,Normal- (4416)
data\raw\kaggle\Normal\Normal- (1232).jpg,Normal,Normal- (1232)
data\raw\kaggle\Normal\Normal- (4419).jpg,Normal,Normal- (4419)
data\raw\kaggle\Normal\Normal- (1001).jpg,Normal,Normal- (1001)
data\raw\kaggle\Normal\Normal- (4266).jpg,Normal,Normal- (4266)
data\raw\kaggle\Normal\Normal- (2011).jpg,Normal,Normal- (2011)
data\raw\kaggle\Normal\Normal- (1447).jpg,Normal,Normal- (1447)
data\raw\kaggle\Normal\Normal- (334).jpg,Normal,Normal- (334)
data\raw\kaggle\Normal\Normal- (4411).jpg,Normal,Normal- (4411)
data\raw\kaggle\Normal\Normal- (4943).jpg,Normal,Normal- (4943)
data\raw\kaggle\Normal\Normal- (2872).jpg,Normal,Normal- (2872)
data\raw\kaggle\Normal\Normal- (906).jpg,Normal,Normal- (906)
data\raw\kaggle\Normal\Normal- (1239).jpg,Normal,Normal- (1239)
data\raw\kaggle\Normal\Normal- (3367).jpg,Normal,Normal- (3367)
data\raw\kaggle\Normal\Normal- (1043).jpg,Normal,Normal- (1043)
data\raw\kaggle\Normal\Normal- (2870).jpg,Normal,Normal- (2870)
data\raw\kaggle\Normal\Normal- (4935).jpg,Normal,Normal- (4935)
data\raw\kaggle\Normal\Normal- (3751).jpg,Normal,Normal- (3751)
data\raw\kaggle\Normal\Normal- (225).jpg,Normal,Normal- (225)
data\raw\kaggle\Normal\Normal- (2628).jpg,Normal,Normal- (2628)
data\raw\kaggle\Normal\Normal- (588).jpg,Normal,Normal- (588)
data\raw\kaggle\Normal\Normal- (3122).jpg,Normal,Normal- (3122)
data\raw\kaggle\Normal\Normal- (2899).jpg,Normal,Normal- (2899)
data\raw\kaggle\Normal\Normal- (1931).jpg,Normal,Normal- (1931)
data\raw\kaggle\Normal\Normal- (1463).jpg,Normal,Normal- (1463)
data\raw\kaggle\Normal\Normal- (4481).jpg,Normal,Normal- (4481)
data\raw\kaggle\Normal\Normal- (922).jpg,Normal,Normal- (922)
data\raw\kaggle\Normal\Normal- (1553).jpg,Normal,Normal- (1553)
data\raw\kaggle\Normal\Normal- (2237).jpg,Normal,Normal- (2237)
data\raw\kaggle\Normal\Normal- (1699).jpg,Normal,Normal- (1699)
data\raw\kaggle\Normal\Normal- (3567).jpg,Normal,Normal- (3567)
data\raw\kaggle\Normal\Normal- (2860).jpg,Normal,Normal- (2860)
data\raw\kaggle\Normal\Normal- (1160).jpg,Normal,Normal- (1160)
data\raw\kaggle\Normal\Normal- (3657).jpg,Normal,Normal- (3657)
data\raw\kaggle\Normal\Normal- (4238).jpg,Normal,Normal- (4238)
data\raw\kaggle\Normal\Normal- (1774).jpg,Normal,Normal- (1774)
data\raw\kaggle\Normal\Normal- (2113).jpg,Normal,Normal- (2113)
data\raw\kaggle\Normal\Normal- (4519).jpg,Normal,Normal- (4519)
data\raw\kaggle\Normal\Normal- (3257).jpg,Normal,Normal- (3257)
data\raw\kaggle\Normal\Normal- (3812).jpg,Normal,Normal- (3812)
data\raw\kaggle\Normal\Normal- (4817).jpg,Normal,Normal- (4817)
data\raw\kaggle\Normal\Normal- (716).jpg,Normal,Normal- (716)
data\raw\kaggle\Normal\Normal- (2126).jpg,Normal,Normal- (2126)
data\raw\kaggle\Normal\Normal- (2650).jpg,Normal,Normal- (2650)
data\raw\kaggle\Normal\Normal- (1786).jpg,Normal,Normal- (1786)
data\raw\kaggle\Normal\Normal- (3719).jpg,Normal,Normal- (3719)
data\raw\kaggle\Normal\Normal- (4558).jpg,Normal,Normal- (4558)
data\raw\kaggle\Normal\Normal- (1662).jpg,Normal,Normal- (1662)
data\raw\kaggle\Normal\Normal- (4903).jpg,Normal,Normal- (4903)
data\raw\kaggle\Normal\Normal- (4470).jpg,Normal,Normal- (4470)
data\raw\kaggle\Normal\Normal- (372).jpg,Normal,Normal- (372)
data\raw\kaggle\Normal\Normal- (468).jpg,Normal,Normal- (468)
data\raw\kaggle\Normal\Normal- (4798).jpg,Normal,Normal- (4798)
data\raw\kaggle\Normal\Normal- (2624).jpg,Normal,Normal- (2624)
data\raw\kaggle\Normal\Normal- (3289).jpg,Normal,Normal- (3289)
data\raw\kaggle\Normal\Normal- (1450).jpg,Normal,Normal- (1450)
data\raw\kaggle\Normal\Normal- (1870).jpg,Normal,Normal- (1870)
data\raw\kaggle\Normal\Normal- (1806).jpg,Normal,Normal- (1806)
data\raw\kaggle\Normal\Normal- (212).jpg,Normal,Normal- (212)
data\raw\kaggle\Normal\Normal- (203).jpg,Normal,Normal- (203)
data\raw\kaggle\Normal\Normal- (2585).jpg,Normal,Normal- (2585)
data\raw\kaggle\Normal\Normal- (2127).jpg,Normal,Normal- (2127)
data\raw\kaggle\Normal\Normal- (374).jpg,Normal,Normal- (374)
data\raw\kaggle\Normal\Normal- (1176).jpg,Normal,Normal- (1176)
data\raw\kaggle\Normal\Normal- (1105).jpg,Normal,Normal- (1105)
data\raw\kaggle\Normal\Normal- (4634).jpg,Normal,Normal- (4634)
data\raw\kaggle\Normal\Normal- (2343).jpg,Normal,Normal- (2343)
data\raw\kaggle\Normal\Normal- (2068).jpg,Normal,Normal- (2068)
data\raw\kaggle\Normal\Normal- (3575).jpg,Normal,Normal- (3575)
data\raw\kaggle\Normal\Normal- (1366).jpg,Normal,Normal- (1366)
data\raw\kaggle\Normal\Normal- (3801).jpg,Normal,Normal- (3801)
data\raw\kaggle\Normal\Normal- (582).jpg,Normal,Normal- (582)
data\raw\kaggle\Normal\Normal- (1333).jpg,Normal,Normal- (1333)
data\raw\kaggle\Normal\Normal- (4699).jpg,Normal,Normal- (4699)
data\raw\kaggle\Normal\Normal- (385).jpg,Normal,Normal- (385)
data\raw\kaggle\Normal\Normal- (2817).jpg,Normal,Normal- (2817)
data\raw\kaggle\Normal\Normal- (286).jpg,Normal,Normal- (286)
data\raw\kaggle\Normal\Normal- (3819).jpg,Normal,Normal- (3819)
data\raw\kaggle\Normal\Normal- (2545).jpg,Normal,Normal- (2545)
data\raw\kaggle\Normal\Normal- (563).jpg,Normal,Normal- (563)
data\raw\kaggle\Normal\Normal- (2450).jpg,Normal,Normal- (2450)
data\raw\kaggle\Normal\Normal- (1951).jpg,Normal,Normal- (1951)
data\raw\kaggle\Normal\Normal- (2178).jpg,Normal,Normal- (2178)
data\raw\kaggle\Normal\Normal- (472).jpg,Normal,Normal- (472)
data\raw\kaggle\Normal\Normal- (634).jpg,Normal,Normal- (634)
data\raw\kaggle\Normal\Normal- (822).jpg,Normal,Normal- (822)
data\raw\kaggle\Normal\Normal- (5049).jpg,Normal,Normal- (5049)
data\raw\kaggle\Normal\Normal- (3029).jpg,Normal,Normal- (3029)
data\raw\kaggle\Normal\Normal- (3097).jpg,Normal,Normal- (3097)
data\raw\kaggle\Normal\Normal- (4317).jpg,Normal,Normal- (4317)
data\raw\kaggle\Normal\Normal- (4337).jpg,Normal,Normal- (4337)
data\raw\kaggle\Normal\Normal- (4821).jpg,Normal,Normal- (4821)
data\raw\kaggle\Normal\Normal- (4289).jpg,Normal,Normal- (4289)
data\raw\kaggle\Normal\Normal- (471).jpg,Normal,Normal- (471)
data\raw\kaggle\Normal\Normal- (598).jpg,Normal,Normal- (598)
data\raw\kaggle\Normal\Normal- (2565).jpg,Normal,Normal- (2565)
data\raw\kaggle\Normal\Normal- (904).jpg,Normal,Normal- (904)
data\raw\kaggle\Normal\Normal- (1632).jpg,Normal,Normal- (1632)
data\raw\kaggle\Normal\Normal- (1821).jpg,Normal,Normal- (1821)
data\raw\kaggle\Normal\Normal- (400).jpg,Normal,Normal- (400)
data\raw\kaggle\Normal\Normal- (2960).jpg,Normal,Normal- (2960)
data\raw\kaggle\Normal\Normal- (767).jpg,Normal,Normal- (767)
data\raw\kaggle\Normal\Normal- (1898).jpg,Normal,Normal- (1898)
data\raw\kaggle\Normal\Normal- (3032).jpg,Normal,Normal- (3032)
data\raw\kaggle\Normal\Normal- (948).jpg,Normal,Normal- (948)
data\raw\kaggle\Normal\Normal- (899).jpg,Normal,Normal- (899)
data\raw\kaggle\Normal\Normal- (162).jpg,Normal,Normal- (162)
data\raw\kaggle\Normal\Normal- (1231).jpg,Normal,Normal- (1231)
data\raw\kaggle\Normal\Normal- (1441).jpg,Normal,Normal- (1441)
data\raw\kaggle\Normal\Normal- (304).jpg,Normal,Normal- (304)
data\raw\kaggle\Normal\Normal- (1770).jpg,Normal,Normal- (1770)
data\raw\kaggle\Normal\Normal- (875).jpg,Normal,Normal- (875)
data\raw\kaggle\Normal\Normal- (4645).jpg,Normal,Normal- (4645)
data\raw\kaggle\Normal\Normal- (75).jpg,Normal,Normal- (75)
data\raw\kaggle\Normal\Normal- (1592).jpg,Normal,Normal- (1592)
data\raw\kaggle\Normal\Normal- (49).jpg,Normal,Normal- (49)
data\raw\kaggle\Normal\Normal- (5036).jpg,Normal,Normal- (5036)
data\raw\kaggle\Normal\Normal- (4210).jpg,Normal,Normal- (4210)
data\raw\kaggle\Normal\Normal- (299).jpg,Normal,Normal- (299)
data\raw\kaggle\Normal\Normal- (2288).jpg,Normal,Normal- (2288)
data\raw\kaggle\Normal\Normal- (791).jpg,Normal,Normal- (791)
data\raw\kaggle\Normal\Normal- (3810).jpg,Normal,Normal- (3810)
data\raw\kaggle\Normal\Normal- (3223).jpg,Normal,Normal- (3223)
data\raw\kaggle\Normal\Normal- (4152).jpg,Normal,Normal- (4152)
data\raw\kaggle\Normal\Normal- (1709).jpg,Normal,Normal- (1709)
data\raw\kaggle\Normal\Normal- (2300).jpg,Normal,Normal- (2300)
data\raw\kaggle\Normal\Normal- (4994).jpg,Normal,Normal- (4994)
data\raw\kaggle\Normal\Normal- (50).jpg,Normal,Normal- (50)
data\raw\kaggle\Normal\Normal- (3882).jpg,Normal,Normal- (3882)
data\raw\kaggle\Normal\Normal- (2197).jpg,Normal,Normal- (2197)
data\raw\kaggle\Normal\Normal- (495).jpg,Normal,Normal- (495)
data\raw\kaggle\Normal\Normal- (416).jpg,Normal,Normal- (416)
data\raw\kaggle\Normal\Normal- (4766).jpg,Normal,Normal- (4766)
data\raw\kaggle\Normal\Normal- (1152).jpg,Normal,Normal- (1152)
data\raw\kaggle\Normal\Normal- (3480).jpg,Normal,Normal- (3480)
data\raw\kaggle\Normal\Normal- (4538).jpg,Normal,Normal- (4538)
data\raw\kaggle\Normal\Normal- (521).jpg,Normal,Normal- (521)
data\raw\kaggle\Normal\Normal- (4118).jpg,Normal,Normal- (4118)
data\raw\kaggle\Normal\Normal- (2760).jpg,Normal,Normal- (2760)
data\raw\kaggle\Normal\Normal- (2530).jpg,Normal,Normal- (2530)
data\raw\kaggle\Normal\Normal- (4025).jpg,Normal,Normal- (4025)
data\raw\kaggle\Normal\Normal- (3468).jpg,Normal,Normal- (3468)
data\raw\kaggle\Normal\Normal- (1151).jpg,Normal,Normal- (1151)
data\raw\kaggle\Normal\Normal- (3823).jpg,Normal,Normal- (3823)
data\raw\kaggle\Normal\Normal- (4884).jpg,Normal,Normal- (4884)
data\raw\kaggle\Normal\Normal- (1402).jpg,Normal,Normal- (1402)
data\raw\kaggle\Normal\Normal- (4650).jpg,Normal,Normal- (4650)
data\raw\kaggle\Normal\Normal- (607).jpg,Normal,Normal- (607)
data\raw\kaggle\Normal\Normal- (1017).jpg,Normal,Normal- (1017)
data\raw\kaggle\Normal\Normal- (392).jpg,Normal,Normal- (392)
data\raw\kaggle\Normal\Normal- (2972).jpg,Normal,Normal- (2972)
data\raw\kaggle\Normal\Normal- (2722).jpg,Normal,Normal- (2722)
data\raw\kaggle\Normal\Normal- (2895).jpg,Normal,Normal- (2895)
data\raw\kaggle\Normal\Normal- (4541).jpg,Normal,Normal- (4541)
data\raw\kaggle\Normal\Normal- (773).jpg,Normal,Normal- (773)
data\raw\kaggle\Normal\Normal- (1122).jpg,Normal,Normal- (1122)
data\raw\kaggle\Normal\Normal- (2703).jpg,Normal,Normal- (2703)
data\raw\kaggle\Normal\Normal- (2988).jpg,Normal,Normal- (2988)
data\raw\kaggle\Normal\Normal- (3491).jpg,Normal,Normal- (3491)
data\raw\kaggle\Normal\Normal- (1025).jpg,Normal,Normal- (1025)
data\raw\kaggle\Normal\Normal- (2134).jpg,Normal,Normal- (2134)
data\raw\kaggle\Normal\Normal- (4509).jpg,Normal,Normal- (4509)
data\raw\kaggle\Normal\Normal- (3696).jpg,Normal,Normal- (3696)
data\raw\kaggle\Normal\Normal- (786).jpg,Normal,Normal- (786)
data\raw\kaggle\Normal\Normal- (1494).jpg,Normal,Normal- (1494)
data\raw\kaggle\Normal\Normal- (3858).jpg,Normal,Normal- (3858)
data\raw\kaggle\Normal\Normal- (1027).jpg,Normal,Normal- (1027)
data\raw\kaggle\Normal\Normal- (4970).jpg,Normal,Normal- (4970)
data\raw\kaggle\Normal\Normal- (3967).jpg,Normal,Normal- (3967)
data\raw\kaggle\Normal\Normal- (1296).jpg,Normal,Normal- (1296)
data\raw\kaggle\Normal\Normal- (381).jpg,Normal,Normal- (381)
data\raw\kaggle\Normal\Normal- (1934).jpg,Normal,Normal- (1934)
data\raw\kaggle\Normal\Normal- (2233).jpg,Normal,Normal- (2233)
data\raw\kaggle\Normal\Normal- (2287).jpg,Normal,Normal- (2287)
data\raw\kaggle\Normal\Normal- (2937).jpg,Normal,Normal- (2937)
data\raw\kaggle\Normal\Normal- (93).jpg,Normal,Normal- (93)
data\raw\kaggle\Normal\Normal- (508).jpg,Normal,Normal- (508)
data\raw\kaggle\Normal\Normal- (3431).jpg,Normal,Normal- (3431)
data\raw\kaggle\Normal\Normal- (490).jpg,Normal,Normal- (490)
data\raw\kaggle\Normal\Normal- (2992).jpg,Normal,Normal- (2992)
data\raw\kaggle\Normal\Normal- (4038).jpg,Normal,Normal- (4038)
data\raw\kaggle\Normal\Normal- (3892).jpg,Normal,Normal- (3892)
data\raw\kaggle\Normal\Normal- (5030).jpg,Normal,Normal- (5030)
data\raw\kaggle\Normal\Normal- (4675).jpg,Normal,Normal- (4675)
data\raw\kaggle\Normal\Normal- (3716).jpg,Normal,Normal- (3716)
data\raw\kaggle\Normal\Normal- (1909).jpg,Normal,Normal- (1909)
data\raw\kaggle\Normal\Normal- (2242).jpg,Normal,Normal- (2242)
data\raw\kaggle\Normal\Normal- (747).jpg,Normal,Normal- (747)
data\raw\kaggle\Normal\Normal- (789).jpg,Normal,Normal- (789)
data\raw\kaggle\Normal\Normal- (2633).jpg,Normal,Normal- (2633)
data\raw\kaggle\Normal\Normal- (4398).jpg,Normal,Normal- (4398)
data\raw\kaggle\Normal\Normal- (3008).jpg,Normal,Normal- (3008)
data\raw\kaggle\Normal\Normal- (56).jpg,Normal,Normal- (56)
data\raw\kaggle\Normal\Normal- (2357).jpg,Normal,Normal- (2357)
data\raw\kaggle\Normal\Normal- (3534).jpg,Normal,Normal- (3534)
data\raw\kaggle\Normal\Normal- (613).jpg,Normal,Normal- (613)
data\raw\kaggle\Normal\Normal- (449).jpg,Normal,Normal- (449)
data\raw\kaggle\Normal\Normal- (2836).jpg,Normal,Normal- (2836)
data\raw\kaggle\Normal\Normal- (1113).jpg,Normal,Normal- (1113)
data\raw\kaggle\Normal\Normal- (1507).jpg,Normal,Normal- (1507)
data\raw\kaggle\Normal\Normal- (4599).jpg,Normal,Normal- (4599)
data\raw\kaggle\Normal\Normal- (4995).jpg,Normal,Normal- (4995)
data\raw\kaggle\Normal\Normal- (1861).jpg,Normal,Normal- (1861)
data\raw\kaggle\Normal\Normal- (295).jpg,Normal,Normal- (295)
data\raw\kaggle\Normal\Normal- (4192).jpg,Normal,Normal- (4192)
data\raw\kaggle\Normal\Normal- (3542).jpg,Normal,Normal- (3542)
data\raw\kaggle\Normal\Normal- (1890).jpg,Normal,Normal- (1890)
data\raw\kaggle\Normal\Normal- (2329).jpg,Normal,Normal- (2329)
data\raw\kaggle\Normal\Normal- (1353).jpg,Normal,Normal- (1353)
data\raw\kaggle\Normal\Normal- (532).jpg,Normal,Normal- (532)
data\raw\kaggle\Normal\Normal- (3228).jpg,Normal,Normal- (3228)
data\raw\kaggle\Normal\Normal- (4486).jpg,Normal,Normal- (4486)
data\raw\kaggle\Normal\Normal- (2326).jpg,Normal,Normal- (2326)
data\raw\kaggle\Normal\Normal- (2887).jpg,Normal,Normal- (2887)
data\raw\kaggle\Normal\Normal- (3860).jpg,Normal,Normal- (3860)
data\raw\kaggle\Normal\Normal- (2347).jpg,Normal,Normal- (2347)
data\raw\kaggle\Normal\Normal- (5038).jpg,Normal,Normal- (5038)
data\raw\kaggle\Normal\Normal- (1248).jpg,Normal,Normal- (1248)
data\raw\kaggle\Normal\Normal- (4083).jpg,Normal,Normal- (4083)
data\raw\kaggle\Normal\Normal- (8).jpg,Normal,Normal- (8)
data\raw\kaggle\Normal\Normal- (629).jpg,Normal,Normal- (629)
data\raw\kaggle\Normal\Normal- (2374).jpg,Normal,Normal- (2374)
data\raw\kaggle\Normal\Normal- (1300).jpg,Normal,Normal- (1300)
data\raw\kaggle\Normal\Normal- (1495).jpg,Normal,Normal- (1495)
data\raw\kaggle\Normal\Normal- (5050).jpg,Normal,Normal- (5050)
data\raw\kaggle\Normal\Normal- (3429).jpg,Normal,Normal- (3429)
data\raw\kaggle\Normal\Normal- (4056).jpg,Normal,Normal- (4056)
data\raw\kaggle\Normal\Normal- (3866).jpg,Normal,Normal- (3866)
data\raw\kaggle\Normal\Normal- (3700).jpg,Normal,Normal- (3700)
data\raw\kaggle\Normal\Normal- (1143).jpg,Normal,Normal- (1143)
data\raw\kaggle\Normal\Normal- (122).jpg,Normal,Normal- (122)
data\raw\kaggle\Normal\Normal- (2851).jpg,Normal,Normal- (2851)
data\raw\kaggle\Normal\Normal- (2584).jpg,Normal,Normal- (2584)
data\raw\kaggle\Normal\Normal- (751).jpg,Normal,Normal- (751)
data\raw\kaggle\Normal\Normal- (118).jpg,Normal,Normal- (118)
data\raw\kaggle\Normal\Normal- (4609).jpg,Normal,Normal- (4609)
data\raw\kaggle\Normal\Normal- (2440).jpg,Normal,Normal- (2440)
data\raw\kaggle\Normal\Normal- (3408).jpg,Normal,Normal- (3408)
data\raw\kaggle\Normal\Normal- (3427).jpg,Normal,Normal- (3427)
data\raw\kaggle\Normal\Normal- (4710).jpg,Normal,Normal- (4710)
data\raw\kaggle\Normal\Normal- (4797).jpg,Normal,Normal- (4797)
data\raw\kaggle\Normal\Normal- (1262).jpg,Normal,Normal- (1262)
data\raw\kaggle\Normal\Normal- (2941).jpg,Normal,Normal- (2941)
data\raw\kaggle\Normal\Normal- (4578).jpg,Normal,Normal- (4578)
data\raw\kaggle\Normal\Normal- (969).jpg,Normal,Normal- (969)
data\raw\kaggle\Normal\Normal- (4673).jpg,Normal,Normal- (4673)
data\raw\kaggle\Normal\Normal- (739).jpg,Normal,Normal- (739)
data\raw\kaggle\Normal\Normal- (464).jpg,Normal,Normal- (464)
data\raw\kaggle\Normal\Normal- (3107).jpg,Normal,Normal- (3107)
data\raw\kaggle\Normal\Normal- (3166).jpg,Normal,Normal- (3166)
data\raw\kaggle\Normal\Normal- (4734).jpg,Normal,Normal- (4734)
data\raw\kaggle\Normal\Normal- (2035).jpg,Normal,Normal- (2035)
data\raw\kaggle\Normal\Normal- (3297).jpg,Normal,Normal- (3297)
data\raw\kaggle\Normal\Normal- (1546).jpg,Normal,Normal- (1546)
data\raw\kaggle\Normal\Normal- (4086).jpg,Normal,Normal- (4086)
data\raw\kaggle\Normal\Normal- (3298).jpg,Normal,Normal- (3298)
data\raw\kaggle\Normal\Normal- (3595).jpg,Normal,Normal- (3595)
data\raw\kaggle\Normal\Normal- (2636).jpg,Normal,Normal- (2636)
data\raw\kaggle\Normal\Normal- (3435).jpg,Normal,Normal- (3435)
data\raw\kaggle\Normal\Normal- (231).jpg,Normal,Normal- (231)
data\raw\kaggle\Normal\Normal- (4195).jpg,Normal,Normal- (4195)
data\raw\kaggle\Normal\Normal- (524).jpg,Normal,Normal- (524)
data\raw\kaggle\Normal\Normal- (1605).jpg,Normal,Normal- (1605)
data\raw\kaggle\Normal\Normal- (3775).jpg,Normal,Normal- (3775)
data\raw\kaggle\Normal\Normal- (4618).jpg,Normal,Normal- (4618)
data\raw\kaggle\Normal\Normal- (397).jpg,Normal,Normal- (397)
data\raw\kaggle\Normal\Normal- (4610).jpg,Normal,Normal- (4610)
data\raw\kaggle\Normal\Normal- (3655).jpg,Normal,Normal- (3655)
data\raw\kaggle\Normal\Normal- (2191).jpg,Normal,Normal- (2191)
data\raw\kaggle\Normal\Normal- (2277).jpg,Normal,Normal- (2277)
data\raw\kaggle\Normal\Normal- (4566).jpg,Normal,Normal- (4566)
data\raw\kaggle\Normal\Normal- (3150).jpg,Normal,Normal- (3150)
data\raw\kaggle\Normal\Normal- (3925).jpg,Normal,Normal- (3925)
data\raw\kaggle\Normal\Normal- (1574).jpg,Normal,Normal- (1574)
data\raw\kaggle\Normal\Normal- (1228).jpg,Normal,Normal- (1228)
data\raw\kaggle\Normal\Normal- (530).jpg,Normal,Normal- (530)
data\raw\kaggle\Normal\Normal- (779).jpg,Normal,Normal- (779)
data\raw\kaggle\Normal\Normal- (3390).jpg,Normal,Normal- (3390)
data\raw\kaggle\Normal\Normal- (4409).jpg,Normal,Normal- (4409)
data\raw\kaggle\Normal\Normal- (482).jpg,Normal,Normal- (482)
data\raw\kaggle\Normal\Normal- (4010).jpg,Normal,Normal- (4010)
data\raw\kaggle\Normal\Normal- (4665).jpg,Normal,Normal- (4665)
data\raw\kaggle\Normal\Normal- (4047).jpg,Normal,Normal- (4047)
data\raw\kaggle\Normal\Normal- (198).jpg,Normal,Normal- (198)
data\raw\kaggle\Normal\Normal- (2935).jpg,Normal,Normal- (2935)
data\raw\kaggle\Normal\Normal- (2019).jpg,Normal,Normal- (2019)
data\raw\kaggle\Normal\Normal- (2438).jpg,Normal,Normal- (2438)
data\raw\kaggle\Normal\Normal- (1210).jpg,Normal,Normal- (1210)
data\raw\kaggle\Normal\Normal- (3963).jpg,Normal,Normal- (3963)
data\raw\kaggle\Normal\Normal- (3464).jpg,Normal,Normal- (3464)
data\raw\kaggle\Normal\Normal- (3621).jpg,Normal,Normal- (3621)
data\raw\kaggle\Normal\Normal- (4155).jpg,Normal,Normal- (4155)
data\raw\kaggle\Normal\Normal- (3130).jpg,Normal,Normal- (3130)
data\raw\kaggle\Normal\Normal- (3248).jpg,Normal,Normal- (3248)
data\raw\kaggle\Normal\Normal- (4593).jpg,Normal,Normal- (4593)
data\raw\kaggle\Normal\Normal- (1609).jpg,Normal,Normal- (1609)
data\raw\kaggle\Normal\Normal- (3725).jpg,Normal,Normal- (3725)
data\raw\kaggle\Normal\Normal- (4626).jpg,Normal,Normal- (4626)
data\raw\kaggle\Normal\Normal- (817).jpg,Normal,Normal- (817)
data\raw\kaggle\Normal\Normal- (1631).jpg,Normal,Normal- (1631)
data\raw\kaggle\Normal\Normal- (2044).jpg,Normal,Normal- (2044)
data\raw\kaggle\Normal\Normal- (2626).jpg,Normal,Normal- (2626)
data\raw\kaggle\Normal\Normal- (3563).jpg,Normal,Normal- (3563)
data\raw\kaggle\Normal\Normal- (998).jpg,Normal,Normal- (998)
data\raw\kaggle\Normal\Normal- (2419).jpg,Normal,Normal- (2419)
data\raw\kaggle\Normal\Normal- (2785).jpg,Normal,Normal- (2785)
data\raw\kaggle\Normal\Normal- (4580).jpg,Normal,Normal- (4580)
data\raw\kaggle\Normal\Normal- (4657).jpg,Normal,Normal- (4657)
data\raw\kaggle\Normal\Normal- (3270).jpg,Normal,Normal- (3270)
data\raw\kaggle\Normal\Normal- (4648).jpg,Normal,Normal- (4648)
data\raw\kaggle\Normal\Normal- (1572).jpg,Normal,Normal- (1572)
data\raw\kaggle\Normal\Normal- (2147).jpg,Normal,Normal- (2147)
data\raw\kaggle\Normal\Normal- (954).jpg,Normal,Normal- (954)
data\raw\kaggle\Normal\Normal- (2795).jpg,Normal,Normal- (2795)
data\raw\kaggle\Normal\Normal- (3910).jpg,Normal,Normal- (3910)
data\raw\kaggle\Normal\Normal- (4377).jpg,Normal,Normal- (4377)
data\raw\kaggle\Normal\Normal- (2142).jpg,Normal,Normal- (2142)
data\raw\kaggle\Normal\Normal- (3507).jpg,Normal,Normal- (3507)
data\raw\kaggle\Normal\Normal- (2255).jpg,Normal,Normal- (2255)
data\raw\kaggle\Normal\Normal- (3840).jpg,Normal,Normal- (3840)
data\raw\kaggle\Normal\Normal- (2294).jpg,Normal,Normal- (2294)
data\raw\kaggle\Normal\Normal- (3005).jpg,Normal,Normal- (3005)
data\raw\kaggle\Normal\Normal- (2821).jpg,Normal,Normal- (2821)
data\raw\kaggle\Normal\Normal- (1408).jpg,Normal,Normal- (1408)
data\raw\kaggle\Normal\Normal- (614).jpg,Normal,Normal- (614)
data\raw\kaggle\Normal\Normal- (4747).jpg,Normal,Normal- (4747)
data\raw\kaggle\Normal\Normal- (2949).jpg,Normal,Normal- (2949)
data\raw\kaggle\Normal\Normal- (3463).jpg,Normal,Normal- (3463)
data\raw\kaggle\Normal\Normal- (4921).jpg,Normal,Normal- (4921)
data\raw\kaggle\Normal\Normal- (531).jpg,Normal,Normal- (531)
data\raw\kaggle\Normal\Normal- (3025).jpg,Normal,Normal- (3025)
data\raw\kaggle\Normal\Normal- (4237).jpg,Normal,Normal- (4237)
data\raw\kaggle\Normal\Normal- (4212).jpg,Normal,Normal- (4212)
data\raw\kaggle\Normal\Normal- (3900).jpg,Normal,Normal- (3900)
data\raw\kaggle\Normal\Normal- (3116).jpg,Normal,Normal- (3116)
data\raw\kaggle\Normal\Normal- (4201).jpg,Normal,Normal- (4201)
data\raw\kaggle\Normal\Normal- (3000).jpg,Normal,Normal- (3000)
data\raw\kaggle\Normal\Normal- (3737).jpg,Normal,Normal- (3737)
data\raw\kaggle\Normal\Normal- (2179).jpg,Normal,Normal- (2179)
data\raw\kaggle\Normal\Normal- (2525).jpg,Normal,Normal- (2525)
data\raw\kaggle\Normal\Normal- (1778).jpg,Normal,Normal- (1778)
data\raw\kaggle\Normal\Normal- (933).jpg,Normal,Normal- (933)
data\raw\kaggle\Normal\Normal- (2668).jpg,Normal,Normal- (2668)
data\raw\kaggle\Normal\Normal- (3318).jpg,Normal,Normal- (3318)
data\raw\kaggle\Normal\Normal- (785).jpg,Normal,Normal- (785)
data\raw\kaggle\Normal\Normal- (2815).jpg,Normal,Normal- (2815)
data\raw\kaggle\Normal\Normal- (2794).jpg,Normal,Normal- (2794)
data\raw\kaggle\Normal\Normal- (11).jpg,Normal,Normal- (11)
data\raw\kaggle\Normal\Normal- (2381).jpg,Normal,Normal- (2381)
data\raw\kaggle\Normal\Normal- (4449).jpg,Normal,Normal- (4449)
data\raw\kaggle\Normal\Normal- (3833).jpg,Normal,Normal- (3833)
data\raw\kaggle\Normal\Normal- (305).jpg,Normal,Normal- (305)
data\raw\kaggle\Normal\Normal- (3688).jpg,Normal,Normal- (3688)
data\raw\kaggle\Normal\Normal- (3843).jpg,Normal,Normal- (3843)
data\raw\kaggle\Normal\Normal- (4495).jpg,Normal,Normal- (4495)
data\raw\kaggle\Normal\Normal- (2188).jpg,Normal,Normal- (2188)
data\raw\kaggle\Normal\Normal- (4219).jpg,Normal,Normal- (4219)
data\raw\kaggle\Normal\Normal- (1184).jpg,Normal,Normal- (1184)
data\raw\kaggle\Normal\Normal- (430).jpg,Normal,Normal- (430)
data\raw\kaggle\Normal\Normal- (1807).jpg,Normal,Normal- (1807)
data\raw\kaggle\Normal\Normal- (1321).jpg,Normal,Normal- (1321)
data\raw\kaggle\Normal\Normal- (443).jpg,Normal,Normal- (443)
data\raw\kaggle\Normal\Normal- (3033).jpg,Normal,Normal- (3033)
data\raw\kaggle\Normal\Normal- (2958).jpg,Normal,Normal- (2958)
data\raw\kaggle\Normal\Normal- (1191).jpg,Normal,Normal- (1191)
data\raw\kaggle\Normal\Normal- (2669).jpg,Normal,Normal- (2669)
data\raw\kaggle\Normal\Normal- (4305).jpg,Normal,Normal- (4305)
data\raw\kaggle\Normal\Normal- (2865).jpg,Normal,Normal- (2865)
data\raw\kaggle\Normal\Normal- (3311).jpg,Normal,Normal- (3311)
data\raw\kaggle\Normal\Normal- (3913).jpg,Normal,Normal- (3913)
data\raw\kaggle\Normal\Normal- (927).jpg,Normal,Normal- (927)
data\raw\kaggle\Normal\Normal- (3807).jpg,Normal,Normal- (3807)
data\raw\kaggle\Normal\Normal- (500).jpg,Normal,Normal- (500)
data\raw\kaggle\Normal\Normal- (4356).jpg,Normal,Normal- (4356)
data\raw\kaggle\Normal\Normal- (5016).jpg,Normal,Normal- (5016)
data\raw\kaggle\Normal\Normal- (2537).jpg,Normal,Normal- (2537)
data\raw\kaggle\Normal\Normal- (3360).jpg,Normal,Normal- (3360)
data\raw\kaggle\Normal\Normal- (366).jpg,Normal,Normal- (366)
data\raw\kaggle\Normal\Normal- (3308).jpg,Normal,Normal- (3308)
data\raw\kaggle\Normal\Normal- (3441).jpg,Normal,Normal- (3441)
data\raw\kaggle\Normal\Normal- (914).jpg,Normal,Normal- (914)
data\raw\kaggle\Normal\Normal- (22).jpg,Normal,Normal- (22)
data\raw\kaggle\Normal\Normal- (4349).jpg,Normal,Normal- (4349)
data\raw\kaggle\Normal\Normal- (1726).jpg,Normal,Normal- (1726)
data\raw\kaggle\Normal\Normal- (3832).jpg,Normal,Normal- (3832)
data\raw\kaggle\Normal\Normal- (2447).jpg,Normal,Normal- (2447)
data\raw\kaggle\Normal\Normal- (856).jpg,Normal,Normal- (856)
data\raw\kaggle\Normal\Normal- (4114).jpg,Normal,Normal- (4114)
data\raw\kaggle\Normal\Normal- (3899).jpg,Normal,Normal- (3899)
data\raw\kaggle\Normal\Normal- (5071).jpg,Normal,Normal- (5071)
data\raw\kaggle\Normal\Normal- (3532).jpg,Normal,Normal- (3532)
data\raw\kaggle\Normal\Normal- (1742).jpg,Normal,Normal- (1742)
data\raw\kaggle\Normal\Normal- (410).jpg,Normal,Normal- (410)
data\raw\kaggle\Normal\Normal- (1200).jpg,Normal,Normal- (1200)
data\raw\kaggle\Normal\Normal- (184).jpg,Normal,Normal- (184)
data\raw\kaggle\Normal\Normal- (3485).jpg,Normal,Normal- (3485)
data\raw\kaggle\Normal\Normal- (4050).jpg,Normal,Normal- (4050)
data\raw\kaggle\Normal\Normal- (2749).jpg,Normal,Normal- (2749)
data\raw\kaggle\Normal\Normal- (4045).jpg,Normal,Normal- (4045)
data\raw\kaggle\Normal\Normal- (3731).jpg,Normal,Normal- (3731)
data\raw\kaggle\Normal\Normal- (1948).jpg,Normal,Normal- (1948)
data\raw\kaggle\Normal\Normal- (4978).jpg,Normal,Normal- (4978)
data\raw\kaggle\Normal\Normal- (1617).jpg,Normal,Normal- (1617)
data\raw\kaggle\Normal\Normal- (3931).jpg,Normal,Normal- (3931)
data\raw\kaggle\Normal\Normal- (3678).jpg,Normal,Normal- (3678)
data\raw\kaggle\Normal\Normal- (685).jpg,Normal,Normal- (685)
data\raw\kaggle\Normal\Normal- (4951).jpg,Normal,Normal- (4951)
data\raw\kaggle\Normal\Normal- (1092).jpg,Normal,Normal- (1092)
data\raw\kaggle\Normal\Normal- (4859).jpg,Normal,Normal- (4859)
data\raw\kaggle\Normal\Normal- (931).jpg,Normal,Normal- (931)
data\raw\kaggle\Normal\Normal- (5031).jpg,Normal,Normal- (5031)
data\raw\kaggle\Normal\Normal- (3666).jpg,Normal,Normal- (3666)
data\raw\kaggle\Normal\Normal- (2572).jpg,Normal,Normal- (2572)
data\raw\kaggle\Normal\Normal- (2866).jpg,Normal,Normal- (2866)
data\raw\kaggle\Normal\Normal- (4283).jpg,Normal,Normal- (4283)
data\raw\kaggle\Normal\Normal- (1100).jpg,Normal,Normal- (1100)
data\raw\kaggle\Normal\Normal- (3263).jpg,Normal,Normal- (3263)
data\raw\kaggle\Normal\Normal- (2896).jpg,Normal,Normal- (2896)
data\raw\kaggle\Normal\Normal- (5077).jpg,Normal,Normal- (5077)
data\raw\kaggle\Normal\Normal- (4976).jpg,Normal,Normal- (4976)
data\raw\kaggle\Normal\Normal- (3674).jpg,Normal,Normal- (3674)
data\raw\kaggle\Normal\Normal- (1305).jpg,Normal,Normal- (1305)
data\raw\kaggle\Normal\Normal- (4345).jpg,Normal,Normal- (4345)
data\raw\kaggle\Normal\Normal- (1606).jpg,Normal,Normal- (1606)
data\raw\kaggle\Normal\Normal- (2480).jpg,Normal,Normal- (2480)
data\raw\kaggle\Normal\Normal- (3180).jpg,Normal,Normal- (3180)
data\raw\kaggle\Normal\Normal- (435).jpg,Normal,Normal- (435)
data\raw\kaggle\Normal\Normal- (3).jpg,Normal,Normal- (3)
data\raw\kaggle\Normal\Normal- (1457).jpg,Normal,Normal- (1457)
data\raw\kaggle\Normal\Normal- (4818).jpg,Normal,Normal- (4818)
data\raw\kaggle\Normal\Normal- (515).jpg,Normal,Normal- (515)
data\raw\kaggle\Normal\Normal- (3529).jpg,Normal,Normal- (3529)
data\raw\kaggle\Normal\Normal- (4782).jpg,Normal,Normal- (4782)
data\raw\kaggle\Normal\Normal- (4277).jpg,Normal,Normal- (4277)
data\raw\kaggle\Normal\Normal- (4795).jpg,Normal,Normal- (4795)
data\raw\kaggle\Normal\Normal- (1280).jpg,Normal,Normal- (1280)
data\raw\kaggle\Normal\Normal- (3670).jpg,Normal,Normal- (3670)
data\raw\kaggle\Normal\Normal- (124).jpg,Normal,Normal- (124)
data\raw\kaggle\Normal\Normal- (4235).jpg,Normal,Normal- (4235)
data\raw\kaggle\Normal\Normal- (54).jpg,Normal,Normal- (54)
data\raw\kaggle\Normal\Normal- (333).jpg,Normal,Normal- (333)
data\raw\kaggle\Normal\Normal- (1517).jpg,Normal,Normal- (1517)
data\raw\kaggle\Normal\Normal- (84).jpg,Normal,Normal- (84)
data\raw\kaggle\Normal\Normal- (2022).jpg,Normal,Normal- (2022)
data\raw\kaggle\Normal\Normal- (2167).jpg,Normal,Normal- (2167)
data\raw\kaggle\Normal\Normal- (850).jpg,Normal,Normal- (850)
data\raw\kaggle\Normal\Normal- (2339).jpg,Normal,Normal- (2339)
data\raw\kaggle\Normal\Normal- (2429).jpg,Normal,Normal- (2429)
data\raw\kaggle\Normal\Normal- (541).jpg,Normal,Normal- (541)
data\raw\kaggle\Normal\Normal- (813).jpg,Normal,Normal- (813)
data\raw\kaggle\Normal\Normal- (3144).jpg,Normal,Normal- (3144)
data\raw\kaggle\Normal\Normal- (1771).jpg,Normal,Normal- (1771)
data\raw\kaggle\Normal\Normal- (3284).jpg,Normal,Normal- (3284)
data\raw\kaggle\Normal\Normal- (1478).jpg,Normal,Normal- (1478)
data\raw\kaggle\Normal\Normal- (4352).jpg,Normal,Normal- (4352)
data\raw\kaggle\Normal\Normal- (3235).jpg,Normal,Normal- (3235)
data\raw\kaggle\Normal\Normal- (3227).jpg,Normal,Normal- (3227)
data\raw\kaggle\Normal\Normal- (1268).jpg,Normal,Normal- (1268)
data\raw\kaggle\Normal\Normal- (343).jpg,Normal,Normal- (343)
data\raw\kaggle\Normal\Normal- (2511).jpg,Normal,Normal- (2511)
data\raw\kaggle\Normal\Normal- (2168).jpg,Normal,Normal- (2168)
data\raw\kaggle\Normal\Normal- (67).jpg,Normal,Normal- (67)
data\raw\kaggle\Normal\Normal- (1904).jpg,Normal,Normal- (1904)
data\raw\kaggle\Normal\Normal- (4511).jpg,Normal,Normal- (4511)
data\raw\kaggle\Normal\Normal- (5023).jpg,Normal,Normal- (5023)
data\raw\kaggle\Normal\Normal- (4303).jpg,Normal,Normal- (4303)
data\raw\kaggle\Normal\Normal- (1959).jpg,Normal,Normal- (1959)
data\raw\kaggle\Normal\Normal- (1179).jpg,Normal,Normal- (1179)
data\raw\kaggle\Normal\Normal- (3148).jpg,Normal,Normal- (3148)
data\raw\kaggle\Normal\Normal- (1679).jpg,Normal,Normal- (1679)
data\raw\kaggle\Normal\Normal- (312).jpg,Normal,Normal- (312)
data\raw\kaggle\Normal\Normal- (1007).jpg,Normal,Normal- (1007)
data\raw\kaggle\Normal\Normal- (3861).jpg,Normal,Normal- (3861)
data\raw\kaggle\Normal\Normal- (2310).jpg,Normal,Normal- (2310)
data\raw\kaggle\Normal\Normal- (1086).jpg,Normal,Normal- (1086)
data\raw\kaggle\Normal\Normal- (752).jpg,Normal,Normal- (752)
data\raw\kaggle\Normal\Normal- (2934).jpg,Normal,Normal- (2934)
data\raw\kaggle\Normal\Normal- (361).jpg,Normal,Normal- (361)
data\raw\kaggle\Normal\Normal- (1355).jpg,Normal,Normal- (1355)
data\raw\kaggle\Normal\Normal- (3488).jpg,Normal,Normal- (3488)
data\raw\kaggle\Normal\Normal- (1067).jpg,Normal,Normal- (1067)
data\raw\kaggle\Normal\Normal- (683).jpg,Normal,Normal- (683)
data\raw\kaggle\Normal\Normal- (3123).jpg,Normal,Normal- (3123)
data\raw\kaggle\Normal\Normal- (4819).jpg,Normal,Normal- (4819)
data\raw\kaggle\Normal\Normal- (1696).jpg,Normal,Normal- (1696)
data\raw\kaggle\Normal\Normal- (611).jpg,Normal,Normal- (611)
data\raw\kaggle\Normal\Normal- (2982).jpg,Normal,Normal- (2982)
data\raw\kaggle\Normal\Normal- (4969).jpg,Normal,Normal- (4969)
data\raw\kaggle\Normal\Normal- (1071).jpg,Normal,Normal- (1071)
data\raw\kaggle\Normal\Normal- (956).jpg,Normal,Normal- (956)
data\raw\kaggle\Normal\Normal- (1814).jpg,Normal,Normal- (1814)
data\raw\kaggle\Normal\Normal- (5070).jpg,Normal,Normal- (5070)
data\raw\kaggle\Normal\Normal- (3771).jpg,Normal,Normal- (3771)
data\raw\kaggle\Normal\Normal- (3010).jpg,Normal,Normal- (3010)
data\raw\kaggle\Normal\Normal- (4587).jpg,Normal,Normal- (4587)
data\raw\kaggle\Normal\Normal- (1409).jpg,Normal,Normal- (1409)
data\raw\kaggle\Normal\Normal- (3371).jpg,Normal,Normal- (3371)
data\raw\kaggle\Normal\Normal- (4991).jpg,Normal,Normal- (4991)
data\raw\kaggle\Normal\Normal- (1030).jpg,Normal,Normal- (1030)
data\raw\kaggle\Normal\Normal- (1840).jpg,Normal,Normal- (1840)
data\raw\kaggle\Normal\Normal- (45).jpg,Normal,Normal- (45)
data\raw\kaggle\Normal\Normal- (1852).jpg,Normal,Normal- (1852)
data\raw\kaggle\Normal\Normal- (2442).jpg,Normal,Normal- (2442)
data\raw\kaggle\Normal\Normal- (3541).jpg,Normal,Normal- (3541)
data\raw\kaggle\Normal\Normal- (1171).jpg,Normal,Normal- (1171)
data\raw\kaggle\Normal\Normal- (4298).jpg,Normal,Normal- (4298)
data\raw\kaggle\Normal\Normal- (2521).jpg,Normal,Normal- (2521)
data\raw\kaggle\Normal\Normal- (2016).jpg,Normal,Normal- (2016)
data\raw\kaggle\Normal\Normal- (544).jpg,Normal,Normal- (544)
data\raw\kaggle\Normal\Normal- (4270).jpg,Normal,Normal- (4270)
data\raw\kaggle\Normal\Normal- (395).jpg,Normal,Normal- (395)
data\raw\kaggle\Normal\Normal- (3564).jpg,Normal,Normal- (3564)
data\raw\kaggle\Normal\Normal- (3868).jpg,Normal,Normal- (3868)
data\raw\kaggle\Normal\Normal- (2137).jpg,Normal,Normal- (2137)
data\raw\kaggle\Normal\Normal- (3849).jpg,Normal,Normal- (3849)
data\raw\kaggle\Normal\Normal- (3930).jpg,Normal,Normal- (3930)
data\raw\kaggle\Normal\Normal- (2680).jpg,Normal,Normal- (2680)
data\raw\kaggle\Normal\Normal- (4984).jpg,Normal,Normal- (4984)
data\raw\kaggle\Normal\Normal- (3996).jpg,Normal,Normal- (3996)
data\raw\kaggle\Normal\Normal- (2524).jpg,Normal,Normal- (2524)
data\raw\kaggle\Normal\Normal- (4482).jpg,Normal,Normal- (4482)
data\raw\kaggle\Normal\Normal- (1598).jpg,Normal,Normal- (1598)
data\raw\kaggle\Normal\Normal- (2428).jpg,Normal,Normal- (2428)
data\raw\kaggle\Normal\Normal- (2835).jpg,Normal,Normal- (2835)
data\raw\kaggle\Normal\Normal- (23).jpg,Normal,Normal- (23)
data\raw\kaggle\Normal\Normal- (991).jpg,Normal,Normal- (991)
data\raw\kaggle\Normal\Normal- (3038).jpg,Normal,Normal- (3038)
data\raw\kaggle\Normal\Normal- (1073).jpg,Normal,Normal- (1073)
data\raw\kaggle\Normal\Normal- (4666).jpg,Normal,Normal- (4666)
data\raw\kaggle\Normal\Normal- (4778).jpg,Normal,Normal- (4778)
data\raw\kaggle\Normal\Normal- (365).jpg,Normal,Normal- (365)
data\raw\kaggle\Normal\Normal- (4510).jpg,Normal,Normal- (4510)
data\raw\kaggle\Normal\Normal- (2318).jpg,Normal,Normal- (2318)
data\raw\kaggle\Normal\Normal- (1358).jpg,Normal,Normal- (1358)
data\raw\kaggle\Normal\Normal- (568).jpg,Normal,Normal- (568)
data\raw\kaggle\Normal\Normal- (1855).jpg,Normal,Normal- (1855)
data\raw\kaggle\Normal\Normal- (1784).jpg,Normal,Normal- (1784)
data\raw\kaggle\Normal\Normal- (4327).jpg,Normal,Normal- (4327)
data\raw\kaggle\Normal\Normal- (3821).jpg,Normal,Normal- (3821)
data\raw\kaggle\Normal\Normal- (2969).jpg,Normal,Normal- (2969)
data\raw\kaggle\Normal\Normal- (4756).jpg,Normal,Normal- (4756)
data\raw\kaggle\Normal\Normal- (2192).jpg,Normal,Normal- (2192)
data\raw\kaggle\Normal\Normal- (2212).jpg,Normal,Normal- (2212)
data\raw\kaggle\Normal\Normal- (1241).jpg,Normal,Normal- (1241)
data\raw\kaggle\Normal\Normal- (3484).jpg,Normal,Normal- (3484)
data\raw\kaggle\Normal\Normal- (2981).jpg,Normal,Normal- (2981)
data\raw\kaggle\Normal\Normal- (4183).jpg,Normal,Normal- (4183)
data\raw\kaggle\Normal\Normal- (2911).jpg,Normal,Normal- (2911)
data\raw\kaggle\Normal\Normal- (1624).jpg,Normal,Normal- (1624)
data\raw\kaggle\Normal\Normal- (4844).jpg,Normal,Normal- (4844)
data\raw\kaggle\Normal\Normal- (2535).jpg,Normal,Normal- (2535)
data\raw\kaggle\Normal\Normal- (2776).jpg,Normal,Normal- (2776)
data\raw\kaggle\Normal\Normal- (4568).jpg,Normal,Normal- (4568)
data\raw\kaggle\Normal\Normal- (3789).jpg,Normal,Normal- (3789)
data\raw\kaggle\Normal\Normal- (1145).jpg,Normal,Normal- (1145)
data\raw\kaggle\Normal\Normal- (732).jpg,Normal,Normal- (732)
data\raw\kaggle\Normal\Normal- (3715).jpg,Normal,Normal- (3715)
data\raw\kaggle\Normal\Normal- (352).jpg,Normal,Normal- (352)
data\raw\kaggle\Normal\Normal- (1808).jpg,Normal,Normal- (1808)
data\raw\kaggle\Normal\Normal- (2777).jpg,Normal,Normal- (2777)
data\raw\kaggle\Normal\Normal- (2708).jpg,Normal,Normal- (2708)
data\raw\kaggle\Normal\Normal- (1902).jpg,Normal,Normal- (1902)
data\raw\kaggle\Normal\Normal- (4530).jpg,Normal,Normal- (4530)
data\raw\kaggle\Normal\Normal- (548).jpg,Normal,Normal- (548)
data\raw\kaggle\Normal\Normal- (42).jpg,Normal,Normal- (42)
data\raw\kaggle\Normal\Normal- (2747).jpg,Normal,Normal- (2747)
data\raw\kaggle\Normal\Normal- (4439).jpg,Normal,Normal- (4439)
data\raw\kaggle\Normal\Normal- (452).jpg,Normal,Normal- (452)
data\raw\kaggle\Normal\Normal- (2514).jpg,Normal,Normal- (2514)
data\raw\kaggle\Normal\Normal- (1501).jpg,Normal,Normal- (1501)
data\raw\kaggle\Normal\Normal- (3234).jpg,Normal,Normal- (3234)
data\raw\kaggle\Normal\Normal- (4138).jpg,Normal,Normal- (4138)
data\raw\kaggle\Normal\Normal- (686).jpg,Normal,Normal- (686)
data\raw\kaggle\Normal\Normal- (4494).jpg,Normal,Normal- (4494)
data\raw\kaggle\Normal\Normal- (1470).jpg,Normal,Normal- (1470)
data\raw\kaggle\Normal\Normal- (2854).jpg,Normal,Normal- (2854)
data\raw\kaggle\Normal\Normal- (1159).jpg,Normal,Normal- (1159)
data\raw\kaggle\Normal\Normal- (4410).jpg,Normal,Normal- (4410)
data\raw\kaggle\Normal\Normal- (1768).jpg,Normal,Normal- (1768)
data\raw\kaggle\Normal\Normal- (3446).jpg,Normal,Normal- (3446)
data\raw\kaggle\Normal\Normal- (529).jpg,Normal,Normal- (529)
data\raw\kaggle\Normal\Normal- (4087).jpg,Normal,Normal- (4087)
data\raw\kaggle\Normal\Normal- (1889).jpg,Normal,Normal- (1889)
data\raw\kaggle\Normal\Normal- (4131).jpg,Normal,Normal- (4131)
data\raw\kaggle\Normal\Normal- (1004).jpg,Normal,Normal- (1004)
data\raw\kaggle\Normal\Normal- (1068).jpg,Normal,Normal- (1068)
data\raw\kaggle\Normal\Normal- (1175).jpg,Normal,Normal- (1175)
data\raw\kaggle\Normal\Normal- (1644).jpg,Normal,Normal- (1644)
data\raw\kaggle\Normal\Normal- (1618).jpg,Normal,Normal- (1618)
data\raw\kaggle\Normal\Normal- (346).jpg,Normal,Normal- (346)
data\raw\kaggle\Normal\Normal- (3316).jpg,Normal,Normal- (3316)
data\raw\kaggle\Normal\Normal- (4753).jpg,Normal,Normal- (4753)
data\raw\kaggle\Normal\Normal- (961).jpg,Normal,Normal- (961)
data\raw\kaggle\Normal\Normal- (3778).jpg,Normal,Normal- (3778)
data\raw\kaggle\Normal\Normal- (795).jpg,Normal,Normal- (795)
data\raw\kaggle\Normal\Normal- (1012).jpg,Normal,Normal- (1012)
data\raw\kaggle\Normal\Normal- (4719).jpg,Normal,Normal- (4719)
data\raw\kaggle\Normal\Normal- (1154).jpg,Normal,Normal- (1154)
data\raw\kaggle\Normal\Normal- (1131).jpg,Normal,Normal- (1131)
data\raw\kaggle\Normal\Normal- (2731).jpg,Normal,Normal- (2731)
data\raw\kaggle\Normal\Normal- (4148).jpg,Normal,Normal- (4148)
data\raw\kaggle\Normal\Normal- (526).jpg,Normal,Normal- (526)
data\raw\kaggle\Normal\Normal- (5028).jpg,Normal,Normal- (5028)
data\raw\kaggle\Normal\Normal- (4165).jpg,Normal,Normal- (4165)
data\raw\kaggle\Normal\Normal- (3516).jpg,Normal,Normal- (3516)
data\raw\kaggle\Normal\Normal- (1304).jpg,Normal,Normal- (1304)
data\raw\kaggle\Normal\Normal- (726).jpg,Normal,Normal- (726)
data\raw\kaggle\Normal\Normal- (1029).jpg,Normal,Normal- (1029)
data\raw\kaggle\Normal\Normal- (1692).jpg,Normal,Normal- (1692)
data\raw\kaggle\Normal\Normal- (3673).jpg,Normal,Normal- (3673)
data\raw\kaggle\Normal\Normal- (4395).jpg,Normal,Normal- (4395)
data\raw\kaggle\Normal\Normal- (1378).jpg,Normal,Normal- (1378)
data\raw\kaggle\Normal\Normal- (301).jpg,Normal,Normal- (301)
data\raw\kaggle\Normal\Normal- (4975).jpg,Normal,Normal- (4975)
data\raw\kaggle\Normal\Normal- (2842).jpg,Normal,Normal- (2842)
data\raw\kaggle\Normal\Normal- (3475).jpg,Normal,Normal- (3475)
data\raw\kaggle\Normal\Normal- (432).jpg,Normal,Normal- (432)
data\raw\kaggle\Normal\Normal- (2139).jpg,Normal,Normal- (2139)
data\raw\kaggle\Normal\Normal- (4149).jpg,Normal,Normal- (4149)
data\raw\kaggle\Normal\Normal- (4325).jpg,Normal,Normal- (4325)
data\raw\kaggle\Normal\Normal- (3653).jpg,Normal,Normal- (3653)
data\raw\kaggle\Normal\Normal- (3459).jpg,Normal,Normal- (3459)
data\raw\kaggle\Normal\Normal- (832).jpg,Normal,Normal- (832)
data\raw\kaggle\Normal\Normal- (187).jpg,Normal,Normal- (187)
data\raw\kaggle\Normal\Normal- (3423).jpg,Normal,Normal- (3423)
data\raw\kaggle\Normal\Normal- (892).jpg,Normal,Normal- (892)
data\raw\kaggle\Normal\Normal- (3055).jpg,Normal,Normal- (3055)
data\raw\kaggle\Normal\Normal- (5042).jpg,Normal,Normal- (5042)
data\raw\kaggle\Normal\Normal- (5075).jpg,Normal,Normal- (5075)
data\raw\kaggle\Normal\Normal- (2736).jpg,Normal,Normal- (2736)
data\raw\kaggle\Normal\Normal- (2574).jpg,Normal,Normal- (2574)
data\raw\kaggle\Normal\Normal- (1206).jpg,Normal,Normal- (1206)
data\raw\kaggle\Normal\Normal- (2051).jpg,Normal,Normal- (2051)
data\raw\kaggle\Normal\Normal- (830).jpg,Normal,Normal- (830)
data\raw\kaggle\Normal\Normal- (4425).jpg,Normal,Normal- (4425)
data\raw\kaggle\Normal\Normal- (2185).jpg,Normal,Normal- (2185)
data\raw\kaggle\Normal\Normal- (4193).jpg,Normal,Normal- (4193)
data\raw\kaggle\Normal\Normal- (601).jpg,Normal,Normal- (601)
data\raw\kaggle\Normal\Normal- (2768).jpg,Normal,Normal- (2768)
data\raw\kaggle\Normal\Normal- (3863).jpg,Normal,Normal- (3863)
data\raw\kaggle\Normal\Normal- (455).jpg,Normal,Normal- (455)
data\raw\kaggle\Normal\Normal- (340).jpg,Normal,Normal- (340)
data\raw\kaggle\Normal\Normal- (4569).jpg,Normal,Normal- (4569)
data\raw\kaggle\Normal\Normal- (2869).jpg,Normal,Normal- (2869)
data\raw\kaggle\Normal\Normal- (1226).jpg,Normal,Normal- (1226)
data\raw\kaggle\Normal\Normal- (281).jpg,Normal,Normal- (281)
data\raw\kaggle\Normal\Normal- (4801).jpg,Normal,Normal- (4801)
data\raw\kaggle\Normal\Normal- (3634).jpg,Normal,Normal- (3634)
data\raw\kaggle\Normal\Normal- (5064).jpg,Normal,Normal- (5064)
data\raw\kaggle\Normal\Normal- (941).jpg,Normal,Normal- (941)
data\raw\kaggle\Normal\Normal- (3473).jpg,Normal,Normal- (3473)
data\raw\kaggle\Normal\Normal- (1971).jpg,Normal,Normal- (1971)
data\raw\kaggle\Normal\Normal- (2557).jpg,Normal,Normal- (2557)
data\raw\kaggle\Normal\Normal- (1370).jpg,Normal,Normal- (1370)
data\raw\kaggle\Normal\Normal- (3096).jpg,Normal,Normal- (3096)
data\raw\kaggle\Normal\Normal- (4600).jpg,Normal,Normal- (4600)
data\raw\kaggle\Normal\Normal- (3405).jpg,Normal,Normal- (3405)
data\raw\kaggle\Normal\Normal- (2241).jpg,Normal,Normal- (2241)
data\raw\kaggle\Normal\Normal- (1022).jpg,Normal,Normal- (1022)
data\raw\kaggle\Normal\Normal- (2384).jpg,Normal,Normal- (2384)
data\raw\kaggle\Normal\Normal- (460).jpg,Normal,Normal- (460)
data\raw\kaggle\Normal\Normal- (332).jpg,Normal,Normal- (332)
data\raw\kaggle\Normal\Normal- (3802).jpg,Normal,Normal- (3802)
data\raw\kaggle\Normal\Normal- (4129).jpg,Normal,Normal- (4129)
data\raw\kaggle\Normal\Normal- (1743).jpg,Normal,Normal- (1743)
data\raw\kaggle\Normal\Normal- (2522).jpg,Normal,Normal- (2522)
data\raw\kaggle\Normal\Normal- (540).jpg,Normal,Normal- (540)
data\raw\kaggle\Normal\Normal- (237).jpg,Normal,Normal- (237)
data\raw\kaggle\Normal\Normal- (932).jpg,Normal,Normal- (932)
data\raw\kaggle\Normal\Normal- (4049).jpg,Normal,Normal- (4049)
data\raw\kaggle\Normal\Normal- (4681).jpg,Normal,Normal- (4681)
data\raw\kaggle\Normal\Normal- (3721).jpg,Normal,Normal- (3721)
data\raw\kaggle\Normal\Normal- (3171).jpg,Normal,Normal- (3171)
data\raw\kaggle\Normal\Normal- (3671).jpg,Normal,Normal- (3671)
data\raw\kaggle\Normal\Normal- (4460).jpg,Normal,Normal- (4460)
data\raw\kaggle\Normal\Normal- (1247).jpg,Normal,Normal- (1247)
data\raw\kaggle\Normal\Normal- (3183).jpg,Normal,Normal- (3183)
data\raw\kaggle\Normal\Normal- (351).jpg,Normal,Normal- (351)
data\raw\kaggle\Normal\Normal- (1049).jpg,Normal,Normal- (1049)
data\raw\kaggle\Normal\Normal- (4812).jpg,Normal,Normal- (4812)
data\raw\kaggle\Normal\Normal- (1704).jpg,Normal,Normal- (1704)
data\raw\kaggle\Normal\Normal- (5027).jpg,Normal,Normal- (5027)
data\raw\kaggle\Normal\Normal- (3545).jpg,Normal,Normal- (3545)
data\raw\kaggle\Normal\Normal- (4765).jpg,Normal,Normal- (4765)
data\raw\kaggle\Normal\Normal- (4728).jpg,Normal,Normal- (4728)
data\raw\kaggle\Normal\Normal- (197).jpg,Normal,Normal- (197)
data\raw\kaggle\Normal\Normal- (2900).jpg,Normal,Normal- (2900)
data\raw\kaggle\Normal\Normal- (1312).jpg,Normal,Normal- (1312)
data\raw\kaggle\Normal\Normal- (4964).jpg,Normal,Normal- (4964)
data\raw\kaggle\Normal\Normal- (3515).jpg,Normal,Normal- (3515)
data\raw\kaggle\Normal\Normal- (1256).jpg,Normal,Normal- (1256)
data\raw\kaggle\Normal\Normal- (4704).jpg,Normal,Normal- (4704)
data\raw\kaggle\Normal\Normal- (1147).jpg,Normal,Normal- (1147)
data\raw\kaggle\Normal\Normal- (2878).jpg,Normal,Normal- (2878)
data\raw\kaggle\Normal\Normal- (2482).jpg,Normal,Normal- (2482)
data\raw\kaggle\Normal\Normal- (4216).jpg,Normal,Normal- (4216)
data\raw\kaggle\Normal\Normal- (2957).jpg,Normal,Normal- (2957)
data\raw\kaggle\Normal\Normal- (2917).jpg,Normal,Normal- (2917)
data\raw\kaggle\Normal\Normal- (3249).jpg,Normal,Normal- (3249)
data\raw\kaggle\Normal\Normal- (1349).jpg,Normal,Normal- (1349)
data\raw\kaggle\Normal\Normal- (3439).jpg,Normal,Normal- (3439)
data\raw\kaggle\Normal\Normal- (2772).jpg,Normal,Normal- (2772)
data\raw\kaggle\Normal\Normal- (1259).jpg,Normal,Normal- (1259)
data\raw\kaggle\Normal\Normal- (4141).jpg,Normal,Normal- (4141)
data\raw\kaggle\Normal\Normal- (2723).jpg,Normal,Normal- (2723)
data\raw\kaggle\Normal\Normal- (2886).jpg,Normal,Normal- (2886)
data\raw\kaggle\Normal\Normal- (3995).jpg,Normal,Normal- (3995)
data\raw\kaggle\Normal\Normal- (3424).jpg,Normal,Normal- (3424)
data\raw\kaggle\Normal\Normal- (3490).jpg,Normal,Normal- (3490)
data\raw\kaggle\Normal\Normal- (4715).jpg,Normal,Normal- (4715)
data\raw\kaggle\Normal\Normal- (3147).jpg,Normal,Normal- (3147)
data\raw\kaggle\Normal\Normal- (175).jpg,Normal,Normal- (175)
data\raw\kaggle\Normal\Normal- (2195).jpg,Normal,Normal- (2195)
data\raw\kaggle\Normal\Normal- (3201).jpg,Normal,Normal- (3201)
data\raw\kaggle\Normal\Normal- (2714).jpg,Normal,Normal- (2714)
data\raw\kaggle\Normal\Normal- (1636).jpg,Normal,Normal- (1636)
data\raw\kaggle\Normal\Normal- (2816).jpg,Normal,Normal- (2816)
data\raw\kaggle\Normal\Normal- (1287).jpg,Normal,Normal- (1287)
data\raw\kaggle\Normal\Normal- (4503).jpg,Normal,Normal- (4503)
data\raw\kaggle\Normal\Normal- (1269).jpg,Normal,Normal- (1269)
data\raw\kaggle\Normal\Normal- (4440).jpg,Normal,Normal- (4440)
data\raw\kaggle\Normal\Normal- (3502).jpg,Normal,Normal- (3502)
data\raw\kaggle\Normal\Normal- (3847).jpg,Normal,Normal- (3847)
data\raw\kaggle\Normal\Normal- (506).jpg,Normal,Normal- (506)
data\raw\kaggle\Normal\Normal- (719).jpg,Normal,Normal- (719)
data\raw\kaggle\Normal\Normal- (4823).jpg,Normal,Normal- (4823)
data\raw\kaggle\Normal\Normal- (1621).jpg,Normal,Normal- (1621)
data\raw\kaggle\Normal\Normal- (3041).jpg,Normal,Normal- (3041)
data\raw\kaggle\Normal\Normal- (5052).jpg,Normal,Normal- (5052)
data\raw\kaggle\Normal\Normal- (4198).jpg,Normal,Normal- (4198)
data\raw\kaggle\Normal\Normal- (3193).jpg,Normal,Normal- (3193)
data\raw\kaggle\Normal\Normal- (1273).jpg,Normal,Normal- (1273)
data\raw\kaggle\Normal\Normal- (4176).jpg,Normal,Normal- (4176)
data\raw\kaggle\Normal\Normal- (2501).jpg,Normal,Normal- (2501)
data\raw\kaggle\Normal\Normal- (3639).jpg,Normal,Normal- (3639)
data\raw\kaggle\Normal\Normal- (2100).jpg,Normal,Normal- (2100)
data\raw\kaggle\Normal\Normal- (2138).jpg,Normal,Normal- (2138)
data\raw\kaggle\Normal\Normal- (3714).jpg,Normal,Normal- (3714)
data\raw\kaggle\Normal\Normal- (855).jpg,Normal,Normal- (855)
data\raw\kaggle\Normal\Normal- (4830).jpg,Normal,Normal- (4830)
data\raw\kaggle\Normal\Normal- (1722).jpg,Normal,Normal- (1722)
data\raw\kaggle\Normal\Normal- (1793).jpg,Normal,Normal- (1793)
data\raw\kaggle\Normal\Normal- (2549).jpg,Normal,Normal- (2549)
data\raw\kaggle\Normal\Normal- (5037).jpg,Normal,Normal- (5037)
data\raw\kaggle\Normal\Normal- (4960).jpg,Normal,Normal- (4960)
data\raw\kaggle\Normal\Normal- (5035).jpg,Normal,Normal- (5035)
data\raw\kaggle\Normal\Normal- (537).jpg,Normal,Normal- (537)
data\raw\kaggle\Normal\Normal- (838).jpg,Normal,Normal- (838)
data\raw\kaggle\Normal\Normal- (4249).jpg,Normal,Normal- (4249)
data\raw\kaggle\Normal\Normal- (5).jpg,Normal,Normal- (5)
data\raw\kaggle\Normal\Normal- (4896).jpg,Normal,Normal- (4896)
data\raw\kaggle\Normal\Normal- (4287).jpg,Normal,Normal- (4287)
data\raw\kaggle\Normal\Normal- (2802).jpg,Normal,Normal- (2802)
data\raw\kaggle\Normal\Normal- (660).jpg,Normal,Normal- (660)
data\raw\kaggle\Normal\Normal- (2661).jpg,Normal,Normal- (2661)
data\raw\kaggle\Normal\Normal- (2996).jpg,Normal,Normal- (2996)
data\raw\kaggle\Normal\Normal- (2823).jpg,Normal,Normal- (2823)
data\raw\kaggle\Normal\Normal- (3951).jpg,Normal,Normal- (3951)
data\raw\kaggle\Normal\Normal- (2737).jpg,Normal,Normal- (2737)
data\raw\kaggle\Normal\Normal- (3767).jpg,Normal,Normal- (3767)
data\raw\kaggle\Normal\Normal- (812).jpg,Normal,Normal- (812)
data\raw\kaggle\Normal\Normal- (2469).jpg,Normal,Normal- (2469)
data\raw\kaggle\Normal\Normal- (2936).jpg,Normal,Normal- (2936)
data\raw\kaggle\Normal\Normal- (4218).jpg,Normal,Normal- (4218)
data\raw\kaggle\Normal\Normal- (1868).jpg,Normal,Normal- (1868)
data\raw\kaggle\Normal\Normal- (3619).jpg,Normal,Normal- (3619)
data\raw\kaggle\Normal\Normal- (3632).jpg,Normal,Normal- (3632)
data\raw\kaggle\Normal\Normal- (1536).jpg,Normal,Normal- (1536)
data\raw\kaggle\Normal\Normal- (3672).jpg,Normal,Normal- (3672)
data\raw\kaggle\Normal\Normal- (1449).jpg,Normal,Normal- (1449)
data\raw\kaggle\Normal\Normal- (3994).jpg,Normal,Normal- (3994)
data\raw\kaggle\Normal\Normal- (1002).jpg,Normal,Normal- (1002)
data\raw\kaggle\Normal\Normal- (4625).jpg,Normal,Normal- (4625)
data\raw\kaggle\Normal\Normal- (1380).jpg,Normal,Normal- (1380)
data\raw\kaggle\Normal\Normal- (4906).jpg,Normal,Normal- (4906)
data\raw\kaggle\Normal\Normal- (697).jpg,Normal,Normal- (697)
data\raw\kaggle\Normal\Normal- (320).jpg,Normal,Normal- (320)
data\raw\kaggle\Normal\Normal- (465).jpg,Normal,Normal- (465)
data\raw\kaggle\Normal\Normal- (2888).jpg,Normal,Normal- (2888)
data\raw\kaggle\Normal\Normal- (140).jpg,Normal,Normal- (140)
data\raw\kaggle\Normal\Normal- (1087).jpg,Normal,Normal- (1087)
data\raw\kaggle\Normal\Normal- (3282).jpg,Normal,Normal- (3282)
data\raw\kaggle\Normal\Normal- (327).jpg,Normal,Normal- (327)
data\raw\kaggle\Normal\Normal- (2728).jpg,Normal,Normal- (2728)
data\raw\kaggle\Normal\Normal- (772).jpg,Normal,Normal- (772)
data\raw\kaggle\Normal\Normal- (4947).jpg,Normal,Normal- (4947)
data\raw\kaggle\Normal\Normal- (3734).jpg,Normal,Normal- (3734)
data\raw\kaggle\Normal\Normal- (1348).jpg,Normal,Normal- (1348)
data\raw\kaggle\Normal\Normal- (139).jpg,Normal,Normal- (139)
data\raw\kaggle\Normal\Normal- (3933).jpg,Normal,Normal- (3933)
data\raw\kaggle\Normal\Normal- (3923).jpg,Normal,Normal- (3923)
data\raw\kaggle\Normal\Normal- (650).jpg,Normal,Normal- (650)
data\raw\kaggle\Normal\Normal- (3074).jpg,Normal,Normal- (3074)
data\raw\kaggle\Normal\Normal- (3560).jpg,Normal,Normal- (3560)
data\raw\kaggle\Normal\Normal- (2597).jpg,Normal,Normal- (2597)
data\raw\kaggle\Normal\Normal- (3986).jpg,Normal,Normal- (3986)
data\raw\kaggle\Normal\Normal- (486).jpg,Normal,Normal- (486)
data\raw\kaggle\Normal\Normal- (4579).jpg,Normal,Normal- (4579)
data\raw\kaggle\Normal\Normal- (4752).jpg,Normal,Normal- (4752)
data\raw\kaggle\Normal\Normal- (1947).jpg,Normal,Normal- (1947)
data\raw\kaggle\Normal\Normal- (2220).jpg,Normal,Normal- (2220)
data\raw\kaggle\Normal\Normal- (2933).jpg,Normal,Normal- (2933)
data\raw\kaggle\Normal\Normal- (3974).jpg,Normal,Normal- (3974)
data\raw\kaggle\Normal\Normal- (3862).jpg,Normal,Normal- (3862)
data\raw\kaggle\Normal\Normal- (1491).jpg,Normal,Normal- (1491)
data\raw\kaggle\Normal\Normal- (342).jpg,Normal,Normal- (342)
data\raw\kaggle\Normal\Normal- (1968).jpg,Normal,Normal- (1968)
data\raw\kaggle\Normal\Normal- (3605).jpg,Normal,Normal- (3605)
data\raw\kaggle\Normal\Normal- (3606).jpg,Normal,Normal- (3606)
data\raw\kaggle\Normal\Normal- (2805).jpg,Normal,Normal- (2805)
data\raw\kaggle\Normal\Normal- (4200).jpg,Normal,Normal- (4200)
data\raw\kaggle\Normal\Normal- (4537).jpg,Normal,Normal- (4537)
data\raw\kaggle\Normal\Normal- (1161).jpg,Normal,Normal- (1161)
data\raw\kaggle\Normal\Normal- (2109).jpg,Normal,Normal- (2109)
data\raw\kaggle\Normal\Normal- (2945).jpg,Normal,Normal- (2945)
data\raw\kaggle\Normal\Normal- (1129).jpg,Normal,Normal- (1129)
data\raw\kaggle\Normal\Normal- (1876).jpg,Normal,Normal- (1876)
data\raw\kaggle\Normal\Normal- (704).jpg,Normal,Normal- (704)
data\raw\kaggle\Normal\Normal- (403).jpg,Normal,Normal- (403)
data\raw\kaggle\Normal\Normal- (4164).jpg,Normal,Normal- (4164)
data\raw\kaggle\Normal\Normal- (1576).jpg,Normal,Normal- (1576)
data\raw\kaggle\Normal\Normal- (3324).jpg,Normal,Normal- (3324)
data\raw\kaggle\Normal\Normal- (15).jpg,Normal,Normal- (15)
data\raw\kaggle\Normal\Normal- (1116).jpg,Normal,Normal- (1116)
data\raw\kaggle\Normal\Normal- (1651).jpg,Normal,Normal- (1651)
data\raw\kaggle\Normal\Normal- (3358).jpg,Normal,Normal- (3358)
data\raw\kaggle\Normal\Normal- (2084).jpg,Normal,Normal- (2084)
data\raw\kaggle\Normal\Normal- (2007).jpg,Normal,Normal- (2007)
data\raw\kaggle\Normal\Normal- (919).jpg,Normal,Normal- (919)
data\raw\kaggle\Normal\Normal- (1830).jpg,Normal,Normal- (1830)
data\raw\kaggle\Normal\Normal- (4334).jpg,Normal,Normal- (4334)
data\raw\kaggle\Normal\Normal- (4874).jpg,Normal,Normal- (4874)
data\raw\kaggle\Normal\Normal- (4653).jpg,Normal,Normal- (4653)
data\raw\kaggle\Normal\Normal- (1135).jpg,Normal,Normal- (1135)
data\raw\kaggle\Normal\Normal- (3948).jpg,Normal,Normal- (3948)
data\raw\kaggle\Normal\Normal- (1163).jpg,Normal,Normal- (1163)
data\raw\kaggle\Normal\Normal- (4360).jpg,Normal,Normal- (4360)
data\raw\kaggle\Normal\Normal- (1162).jpg,Normal,Normal- (1162)
data\raw\kaggle\Normal\Normal- (78).jpg,Normal,Normal- (78)
data\raw\kaggle\Normal\Normal- (2517).jpg,Normal,Normal- (2517)
data\raw\kaggle\Normal\Normal- (4053).jpg,Normal,Normal- (4053)
data\raw\kaggle\Normal\Normal- (273).jpg,Normal,Normal- (273)
data\raw\kaggle\Normal\Normal- (4265).jpg,Normal,Normal- (4265)
data\raw\kaggle\Normal\Normal- (953).jpg,Normal,Normal- (953)
data\raw\kaggle\Normal\Normal- (1668).jpg,Normal,Normal- (1668)
data\raw\kaggle\Normal\Normal- (2479).jpg,Normal,Normal- (2479)
data\raw\kaggle\Normal\Normal- (569).jpg,Normal,Normal- (569)
data\raw\kaggle\Normal\Normal- (3138).jpg,Normal,Normal- (3138)
data\raw\kaggle\Normal\Normal- (4246).jpg,Normal,Normal- (4246)
data\raw\kaggle\Normal\Normal- (326).jpg,Normal,Normal- (326)
data\raw\kaggle\Normal\Normal- (4199).jpg,Normal,Normal- (4199)
data\raw\kaggle\Normal\Normal- (4706).jpg,Normal,Normal- (4706)
data\raw\kaggle\Normal\Normal- (950).jpg,Normal,Normal- (950)
data\raw\kaggle\Normal\Normal- (4787).jpg,Normal,Normal- (4787)
data\raw\kaggle\Normal\Normal- (1629).jpg,Normal,Normal- (1629)
data\raw\kaggle\Normal\Normal- (285).jpg,Normal,Normal- (285)
data\raw\kaggle\Normal\Normal- (4206).jpg,Normal,Normal- (4206)
data\raw\kaggle\Normal\Normal- (1401).jpg,Normal,Normal- (1401)
data\raw\kaggle\Normal\Normal- (3894).jpg,Normal,Normal- (3894)
data\raw\kaggle\Normal\Normal- (2169).jpg,Normal,Normal- (2169)
data\raw\kaggle\Normal\Normal- (4968).jpg,Normal,Normal- (4968)
data\raw\kaggle\Normal\Normal- (409).jpg,Normal,Normal- (409)
data\raw\kaggle\Normal\Normal- (3646).jpg,Normal,Normal- (3646)
data\raw\kaggle\Normal\Normal- (3414).jpg,Normal,Normal- (3414)
data\raw\kaggle\Normal\Normal- (2829).jpg,Normal,Normal- (2829)
data\raw\kaggle\Normal\Normal- (1251).jpg,Normal,Normal- (1251)
data\raw\kaggle\Normal\Normal- (1397).jpg,Normal,Normal- (1397)
data\raw\kaggle\Normal\Normal- (3586).jpg,Normal,Normal- (3586)
data\raw\kaggle\Normal\Normal- (670).jpg,Normal,Normal- (670)
data\raw\kaggle\Normal\Normal- (722).jpg,Normal,Normal- (722)
data\raw\kaggle\Normal\Normal- (3872).jpg,Normal,Normal- (3872)
data\raw\kaggle\Normal\Normal- (433).jpg,Normal,Normal- (433)
data\raw\kaggle\Normal\Normal- (5066).jpg,Normal,Normal- (5066)
data\raw\kaggle\Normal\Normal- (3895).jpg,Normal,Normal- (3895)
data\raw\kaggle\Normal\Normal- (4918).jpg,Normal,Normal- (4918)
data\raw\kaggle\Normal\Normal- (2976).jpg,Normal,Normal- (2976)
data\raw\kaggle\Normal\Normal- (760).jpg,Normal,Normal- (760)
data\raw\kaggle\Normal\Normal- (262).jpg,Normal,Normal- (262)
data\raw\kaggle\Normal\Normal- (1690).jpg,Normal,Normal- (1690)
data\raw\kaggle\Normal\Normal- (1887).jpg,Normal,Normal- (1887)
data\raw\kaggle\Normal\Normal- (3283).jpg,Normal,Normal- (3283)
data\raw\kaggle\Normal\Normal- (98).jpg,Normal,Normal- (98)
data\raw\kaggle\Normal\Normal- (2387).jpg,Normal,Normal- (2387)
data\raw\kaggle\Normal\Normal- (3245).jpg,Normal,Normal- (3245)
data\raw\kaggle\Normal\Normal- (3962).jpg,Normal,Normal- (3962)
data\raw\kaggle\Normal\Normal- (725).jpg,Normal,Normal- (725)
data\raw\kaggle\Normal\Normal- (2053).jpg,Normal,Normal- (2053)
data\raw\kaggle\Normal\Normal- (2261).jpg,Normal,Normal- (2261)
data\raw\kaggle\Normal\Normal- (3052).jpg,Normal,Normal- (3052)
data\raw\kaggle\Normal\Normal- (770).jpg,Normal,Normal- (770)
data\raw\kaggle\Normal\Normal- (3023).jpg,Normal,Normal- (3023)
data\raw\kaggle\Normal\Normal- (516).jpg,Normal,Normal- (516)
data\raw\kaggle\Normal\Normal- (477).jpg,Normal,Normal- (477)
data\raw\kaggle\Normal\Normal- (2646).jpg,Normal,Normal- (2646)
data\raw\kaggle\Normal\Normal- (2445).jpg,Normal,Normal- (2445)
data\raw\kaggle\Normal\Normal- (935).jpg,Normal,Normal- (935)
data\raw\kaggle\Normal\Normal- (3713).jpg,Normal,Normal- (3713)
data\raw\kaggle\Normal\Normal- (4636).jpg,Normal,Normal- (4636)
data\raw\kaggle\Normal\Normal- (3322).jpg,Normal,Normal- (3322)
data\raw\kaggle\Normal\Normal- (2798).jpg,Normal,Normal- (2798)
data\raw\kaggle\Normal\Normal- (947).jpg,Normal,Normal- (947)
data\raw\kaggle\Normal\Normal- (3929).jpg,Normal,Normal- (3929)
data\raw\kaggle\Normal\Normal- (25).jpg,Normal,Normal- (25)
data\raw\kaggle\Normal\Normal- (2527).jpg,Normal,Normal- (2527)
data\raw\kaggle\Normal\Normal- (3034).jpg,Normal,Normal- (3034)
data\raw\kaggle\Normal\Normal- (4244).jpg,Normal,Normal- (4244)
data\raw\kaggle\Normal\Normal- (870).jpg,Normal,Normal- (870)
data\raw\kaggle\Normal\Normal- (2140).jpg,Normal,Normal- (2140)
data\raw\kaggle\Normal\Normal- (4130).jpg,Normal,Normal- (4130)
data\raw\kaggle\Normal\Normal- (1140).jpg,Normal,Normal- (1140)
data\raw\kaggle\Normal\Normal- (111).jpg,Normal,Normal- (111)
data\raw\kaggle\Normal\Normal- (4619).jpg,Normal,Normal- (4619)
data\raw\kaggle\Normal\Normal- (2015).jpg,Normal,Normal- (2015)
data\raw\kaggle\Normal\Normal- (783).jpg,Normal,Normal- (783)
data\raw\kaggle\Normal\Normal- (3664).jpg,Normal,Normal- (3664)
data\raw\kaggle\Normal\Normal- (3213).jpg,Normal,Normal- (3213)
data\raw\kaggle\Normal\Normal- (4091).jpg,Normal,Normal- (4091)
data\raw\kaggle\Normal\Normal- (2951).jpg,Normal,Normal- (2951)
data\raw\kaggle\Normal\Normal- (4848).jpg,Normal,Normal- (4848)
data\raw\kaggle\Normal\Normal- (826).jpg,Normal,Normal- (826)
data\raw\kaggle\Normal\Normal- (1548).jpg,Normal,Normal- (1548)
data\raw\kaggle\Normal\Normal- (194).jpg,Normal,Normal- (194)
data\raw\kaggle\Normal\Normal- (4169).jpg,Normal,Normal- (4169)
data\raw\kaggle\Normal\Normal- (188).jpg,Normal,Normal- (188)
data\raw\kaggle\Normal\Normal- (3954).jpg,Normal,Normal- (3954)
data\raw\kaggle\Normal\Normal- (2102).jpg,Normal,Normal- (2102)
data\raw\kaggle\Normal\Normal- (3361).jpg,Normal,Normal- (3361)
data\raw\kaggle\Normal\Normal- (4402).jpg,Normal,Normal- (4402)
data\raw\kaggle\Normal\Normal- (4862).jpg,Normal,Normal- (4862)
data\raw\kaggle\Normal\Normal- (3517).jpg,Normal,Normal- (3517)
data\raw\kaggle\Normal\Normal- (999).jpg,Normal,Normal- (999)
data\raw\kaggle\Normal\Normal- (781).jpg,Normal,Normal- (781)
data\raw\kaggle\Normal\Normal- (3624).jpg,Normal,Normal- (3624)
data\raw\kaggle\Normal\Normal- (1011).jpg,Normal,Normal- (1011)
data\raw\kaggle\Normal\Normal- (415).jpg,Normal,Normal- (415)
data\raw\kaggle\Normal\Normal- (3985).jpg,Normal,Normal- (3985)
data\raw\kaggle\Normal\Normal- (2487).jpg,Normal,Normal- (2487)
data\raw\kaggle\Normal\Normal- (4687).jpg,Normal,Normal- (4687)
data\raw\kaggle\Normal\Normal- (522).jpg,Normal,Normal- (522)
data\raw\kaggle\Normal\Normal- (2712).jpg,Normal,Normal- (2712)
data\raw\kaggle\Normal\Normal- (1714).jpg,Normal,Normal- (1714)
data\raw\kaggle\Normal\Normal- (4741).jpg,Normal,Normal- (4741)
data\raw\kaggle\Normal\Normal- (1498).jpg,Normal,Normal- (1498)
data\raw\kaggle\Normal\Normal- (4139).jpg,Normal,Normal- (4139)
data\raw\kaggle\Normal\Normal- (620).jpg,Normal,Normal- (620)
data\raw\kaggle\Normal\Normal- (4771).jpg,Normal,Normal- (4771)
data\raw\kaggle\Normal\Normal- (2966).jpg,Normal,Normal- (2966)
data\raw\kaggle\Normal\Normal- (2266).jpg,Normal,Normal- (2266)
data\raw\kaggle\Normal\Normal- (4074).jpg,Normal,Normal- (4074)
data\raw\kaggle\Normal\Normal- (2979).jpg,Normal,Normal- (2979)
data\raw\kaggle\Normal\Normal- (1403).jpg,Normal,Normal- (1403)
data\raw\kaggle\Normal\Normal- (133).jpg,Normal,Normal- (133)
data\raw\kaggle\Normal\Normal- (2391).jpg,Normal,Normal- (2391)
data\raw\kaggle\Normal\Normal- (4272).jpg,Normal,Normal- (4272)
data\raw\kaggle\Normal\Normal- (3615).jpg,Normal,Normal- (3615)
data\raw\kaggle\Normal\Normal- (1660).jpg,Normal,Normal- (1660)
data\raw\kaggle\Normal\Normal- (154).jpg,Normal,Normal- (154)
data\raw\kaggle\Normal\Normal- (4311).jpg,Normal,Normal- (4311)
data\raw\kaggle\Normal\Normal- (1575).jpg,Normal,Normal- (1575)
data\raw\kaggle\Normal\Normal- (4981).jpg,Normal,Normal- (4981)
data\raw\kaggle\Normal\Normal- (1874).jpg,Normal,Normal- (1874)
data\raw\kaggle\Normal\Normal- (2814).jpg,Normal,Normal- (2814)
data\raw\kaggle\Normal\Normal- (135).jpg,Normal,Normal- (135)
data\raw\kaggle\Normal\Normal- (4616).jpg,Normal,Normal- (4616)
data\raw\kaggle\Normal\Normal- (2654).jpg,Normal,Normal- (2654)
data\raw\kaggle\Normal\Normal- (2472).jpg,Normal,Normal- (2472)
data\raw\kaggle\Normal\Normal- (3447).jpg,Normal,Normal- (3447)
data\raw\kaggle\Normal\Normal- (2034).jpg,Normal,Normal- (2034)
data\raw\kaggle\Normal\Normal- (1974).jpg,Normal,Normal- (1974)
data\raw\kaggle\Normal\Normal- (4928).jpg,Normal,Normal- (4928)
data\raw\kaggle\Normal\Normal- (3127).jpg,Normal,Normal- (3127)
data\raw\kaggle\Normal\Normal- (2907).jpg,Normal,Normal- (2907)
data\raw\kaggle\Normal\Normal- (4362).jpg,Normal,Normal- (4362)
data\raw\kaggle\Normal\Normal- (4255).jpg,Normal,Normal- (4255)
data\raw\kaggle\Normal\Normal- (4125).jpg,Normal,Normal- (4125)
data\raw\kaggle\Normal\Normal- (2385).jpg,Normal,Normal- (2385)
data\raw\kaggle\Normal\Normal- (2670).jpg,Normal,Normal- (2670)
data\raw\kaggle\Normal\Normal- (740).jpg,Normal,Normal- (740)
data\raw\kaggle\Normal\Normal- (4590).jpg,Normal,Normal- (4590)
data\raw\kaggle\Normal\Normal- (4048).jpg,Normal,Normal- (4048)
data\raw\kaggle\Normal\Normal- (4520).jpg,Normal,Normal- (4520)
data\raw\kaggle\Normal\Normal- (4063).jpg,Normal,Normal- (4063)
data\raw\kaggle\Normal\Normal- (40).jpg,Normal,Normal- (40)
data\raw\kaggle\Normal\Normal- (33).jpg,Normal,Normal- (33)
data\raw\kaggle\Normal\Normal- (2047).jpg,Normal,Normal- (2047)
data\raw\kaggle\Normal\Normal- (934).jpg,Normal,Normal- (934)
data\raw\kaggle\Normal\Normal- (4513).jpg,Normal,Normal- (4513)
data\raw\kaggle\Normal\Normal- (478).jpg,Normal,Normal- (478)
data\raw\kaggle\Normal\Normal- (4979).jpg,Normal,Normal- (4979)
data\raw\kaggle\Normal\Normal- (4159).jpg,Normal,Normal- (4159)
data\raw\kaggle\Normal\Normal- (1458).jpg,Normal,Normal- (1458)
data\raw\kaggle\Normal\Normal- (1823).jpg,Normal,Normal- (1823)
data\raw\kaggle\Normal\Normal- (952).jpg,Normal,Normal- (952)
data\raw\kaggle\Normal\Normal- (1528).jpg,Normal,Normal- (1528)
data\raw\kaggle\Normal\Normal- (3784).jpg,Normal,Normal- (3784)
data\raw\kaggle\Normal\Normal- (2299).jpg,Normal,Normal- (2299)
data\raw\kaggle\Normal\Normal- (4571).jpg,Normal,Normal- (4571)
data\raw\kaggle\Normal\Normal- (4256).jpg,Normal,Normal- (4256)
data\raw\kaggle\Normal\Normal- (1684).jpg,Normal,Normal- (1684)
data\raw\kaggle\Normal\Normal- (3754).jpg,Normal,Normal- (3754)
data\raw\kaggle\Normal\Normal- (3561).jpg,Normal,Normal- (3561)
data\raw\kaggle\Normal\Normal- (1602).jpg,Normal,Normal- (1602)
data\raw\kaggle\Normal\Normal- (4446).jpg,Normal,Normal- (4446)
data\raw\kaggle\Normal\Normal- (3613).jpg,Normal,Normal- (3613)
data\raw\kaggle\Normal\Normal- (4162).jpg,Normal,Normal- (4162)
data\raw\kaggle\Normal\Normal- (1386).jpg,Normal,Normal- (1386)
data\raw\kaggle\Normal\Normal- (2718).jpg,Normal,Normal- (2718)
data\raw\kaggle\Normal\Normal- (4961).jpg,Normal,Normal- (4961)
data\raw\kaggle\Normal\Normal- (1192).jpg,Normal,Normal- (1192)
data\raw\kaggle\Normal\Normal- (347).jpg,Normal,Normal- (347)
data\raw\kaggle\Normal\Normal- (119).jpg,Normal,Normal- (119)
data\raw\kaggle\Normal\Normal- (1244).jpg,Normal,Normal- (1244)
data\raw\kaggle\Normal\Normal- (4855).jpg,Normal,Normal- (4855)
data\raw\kaggle\Normal\Normal- (147).jpg,Normal,Normal- (147)
data\raw\kaggle\Normal\Normal- (4100).jpg,Normal,Normal- (4100)
data\raw\kaggle\Normal\Normal- (1997).jpg,Normal,Normal- (1997)
data\raw\kaggle\Normal\Normal- (4702).jpg,Normal,Normal- (4702)
data\raw\kaggle\Normal\Normal- (1166).jpg,Normal,Normal- (1166)
data\raw\kaggle\Normal\Normal- (2474).jpg,Normal,Normal- (2474)
data\raw\kaggle\Normal\Normal- (1643).jpg,Normal,Normal- (1643)
data\raw\kaggle\Normal\Normal- (62).jpg,Normal,Normal- (62)
data\raw\kaggle\Normal\Normal- (4561).jpg,Normal,Normal- (4561)
data\raw\kaggle\Normal\Normal- (1389).jpg,Normal,Normal- (1389)
data\raw\kaggle\Normal\Normal- (4631).jpg,Normal,Normal- (4631)
data\raw\kaggle\Normal\Normal- (1155).jpg,Normal,Normal- (1155)
data\raw\kaggle\Normal\Normal- (2175).jpg,Normal,Normal- (2175)
data\raw\kaggle\Normal\Normal- (3921).jpg,Normal,Normal- (3921)
data\raw\kaggle\Normal\Normal- (271).jpg,Normal,Normal- (271)
data\raw\kaggle\Normal\Normal- (1544).jpg,Normal,Normal- (1544)
data\raw\kaggle\Normal\Normal- (3865).jpg,Normal,Normal- (3865)
data\raw\kaggle\Normal\Normal- (578).jpg,Normal,Normal- (578)
data\raw\kaggle\Normal\Normal- (1157).jpg,Normal,Normal- (1157)
data\raw\kaggle\Normal\Normal- (1977).jpg,Normal,Normal- (1977)
data\raw\kaggle\Normal\Normal- (823).jpg,Normal,Normal- (823)
data\raw\kaggle\Normal\Normal- (972).jpg,Normal,Normal- (972)
data\raw\kaggle\Tumor\Tumor- (769).jpg,Tumor,Tumor- (769)
data\raw\kaggle\Tumor\Tumor- (479).jpg,Tumor,Tumor- (479)
data\raw\kaggle\Tumor\Tumor- (1796).jpg,Tumor,Tumor- (1796)
data\raw\kaggle\Tumor\Tumor- (463).jpg,Tumor,Tumor- (463)
data\raw\kaggle\Tumor\Tumor- (292).jpg,Tumor,Tumor- (292)
data\raw\kaggle\Tumor\Tumor- (320).jpg,Tumor,Tumor- (320)
data\raw\kaggle\Tumor\Tumor- (1093).jpg,Tumor,Tumor- (1093)
data\raw\kaggle\Tumor\Tumor- (1102).jpg,Tumor,Tumor- (1102)
data\raw\kaggle\Tumor\Tumor- (1787).jpg,Tumor,Tumor- (1787)
data\raw\kaggle\Tumor\Tumor- (778).jpg,Tumor,Tumor- (778)
data\raw\kaggle\Tumor\Tumor- (2277).jpg,Tumor,Tumor- (2277)
data\raw\kaggle\Tumor\Tumor- (1320).jpg,Tumor,Tumor- (1320)
data\raw\kaggle\Tumor\Tumor- (1663).jpg,Tumor,Tumor- (1663)
data\raw\kaggle\Tumor\Tumor- (1048).jpg,Tumor,Tumor- (1048)
data\raw\kaggle\Tumor\Tumor- (1978).jpg,Tumor,Tumor- (1978)
data\raw\kaggle\Tumor\Tumor- (343).jpg,Tumor,Tumor- (343)
data\raw\kaggle\Tumor\Tumor- (792).jpg,Tumor,Tumor- (792)
data\raw\kaggle\Tumor\Tumor- (122).jpg,Tumor,Tumor- (122)
data\raw\kaggle\Tumor\Tumor- (2232).jpg,Tumor,Tumor- (2232)
data\raw\kaggle\Tumor\Tumor- (1101).jpg,Tumor,Tumor- (1101)
data\raw\kaggle\Tumor\Tumor- (1670).jpg,Tumor,Tumor- (1670)
data\raw\kaggle\Tumor\Tumor- (1138).jpg,Tumor,Tumor- (1138)
data\raw\kaggle\Tumor\Tumor- (962).jpg,Tumor,Tumor- (962)
data\raw\kaggle\Tumor\Tumor- (1791).jpg,Tumor,Tumor- (1791)
data\raw\kaggle\Tumor\Tumor- (2100).jpg,Tumor,Tumor- (2100)
data\raw\kaggle\Tumor\Tumor- (1212).jpg,Tumor,Tumor- (1212)
data\raw\kaggle\Tumor\Tumor- (1401).jpg,Tumor,Tumor- (1401)
data\raw\kaggle\Tumor\Tumor- (1927).jpg,Tumor,Tumor- (1927)
data\raw\kaggle\Tumor\Tumor- (715).jpg,Tumor,Tumor- (715)
data\raw\kaggle\Tumor\Tumor- (674).jpg,Tumor,Tumor- (674)
data\raw\kaggle\Tumor\Tumor- (1968).jpg,Tumor,Tumor- (1968)
data\raw\kaggle\Tumor\Tumor- (1311).jpg,Tumor,Tumor- (1311)
data\raw\kaggle\Tumor\Tumor- (1652).jpg,Tumor,Tumor- (1652)
data\raw\kaggle\Tumor\Tumor- (1241).jpg,Tumor,Tumor- (1241)
data\raw\kaggle\Tumor\Tumor- (1032).jpg,Tumor,Tumor- (1032)
data\raw\kaggle\Tumor\Tumor- (556).jpg,Tumor,Tumor- (556)
data\raw\kaggle\Tumor\Tumor- (162).jpg,Tumor,Tumor- (162)
data\raw\kaggle\Tumor\Tumor- (666).jpg,Tumor,Tumor- (666)
data\raw\kaggle\Tumor\Tumor- (2242).jpg,Tumor,Tumor- (2242)
data\raw\kaggle\Tumor\Tumor- (1515).jpg,Tumor,Tumor- (1515)
data\raw\kaggle\Tumor\Tumor- (1524).jpg,Tumor,Tumor- (1524)
data\raw\kaggle\Tumor\Tumor- (1447).jpg,Tumor,Tumor- (1447)
data\raw\kaggle\Tumor\Tumor- (1804).jpg,Tumor,Tumor- (1804)
data\raw\kaggle\Tumor\Tumor- (1345).jpg,Tumor,Tumor- (1345)
data\raw\kaggle\Tumor\Tumor- (298).jpg,Tumor,Tumor- (298)
data\raw\kaggle\Tumor\Tumor- (544).jpg,Tumor,Tumor- (544)
data\raw\kaggle\Tumor\Tumor- (1724).jpg,Tumor,Tumor- (1724)
data\raw\kaggle\Tumor\Tumor- (2110).jpg,Tumor,Tumor- (2110)
data\raw\kaggle\Tumor\Tumor- (1609).jpg,Tumor,Tumor- (1609)
data\raw\kaggle\Tumor\Tumor- (1178).jpg,Tumor,Tumor- (1178)
data\raw\kaggle\Tumor\Tumor- (274).jpg,Tumor,Tumor- (274)
data\raw\kaggle\Tumor\Tumor- (1648).jpg,Tumor,Tumor- (1648)
data\raw\kaggle\Tumor\Tumor- (1556).jpg,Tumor,Tumor- (1556)
data\raw\kaggle\Tumor\Tumor- (2274).jpg,Tumor,Tumor- (2274)
data\raw\kaggle\Tumor\Tumor- (1750).jpg,Tumor,Tumor- (1750)
data\raw\kaggle\Tumor\Tumor- (607).jpg,Tumor,Tumor- (607)
data\raw\kaggle\Tumor\Tumor- (1519).jpg,Tumor,Tumor- (1519)
data\raw\kaggle\Tumor\Tumor- (1686).jpg,Tumor,Tumor- (1686)
data\raw\kaggle\Tumor\Tumor- (1295).jpg,Tumor,Tumor- (1295)
data\raw\kaggle\Tumor\Tumor- (1215).jpg,Tumor,Tumor- (1215)
data\raw\kaggle\Tumor\Tumor- (704).jpg,Tumor,Tumor- (704)
data\raw\kaggle\Tumor\Tumor- (2132).jpg,Tumor,Tumor- (2132)
data\raw\kaggle\Tumor\Tumor- (2011).jpg,Tumor,Tumor- (2011)
data\raw\kaggle\Tumor\Tumor- (2266).jpg,Tumor,Tumor- (2266)
data\raw\kaggle\Tumor\Tumor- (777).jpg,Tumor,Tumor- (777)
data\raw\kaggle\Tumor\Tumor- (1034).jpg,Tumor,Tumor- (1034)
data\raw\kaggle\Tumor\Tumor- (898).jpg,Tumor,Tumor- (898)
data\raw\kaggle\Tumor\Tumor- (1460).jpg,Tumor,Tumor- (1460)
data\raw\kaggle\Tumor\Tumor- (952).jpg,Tumor,Tumor- (952)
data\raw\kaggle\Tumor\Tumor- (2156).jpg,Tumor,Tumor- (2156)
data\raw\kaggle\Tumor\Tumor- (2135).jpg,Tumor,Tumor- (2135)
data\raw\kaggle\Tumor\Tumor- (1477).jpg,Tumor,Tumor- (1477)
data\raw\kaggle\Tumor\Tumor- (2222).jpg,Tumor,Tumor- (2222)
data\raw\kaggle\Tumor\Tumor- (520).jpg,Tumor,Tumor- (520)
data\raw\kaggle\Tumor\Tumor- (721).jpg,Tumor,Tumor- (721)
data\raw\kaggle\Tumor\Tumor- (244).jpg,Tumor,Tumor- (244)
data\raw\kaggle\Tumor\Tumor- (408).jpg,Tumor,Tumor- (408)
data\raw\kaggle\Tumor\Tumor- (84).jpg,Tumor,Tumor- (84)
data\raw\kaggle\Tumor\Tumor- (1972).jpg,Tumor,Tumor- (1972)
data\raw\kaggle\Tumor\Tumor- (345).jpg,Tumor,Tumor- (345)
data\raw\kaggle\Tumor\Tumor- (866).jpg,Tumor,Tumor- (866)
data\raw\kaggle\Tumor\Tumor- (86).jpg,Tumor,Tumor- (86)
data\raw\kaggle\Tumor\Tumor- (2231).jpg,Tumor,Tumor- (2231)
data\raw\kaggle\Tumor\Tumor- (1257).jpg,Tumor,Tumor- (1257)
data\raw\kaggle\Tumor\Tumor- (1470).jpg,Tumor,Tumor- (1470)
data\raw\kaggle\Tumor\Tumor- (450).jpg,Tumor,Tumor- (450)
data\raw\kaggle\Tumor\Tumor- (509).jpg,Tumor,Tumor- (509)
data\raw\kaggle\Tumor\Tumor- (1201).jpg,Tumor,Tumor- (1201)
data\raw\kaggle\Tumor\Tumor- (1350).jpg,Tumor,Tumor- (1350)
data\raw\kaggle\Tumor\Tumor- (558).jpg,Tumor,Tumor- (558)
data\raw\kaggle\Tumor\Tumor- (2047).jpg,Tumor,Tumor- (2047)
data\raw\kaggle\Tumor\Tumor- (2207).jpg,Tumor,Tumor- (2207)
data\raw\kaggle\Tumor\Tumor- (946).jpg,Tumor,Tumor- (946)
data\raw\kaggle\Tumor\Tumor- (855).jpg,Tumor,Tumor- (855)
data\raw\kaggle\Tumor\Tumor- (1967).jpg,Tumor,Tumor- (1967)
data\raw\kaggle\Tumor\Tumor- (43).jpg,Tumor,Tumor- (43)
data\raw\kaggle\Tumor\Tumor- (1733).jpg,Tumor,Tumor- (1733)
data\raw\kaggle\Tumor\Tumor- (1849).jpg,Tumor,Tumor- (1849)
data\raw\kaggle\Tumor\Tumor- (171).jpg,Tumor,Tumor- (171)
data\raw\kaggle\Tumor\Tumor- (1596).jpg,Tumor,Tumor- (1596)
data\raw\kaggle\Tumor\Tumor- (358).jpg,Tumor,Tumor- (358)
data\raw\kaggle\Tumor\Tumor- (2220).jpg,Tumor,Tumor- (2220)
data\raw\kaggle\Tumor\Tumor- (478).jpg,Tumor,Tumor- (478)
data\raw\kaggle\Tumor\Tumor- (1380).jpg,Tumor,Tumor- (1380)
data\raw\kaggle\Tumor\Tumor- (2016).jpg,Tumor,Tumor- (2016)
data\raw\kaggle\Tumor\Tumor- (796).jpg,Tumor,Tumor- (796)
data\raw\kaggle\Tumor\Tumor- (428).jpg,Tumor,Tumor- (428)
data\raw\kaggle\Tumor\Tumor- (422).jpg,Tumor,Tumor- (422)
data\raw\kaggle\Tumor\Tumor- (2147).jpg,Tumor,Tumor- (2147)
data\raw\kaggle\Tumor\Tumor- (995).jpg,Tumor,Tumor- (995)
data\raw\kaggle\Tumor\Tumor- (475).jpg,Tumor,Tumor- (475)
data\raw\kaggle\Tumor\Tumor- (760).jpg,Tumor,Tumor- (760)
data\raw\kaggle\Tumor\Tumor- (363).jpg,Tumor,Tumor- (363)
data\raw\kaggle\Tumor\Tumor- (156).jpg,Tumor,Tumor- (156)
data\raw\kaggle\Tumor\Tumor- (877).jpg,Tumor,Tumor- (877)
data\raw\kaggle\Tumor\Tumor- (543).jpg,Tumor,Tumor- (543)
data\raw\kaggle\Tumor\Tumor- (394).jpg,Tumor,Tumor- (394)
data\raw\kaggle\Tumor\Tumor- (1272).jpg,Tumor,Tumor- (1272)
data\raw\kaggle\Tumor\Tumor- (1167).jpg,Tumor,Tumor- (1167)
data\raw\kaggle\Tumor\Tumor- (1346).jpg,Tumor,Tumor- (1346)
data\raw\kaggle\Tumor\Tumor- (435).jpg,Tumor,Tumor- (435)
data\raw\kaggle\Tumor\Tumor- (1440).jpg,Tumor,Tumor- (1440)
data\raw\kaggle\Tumor\Tumor- (484).jpg,Tumor,Tumor- (484)
data\raw\kaggle\Tumor\Tumor- (623).jpg,Tumor,Tumor- (623)
data\raw\kaggle\Tumor\Tumor- (865).jpg,Tumor,Tumor- (865)
data\raw\kaggle\Tumor\Tumor- (361).jpg,Tumor,Tumor- (361)
data\raw\kaggle\Tumor\Tumor- (2072).jpg,Tumor,Tumor- (2072)
data\raw\kaggle\Tumor\Tumor- (113).jpg,Tumor,Tumor- (113)
data\raw\kaggle\Tumor\Tumor- (612).jpg,Tumor,Tumor- (612)
data\raw\kaggle\Tumor\Tumor- (2018).jpg,Tumor,Tumor- (2018)
data\raw\kaggle\Tumor\Tumor- (64).jpg,Tumor,Tumor- (64)
data\raw\kaggle\Tumor\Tumor- (209).jpg,Tumor,Tumor- (209)
data\raw\kaggle\Tumor\Tumor- (1855).jpg,Tumor,Tumor- (1855)
data\raw\kaggle\Tumor\Tumor- (671).jpg,Tumor,Tumor- (671)
data\raw\kaggle\Tumor\Tumor- (1293).jpg,Tumor,Tumor- (1293)
data\raw\kaggle\Tumor\Tumor- (1723).jpg,Tumor,Tumor- (1723)
data\raw\kaggle\Tumor\Tumor- (1096).jpg,Tumor,Tumor- (1096)
data\raw\kaggle\Tumor\Tumor- (1446).jpg,Tumor,Tumor- (1446)
data\raw\kaggle\Tumor\Tumor- (639).jpg,Tumor,Tumor- (639)
data\raw\kaggle\Tumor\Tumor- (1528).jpg,Tumor,Tumor- (1528)
data\raw\kaggle\Tumor\Tumor- (1822).jpg,Tumor,Tumor- (1822)
data\raw\kaggle\Tumor\Tumor- (392).jpg,Tumor,Tumor- (392)
data\raw\kaggle\Tumor\Tumor- (932).jpg,Tumor,Tumor- (932)
data\raw\kaggle\Tumor\Tumor- (2056).jpg,Tumor,Tumor- (2056)
data\raw\kaggle\Tumor\Tumor- (2144).jpg,Tumor,Tumor- (2144)
data\raw\kaggle\Tumor\Tumor- (2063).jpg,Tumor,Tumor- (2063)
data\raw\kaggle\Tumor\Tumor- (1741).jpg,Tumor,Tumor- (1741)
data\raw\kaggle\Tumor\Tumor- (406).jpg,Tumor,Tumor- (406)
data\raw\kaggle\Tumor\Tumor- (1562).jpg,Tumor,Tumor- (1562)
data\raw\kaggle\Tumor\Tumor- (134).jpg,Tumor,Tumor- (134)
data\raw\kaggle\Tumor\Tumor- (246).jpg,Tumor,Tumor- (246)
data\raw\kaggle\Tumor\Tumor- (1092).jpg,Tumor,Tumor- (1092)
data\raw\kaggle\Tumor\Tumor- (1243).jpg,Tumor,Tumor- (1243)
data\raw\kaggle\Tumor\Tumor- (755).jpg,Tumor,Tumor- (755)
data\raw\kaggle\Tumor\Tumor- (2025).jpg,Tumor,Tumor- (2025)
data\raw\kaggle\Tumor\Tumor- (878).jpg,Tumor,Tumor- (878)
data\raw\kaggle\Tumor\Tumor- (1434).jpg,Tumor,Tumor- (1434)
data\raw\kaggle\Tumor\Tumor- (1071).jpg,Tumor,Tumor- (1071)
data\raw\kaggle\Tumor\Tumor- (826).jpg,Tumor,Tumor- (826)
data\raw\kaggle\Tumor\Tumor- (694).jpg,Tumor,Tumor- (694)
data\raw\kaggle\Tumor\Tumor- (65).jpg,Tumor,Tumor- (65)
data\raw\kaggle\Tumor\Tumor- (847).jpg,Tumor,Tumor- (847)
data\raw\kaggle\Tumor\Tumor- (2117).jpg,Tumor,Tumor- (2117)
data\raw\kaggle\Tumor\Tumor- (1545).jpg,Tumor,Tumor- (1545)
data\raw\kaggle\Tumor\Tumor- (430).jpg,Tumor,Tumor- (430)
data\raw\kaggle\Tumor\Tumor- (1696).jpg,Tumor,Tumor- (1696)
data\raw\kaggle\Tumor\Tumor- (2034).jpg,Tumor,Tumor- (2034)
data\raw\kaggle\Tumor\Tumor- (2033).jpg,Tumor,Tumor- (2033)
data\raw\kaggle\Tumor\Tumor- (1190).jpg,Tumor,Tumor- (1190)
data\raw\kaggle\Tumor\Tumor- (446).jpg,Tumor,Tumor- (446)
data\raw\kaggle\Tumor\Tumor- (646).jpg,Tumor,Tumor- (646)
data\raw\kaggle\Tumor\Tumor- (697).jpg,Tumor,Tumor- (697)
data\raw\kaggle\Tumor\Tumor- (753).jpg,Tumor,Tumor- (753)
data\raw\kaggle\Tumor\Tumor- (582).jpg,Tumor,Tumor- (582)
data\raw\kaggle\Tumor\Tumor- (1491).jpg,Tumor,Tumor- (1491)
data\raw\kaggle\Tumor\Tumor- (1590).jpg,Tumor,Tumor- (1590)
data\raw\kaggle\Tumor\Tumor- (287).jpg,Tumor,Tumor- (287)
data\raw\kaggle\Tumor\Tumor- (2204).jpg,Tumor,Tumor- (2204)
data\raw\kaggle\Tumor\Tumor- (547).jpg,Tumor,Tumor- (547)
data\raw\kaggle\Tumor\Tumor- (179).jpg,Tumor,Tumor- (179)
data\raw\kaggle\Tumor\Tumor- (2076).jpg,Tumor,Tumor- (2076)
data\raw\kaggle\Tumor\Tumor- (2219).jpg,Tumor,Tumor- (2219)
data\raw\kaggle\Tumor\Tumor- (1579).jpg,Tumor,Tumor- (1579)
data\raw\kaggle\Tumor\Tumor- (1143).jpg,Tumor,Tumor- (1143)
data\raw\kaggle\Tumor\Tumor- (2239).jpg,Tumor,Tumor- (2239)
data\raw\kaggle\Tumor\Tumor- (277).jpg,Tumor,Tumor- (277)
data\raw\kaggle\Tumor\Tumor- (843).jpg,Tumor,Tumor- (843)
data\raw\kaggle\Tumor\Tumor- (1157).jpg,Tumor,Tumor- (1157)
data\raw\kaggle\Tumor\Tumor- (1448).jpg,Tumor,Tumor- (1448)
data\raw\kaggle\Tumor\Tumor- (1917).jpg,Tumor,Tumor- (1917)
data\raw\kaggle\Tumor\Tumor- (2217).jpg,Tumor,Tumor- (2217)
data\raw\kaggle\Tumor\Tumor- (1047).jpg,Tumor,Tumor- (1047)
data\raw\kaggle\Tumor\Tumor- (96).jpg,Tumor,Tumor- (96)
data\raw\kaggle\Tumor\Tumor- (1953).jpg,Tumor,Tumor- (1953)
data\raw\kaggle\Tumor\Tumor- (1981).jpg,Tumor,Tumor- (1981)
data\raw\kaggle\Tumor\Tumor- (1837).jpg,Tumor,Tumor- (1837)
data\raw\kaggle\Tumor\Tumor- (1746).jpg,Tumor,Tumor- (1746)
data\raw\kaggle\Tumor\Tumor- (71).jpg,Tumor,Tumor- (71)
data\raw\kaggle\Tumor\Tumor- (66).jpg,Tumor,Tumor- (66)
data\raw\kaggle\Tumor\Tumor- (443).jpg,Tumor,Tumor- (443)
data\raw\kaggle\Tumor\Tumor- (1185).jpg,Tumor,Tumor- (1185)
data\raw\kaggle\Tumor\Tumor- (2045).jpg,Tumor,Tumor- (2045)
data\raw\kaggle\Tumor\Tumor- (902).jpg,Tumor,Tumor- (902)
data\raw\kaggle\Tumor\Tumor- (50).jpg,Tumor,Tumor- (50)
data\raw\kaggle\Tumor\Tumor- (444).jpg,Tumor,Tumor- (444)
data\raw\kaggle\Tumor\Tumor- (682).jpg,Tumor,Tumor- (682)
data\raw\kaggle\Tumor\Tumor- (1229).jpg,Tumor,Tumor- (1229)
data\raw\kaggle\Tumor\Tumor- (771).jpg,Tumor,Tumor- (771)
data\raw\kaggle\Tumor\Tumor- (1017).jpg,Tumor,Tumor- (1017)
data\raw\kaggle\Tumor\Tumor- (690).jpg,Tumor,Tumor- (690)
data\raw\kaggle\Tumor\Tumor- (147).jpg,Tumor,Tumor- (147)
data\raw\kaggle\Tumor\Tumor- (2023).jpg,Tumor,Tumor- (2023)
data\raw\kaggle\Tumor\Tumor- (2044).jpg,Tumor,Tumor- (2044)
data\raw\kaggle\Tumor\Tumor- (626).jpg,Tumor,Tumor- (626)
data\raw\kaggle\Tumor\Tumor- (1814).jpg,Tumor,Tumor- (1814)
data\raw\kaggle\Tumor\Tumor- (2192).jpg,Tumor,Tumor- (2192)
data\raw\kaggle\Tumor\Tumor- (2190).jpg,Tumor,Tumor- (2190)
data\raw\kaggle\Tumor\Tumor- (2159).jpg,Tumor,Tumor- (2159)
data\raw\kaggle\Tumor\Tumor- (1324).jpg,Tumor,Tumor- (1324)
data\raw\kaggle\Tumor\Tumor- (1668).jpg,Tumor,Tumor- (1668)
data\raw\kaggle\Tumor\Tumor- (1449).jpg,Tumor,Tumor- (1449)
data\raw\kaggle\Tumor\Tumor- (1490).jpg,Tumor,Tumor- (1490)
data\raw\kaggle\Tumor\Tumor- (999).jpg,Tumor,Tumor- (999)
data\raw\kaggle\Tumor\Tumor- (2145).jpg,Tumor,Tumor- (2145)
data\raw\kaggle\Tumor\Tumor- (420).jpg,Tumor,Tumor- (420)
data\raw\kaggle\Tumor\Tumor- (1081).jpg,Tumor,Tumor- (1081)
data\raw\kaggle\Tumor\Tumor- (1892).jpg,Tumor,Tumor- (1892)
data\raw\kaggle\Tumor\Tumor- (549).jpg,Tumor,Tumor- (549)
data\raw\kaggle\Tumor\Tumor- (383).jpg,Tumor,Tumor- (383)
data\raw\kaggle\Tumor\Tumor- (458).jpg,Tumor,Tumor- (458)
data\raw\kaggle\Tumor\Tumor- (571).jpg,Tumor,Tumor- (571)
data\raw\kaggle\Tumor\Tumor- (870).jpg,Tumor,Tumor- (870)
data\raw\kaggle\Tumor\Tumor- (405).jpg,Tumor,Tumor- (405)
data\raw\kaggle\Tumor\Tumor- (656).jpg,Tumor,Tumor- (656)
data\raw\kaggle\Tumor\Tumor- (1147).jpg,Tumor,Tumor- (1147)
data\raw\kaggle\Tumor\Tumor- (2197).jpg,Tumor,Tumor- (2197)
data\raw\kaggle\Tumor\Tumor- (355).jpg,Tumor,Tumor- (355)
data\raw\kaggle\Tumor\Tumor- (259).jpg,Tumor,Tumor- (259)
data\raw\kaggle\Tumor\Tumor- (441).jpg,Tumor,Tumor- (441)
data\raw\kaggle\Tumor\Tumor- (1877).jpg,Tumor,Tumor- (1877)
data\raw\kaggle\Tumor\Tumor- (2113).jpg,Tumor,Tumor- (2113)
data\raw\kaggle\Tumor\Tumor- (1848).jpg,Tumor,Tumor- (1848)
data\raw\kaggle\Tumor\Tumor- (472).jpg,Tumor,Tumor- (472)
data\raw\kaggle\Tumor\Tumor- (33).jpg,Tumor,Tumor- (33)
data\raw\kaggle\Tumor\Tumor- (501).jpg,Tumor,Tumor- (501)
data\raw\kaggle\Tumor\Tumor- (1957).jpg,Tumor,Tumor- (1957)
data\raw\kaggle\Tumor\Tumor- (1126).jpg,Tumor,Tumor- (1126)
data\raw\kaggle\Tumor\Tumor- (114).jpg,Tumor,Tumor- (114)
data\raw\kaggle\Tumor\Tumor- (40).jpg,Tumor,Tumor- (40)
data\raw\kaggle\Tumor\Tumor- (1571).jpg,Tumor,Tumor- (1571)
data\raw\kaggle\Tumor\Tumor- (701).jpg,Tumor,Tumor- (701)
data\raw\kaggle\Tumor\Tumor- (1841).jpg,Tumor,Tumor- (1841)
data\raw\kaggle\Tumor\Tumor- (754).jpg,Tumor,Tumor- (754)
data\raw\kaggle\Tumor\Tumor- (981).jpg,Tumor,Tumor- (981)
data\raw\kaggle\Tumor\Tumor- (1135).jpg,Tumor,Tumor- (1135)
data\raw\kaggle\Tumor\Tumor- (1459).jpg,Tumor,Tumor- (1459)
data\raw\kaggle\Tumor\Tumor- (418).jpg,Tumor,Tumor- (418)
data\raw\kaggle\Tumor\Tumor- (1124).jpg,Tumor,Tumor- (1124)
data\raw\kaggle\Tumor\Tumor- (2234).jpg,Tumor,Tumor- (2234)
data\raw\kaggle\Tumor\Tumor- (2097).jpg,Tumor,Tumor- (2097)
data\raw\kaggle\Tumor\Tumor- (1025).jpg,Tumor,Tumor- (1025)
data\raw\kaggle\Tumor\Tumor- (235).jpg,Tumor,Tumor- (235)
data\raw\kaggle\Tumor\Tumor- (875).jpg,Tumor,Tumor- (875)
data\raw\kaggle\Tumor\Tumor- (2227).jpg,Tumor,Tumor- (2227)
data\raw\kaggle\Tumor\Tumor- (2243).jpg,Tumor,Tumor- (2243)
data\raw\kaggle\Tumor\Tumor- (254).jpg,Tumor,Tumor- (254)
data\raw\kaggle\Tumor\Tumor- (278).jpg,Tumor,Tumor- (278)
data\raw\kaggle\Tumor\Tumor- (947).jpg,Tumor,Tumor- (947)
data\raw\kaggle\Tumor\Tumor- (2259).jpg,Tumor,Tumor- (2259)
data\raw\kaggle\Tumor\Tumor- (1050).jpg,Tumor,Tumor- (1050)
data\raw\kaggle\Tumor\Tumor- (46).jpg,Tumor,Tumor- (46)
data\raw\kaggle\Tumor\Tumor- (1766).jpg,Tumor,Tumor- (1766)
data\raw\kaggle\Tumor\Tumor- (456).jpg,Tumor,Tumor- (456)
data\raw\kaggle\Tumor\Tumor- (1573).jpg,Tumor,Tumor- (1573)
data\raw\kaggle\Tumor\Tumor- (710).jpg,Tumor,Tumor- (710)
data\raw\kaggle\Tumor\Tumor- (372).jpg,Tumor,Tumor- (372)
data\raw\kaggle\Tumor\Tumor- (1744).jpg,Tumor,Tumor- (1744)
data\raw\kaggle\Tumor\Tumor- (530).jpg,Tumor,Tumor- (530)
data\raw\kaggle\Tumor\Tumor- (1979).jpg,Tumor,Tumor- (1979)
data\raw\kaggle\Tumor\Tumor- (945).jpg,Tumor,Tumor- (945)
data\raw\kaggle\Tumor\Tumor- (1122).jpg,Tumor,Tumor- (1122)
data\raw\kaggle\Tumor\Tumor- (2218).jpg,Tumor,Tumor- (2218)
data\raw\kaggle\Tumor\Tumor- (849).jpg,Tumor,Tumor- (849)
data\raw\kaggle\Tumor\Tumor- (867).jpg,Tumor,Tumor- (867)
data\raw\kaggle\Tumor\Tumor- (2090).jpg,Tumor,Tumor- (2090)
data\raw\kaggle\Tumor\Tumor- (2012).jpg,Tumor,Tumor- (2012)
data\raw\kaggle\Tumor\Tumor- (1870).jpg,Tumor,Tumor- (1870)
data\raw\kaggle\Tumor\Tumor- (645).jpg,Tumor,Tumor- (645)
data\raw\kaggle\Tumor\Tumor- (155).jpg,Tumor,Tumor- (155)
data\raw\kaggle\Tumor\Tumor- (1598).jpg,Tumor,Tumor- (1598)
data\raw\kaggle\Tumor\Tumor- (1684).jpg,Tumor,Tumor- (1684)
data\raw\kaggle\Tumor\Tumor- (393).jpg,Tumor,Tumor- (393)
data\raw\kaggle\Tumor\Tumor- (1973).jpg,Tumor,Tumor- (1973)
data\raw\kaggle\Tumor\Tumor- (504).jpg,Tumor,Tumor- (504)
data\raw\kaggle\Tumor\Tumor- (590).jpg,Tumor,Tumor- (590)
data\raw\kaggle\Tumor\Tumor- (763).jpg,Tumor,Tumor- (763)
data\raw\kaggle\Tumor\Tumor- (1471).jpg,Tumor,Tumor- (1471)
data\raw\kaggle\Tumor\Tumor- (1675).jpg,Tumor,Tumor- (1675)
data\raw\kaggle\Tumor\Tumor- (308).jpg,Tumor,Tumor- (308)
data\raw\kaggle\Tumor\Tumor- (602).jpg,Tumor,Tumor- (602)
data\raw\kaggle\Tumor\Tumor- (1260).jpg,Tumor,Tumor- (1260)
data\raw\kaggle\Tumor\Tumor- (565).jpg,Tumor,Tumor- (565)
data\raw\kaggle\Tumor\Tumor- (89).jpg,Tumor,Tumor- (89)
data\raw\kaggle\Tumor\Tumor- (1411).jpg,Tumor,Tumor- (1411)
data\raw\kaggle\Tumor\Tumor- (2268).jpg,Tumor,Tumor- (2268)
data\raw\kaggle\Tumor\Tumor- (1561).jpg,Tumor,Tumor- (1561)
data\raw\kaggle\Tumor\Tumor- (1929).jpg,Tumor,Tumor- (1929)
data\raw\kaggle\Tumor\Tumor- (963).jpg,Tumor,Tumor- (963)
data\raw\kaggle\Tumor\Tumor- (471).jpg,Tumor,Tumor- (471)
data\raw\kaggle\Tumor\Tumor- (830).jpg,Tumor,Tumor- (830)
data\raw\kaggle\Tumor\Tumor- (1053).jpg,Tumor,Tumor- (1053)
data\raw\kaggle\Tumor\Tumor- (159).jpg,Tumor,Tumor- (159)
data\raw\kaggle\Tumor\Tumor- (631).jpg,Tumor,Tumor- (631)
data\raw\kaggle\Tumor\Tumor- (857).jpg,Tumor,Tumor- (857)
data\raw\kaggle\Tumor\Tumor- (1695).jpg,Tumor,Tumor- (1695)
data\raw\kaggle\Tumor\Tumor- (2131).jpg,Tumor,Tumor- (2131)
data\raw\kaggle\Tumor\Tumor- (1920).jpg,Tumor,Tumor- (1920)
data\raw\kaggle\Tumor\Tumor- (1531).jpg,Tumor,Tumor- (1531)
data\raw\kaggle\Tumor\Tumor- (266).jpg,Tumor,Tumor- (266)
data\raw\kaggle\Tumor\Tumor- (2031).jpg,Tumor,Tumor- (2031)
data\raw\kaggle\Tumor\Tumor- (1930).jpg,Tumor,Tumor- (1930)
data\raw\kaggle\Tumor\Tumor- (1956).jpg,Tumor,Tumor- (1956)
data\raw\kaggle\Tumor\Tumor- (57).jpg,Tumor,Tumor- (57)
data\raw\kaggle\Tumor\Tumor- (506).jpg,Tumor,Tumor- (506)
data\raw\kaggle\Tumor\Tumor- (1543).jpg,Tumor,Tumor- (1543)
data\raw\kaggle\Tumor\Tumor- (105).jpg,Tumor,Tumor- (105)
data\raw\kaggle\Tumor\Tumor- (348).jpg,Tumor,Tumor- (348)
data\raw\kaggle\Tumor\Tumor- (1564).jpg,Tumor,Tumor- (1564)
data\raw\kaggle\Tumor\Tumor- (1898).jpg,Tumor,Tumor- (1898)
data\raw\kaggle\Tumor\Tumor- (296).jpg,Tumor,Tumor- (296)
data\raw\kaggle\Tumor\Tumor- (2030).jpg,Tumor,Tumor- (2030)
data\raw\kaggle\Tumor\Tumor- (524).jpg,Tumor,Tumor- (524)
data\raw\kaggle\Tumor\Tumor- (1781).jpg,Tumor,Tumor- (1781)
data\raw\kaggle\Tumor\Tumor- (2233).jpg,Tumor,Tumor- (2233)
data\raw\kaggle\Tumor\Tumor- (401).jpg,Tumor,Tumor- (401)
data\raw\kaggle\Tumor\Tumor- (1225).jpg,Tumor,Tumor- (1225)
data\raw\kaggle\Tumor\Tumor- (2181).jpg,Tumor,Tumor- (2181)
data\raw\kaggle\Tumor\Tumor- (1541).jpg,Tumor,Tumor- (1541)
data\raw\kaggle\Tumor\Tumor- (427).jpg,Tumor,Tumor- (427)
data\raw\kaggle\Tumor\Tumor- (1759).jpg,Tumor,Tumor- (1759)
data\raw\kaggle\Tumor\Tumor- (638).jpg,Tumor,Tumor- (638)
data\raw\kaggle\Tumor\Tumor- (1546).jpg,Tumor,Tumor- (1546)
data\raw\kaggle\Tumor\Tumor- (164).jpg,Tumor,Tumor- (164)
data\raw\kaggle\Tumor\Tumor- (19).jpg,Tumor,Tumor- (19)
data\raw\kaggle\Tumor\Tumor- (1396).jpg,Tumor,Tumor- (1396)
data\raw\kaggle\Tumor\Tumor- (655).jpg,Tumor,Tumor- (655)
data\raw\kaggle\Tumor\Tumor- (1013).jpg,Tumor,Tumor- (1013)
data\raw\kaggle\Tumor\Tumor- (307).jpg,Tumor,Tumor- (307)
data\raw\kaggle\Tumor\Tumor- (908).jpg,Tumor,Tumor- (908)
data\raw\kaggle\Tumor\Tumor- (1408).jpg,Tumor,Tumor- (1408)
data\raw\kaggle\Tumor\Tumor- (1146).jpg,Tumor,Tumor- (1146)
data\raw\kaggle\Tumor\Tumor- (950).jpg,Tumor,Tumor- (950)
data\raw\kaggle\Tumor\Tumor- (2229).jpg,Tumor,Tumor- (2229)
data\raw\kaggle\Tumor\Tumor- (1650).jpg,Tumor,Tumor- (1650)
data\raw\kaggle\Tumor\Tumor- (703).jpg,Tumor,Tumor- (703)
data\raw\kaggle\Tumor\Tumor- (2267).jpg,Tumor,Tumor- (2267)
data\raw\kaggle\Tumor\Tumor- (2188).jpg,Tumor,Tumor- (2188)
data\raw\kaggle\Tumor\Tumor- (764).jpg,Tumor,Tumor- (764)
data\raw\kaggle\Tumor\Tumor- (2193).jpg,Tumor,Tumor- (2193)
data\raw\kaggle\Tumor\Tumor- (1182).jpg,Tumor,Tumor- (1182)
data\raw\kaggle\Tumor\Tumor- (149).jpg,Tumor,Tumor- (149)
data\raw\kaggle\Tumor\Tumor- (1493).jpg,Tumor,Tumor- (1493)
data\raw\kaggle\Tumor\Tumor- (1039).jpg,Tumor,Tumor- (1039)
data\raw\kaggle\Tumor\Tumor- (591).jpg,Tumor,Tumor- (591)
data\raw\kaggle\Tumor\Tumor- (1161).jpg,Tumor,Tumor- (1161)
data\raw\kaggle\Tumor\Tumor- (1183).jpg,Tumor,Tumor- (1183)
data\raw\kaggle\Tumor\Tumor- (1170).jpg,Tumor,Tumor- (1170)
data\raw\kaggle\Tumor\Tumor- (1924).jpg,Tumor,Tumor- (1924)
data\raw\kaggle\Tumor\Tumor- (1431).jpg,Tumor,Tumor- (1431)
data\raw\kaggle\Tumor\Tumor- (1455).jpg,Tumor,Tumor- (1455)
data\raw\kaggle\Tumor\Tumor- (1194).jpg,Tumor,Tumor- (1194)
data\raw\kaggle\Tumor\Tumor- (1269).jpg,Tumor,Tumor- (1269)
data\raw\kaggle\Tumor\Tumor- (1016).jpg,Tumor,Tumor- (1016)
data\raw\kaggle\Tumor\Tumor- (503).jpg,Tumor,Tumor- (503)
data\raw\kaggle\Tumor\Tumor- (1287).jpg,Tumor,Tumor- (1287)
data\raw\kaggle\Tumor\Tumor- (1487).jpg,Tumor,Tumor- (1487)
data\raw\kaggle\Tumor\Tumor- (654).jpg,Tumor,Tumor- (654)
data\raw\kaggle\Tumor\Tumor- (260).jpg,Tumor,Tumor- (260)
data\raw\kaggle\Tumor\Tumor- (1133).jpg,Tumor,Tumor- (1133)
data\raw\kaggle\Tumor\Tumor- (1105).jpg,Tumor,Tumor- (1105)
data\raw\kaggle\Tumor\Tumor- (1565).jpg,Tumor,Tumor- (1565)
data\raw\kaggle\Tumor\Tumor- (893).jpg,Tumor,Tumor- (893)
data\raw\kaggle\Tumor\Tumor- (184).jpg,Tumor,Tumor- (184)
data\raw\kaggle\Tumor\Tumor- (1772).jpg,Tumor,Tumor- (1772)
data\raw\kaggle\Tumor\Tumor- (38).jpg,Tumor,Tumor- (38)
data\raw\kaggle\Tumor\Tumor- (1037).jpg,Tumor,Tumor- (1037)
data\raw\kaggle\Tumor\Tumor- (1906).jpg,Tumor,Tumor- (1906)
data\raw\kaggle\Tumor\Tumor- (212).jpg,Tumor,Tumor- (212)
data\raw\kaggle\Tumor\Tumor- (1335).jpg,Tumor,Tumor- (1335)
data\raw\kaggle\Tumor\Tumor- (1108).jpg,Tumor,Tumor- (1108)
data\raw\kaggle\Tumor\Tumor- (1913).jpg,Tumor,Tumor- (1913)
data\raw\kaggle\Tumor\Tumor- (161).jpg,Tumor,Tumor- (161)
data\raw\kaggle\Tumor\Tumor- (1689).jpg,Tumor,Tumor- (1689)
data\raw\kaggle\Tumor\Tumor- (649).jpg,Tumor,Tumor- (649)
data\raw\kaggle\Tumor\Tumor- (529).jpg,Tumor,Tumor- (529)
data\raw\kaggle\Tumor\Tumor- (234).jpg,Tumor,Tumor- (234)
data\raw\kaggle\Tumor\Tumor- (914).jpg,Tumor,Tumor- (914)
data\raw\kaggle\Tumor\Tumor- (576).jpg,Tumor,Tumor- (576)
data\raw\kaggle\Tumor\Tumor- (1370).jpg,Tumor,Tumor- (1370)
data\raw\kaggle\Tumor\Tumor- (891).jpg,Tumor,Tumor- (891)
data\raw\kaggle\Tumor\Tumor- (1162).jpg,Tumor,Tumor- (1162)
data\raw\kaggle\Tumor\Tumor- (2122).jpg,Tumor,Tumor- (2122)
data\raw\kaggle\Tumor\Tumor- (335).jpg,Tumor,Tumor- (335)
data\raw\kaggle\Tumor\Tumor- (575).jpg,Tumor,Tumor- (575)
data\raw\kaggle\Tumor\Tumor- (1433).jpg,Tumor,Tumor- (1433)
data\raw\kaggle\Tumor\Tumor- (1626).jpg,Tumor,Tumor- (1626)
data\raw\kaggle\Tumor\Tumor- (1879).jpg,Tumor,Tumor- (1879)
data\raw\kaggle\Tumor\Tumor- (1420).jpg,Tumor,Tumor- (1420)
data\raw\kaggle\Tumor\Tumor- (1810).jpg,Tumor,Tumor- (1810)
data\raw\kaggle\Tumor\Tumor- (1516).jpg,Tumor,Tumor- (1516)
data\raw\kaggle\Tumor\Tumor- (1608).jpg,Tumor,Tumor- (1608)
data\raw\kaggle\Tumor\Tumor- (1023).jpg,Tumor,Tumor- (1023)
data\raw\kaggle\Tumor\Tumor- (1685).jpg,Tumor,Tumor- (1685)
data\raw\kaggle\Tumor\Tumor- (2006).jpg,Tumor,Tumor- (2006)
data\raw\kaggle\Tumor\Tumor- (1768).jpg,Tumor,Tumor- (1768)
data\raw\kaggle\Tumor\Tumor- (761).jpg,Tumor,Tumor- (761)
data\raw\kaggle\Tumor\Tumor- (592).jpg,Tumor,Tumor- (592)
data\raw\kaggle\Tumor\Tumor- (889).jpg,Tumor,Tumor- (889)
data\raw\kaggle\Tumor\Tumor- (2225).jpg,Tumor,Tumor- (2225)
data\raw\kaggle\Tumor\Tumor- (1123).jpg,Tumor,Tumor- (1123)
data\raw\kaggle\Tumor\Tumor- (1599).jpg,Tumor,Tumor- (1599)
data\raw\kaggle\Tumor\Tumor- (29).jpg,Tumor,Tumor- (29)
data\raw\kaggle\Tumor\Tumor- (144).jpg,Tumor,Tumor- (144)
data\raw\kaggle\Tumor\Tumor- (2150).jpg,Tumor,Tumor- (2150)
data\raw\kaggle\Tumor\Tumor- (1173).jpg,Tumor,Tumor- (1173)
data\raw\kaggle\Tumor\Tumor- (980).jpg,Tumor,Tumor- (980)
data\raw\kaggle\Tumor\Tumor- (1427).jpg,Tumor,Tumor- (1427)
data\raw\kaggle\Tumor\Tumor- (1125).jpg,Tumor,Tumor- (1125)
data\raw\kaggle\Tumor\Tumor- (276).jpg,Tumor,Tumor- (276)
data\raw\kaggle\Tumor\Tumor- (920).jpg,Tumor,Tumor- (920)
data\raw\kaggle\Tumor\Tumor- (1654).jpg,Tumor,Tumor- (1654)
data\raw\kaggle\Tumor\Tumor- (1893).jpg,Tumor,Tumor- (1893)
data\raw\kaggle\Tumor\Tumor- (1245).jpg,Tumor,Tumor- (1245)
data\raw\kaggle\Tumor\Tumor- (873).jpg,Tumor,Tumor- (873)
data\raw\kaggle\Tumor\Tumor- (797).jpg,Tumor,Tumor- (797)
data\raw\kaggle\Tumor\Tumor- (1903).jpg,Tumor,Tumor- (1903)
data\raw\kaggle\Tumor\Tumor- (2203).jpg,Tumor,Tumor- (2203)
data\raw\kaggle\Tumor\Tumor- (1799).jpg,Tumor,Tumor- (1799)
data\raw\kaggle\Tumor\Tumor- (1637).jpg,Tumor,Tumor- (1637)
data\raw\kaggle\Tumor\Tumor- (2157).jpg,Tumor,Tumor- (2157)
data\raw\kaggle\Tumor\Tumor- (1959).jpg,Tumor,Tumor- (1959)
data\raw\kaggle\Tumor\Tumor- (1356).jpg,Tumor,Tumor- (1356)
data\raw\kaggle\Tumor\Tumor- (288).jpg,Tumor,Tumor- (288)
data\raw\kaggle\Tumor\Tumor- (611).jpg,Tumor,Tumor- (611)
data\raw\kaggle\Tumor\Tumor- (497).jpg,Tumor,Tumor- (497)
data\raw\kaggle\Tumor\Tumor- (1054).jpg,Tumor,Tumor- (1054)
data\raw\kaggle\Tumor\Tumor- (1951).jpg,Tumor,Tumor- (1951)
data\raw\kaggle\Tumor\Tumor- (491).jpg,Tumor,Tumor- (491)
data\raw\kaggle\Tumor\Tumor- (2105).jpg,Tumor,Tumor- (2105)
data\raw\kaggle\Tumor\Tumor- (1199).jpg,Tumor,Tumor- (1199)
data\raw\kaggle\Tumor\Tumor- (139).jpg,Tumor,Tumor- (139)
data\raw\kaggle\Tumor\Tumor- (1996).jpg,Tumor,Tumor- (1996)
data\raw\kaggle\Tumor\Tumor- (1728).jpg,Tumor,Tumor- (1728)
data\raw\kaggle\Tumor\Tumor- (1184).jpg,Tumor,Tumor- (1184)
data\raw\kaggle\Tumor\Tumor- (207).jpg,Tumor,Tumor- (207)
data\raw\kaggle\Tumor\Tumor- (2177).jpg,Tumor,Tumor- (2177)
data\raw\kaggle\Tumor\Tumor- (1691).jpg,Tumor,Tumor- (1691)
data\raw\kaggle\Tumor\Tumor- (1508).jpg,Tumor,Tumor- (1508)
data\raw\kaggle\Tumor\Tumor- (381).jpg,Tumor,Tumor- (381)
data\raw\kaggle\Tumor\Tumor- (2074).jpg,Tumor,Tumor- (2074)
data\raw\kaggle\Tumor\Tumor- (788).jpg,Tumor,Tumor- (788)
data\raw\kaggle\Tumor\Tumor- (1497).jpg,Tumor,Tumor- (1497)
data\raw\kaggle\Tumor\Tumor- (1340).jpg,Tumor,Tumor- (1340)
data\raw\kaggle\Tumor\Tumor- (1762).jpg,Tumor,Tumor- (1762)
data\raw\kaggle\Tumor\Tumor- (2039).jpg,Tumor,Tumor- (2039)
data\raw\kaggle\Tumor\Tumor- (1207).jpg,Tumor,Tumor- (1207)
data\raw\kaggle\Tumor\Tumor- (2273).jpg,Tumor,Tumor- (2273)
data\raw\kaggle\Tumor\Tumor- (94).jpg,Tumor,Tumor- (94)
data\raw\kaggle\Tumor\Tumor- (1737).jpg,Tumor,Tumor- (1737)
data\raw\kaggle\Tumor\Tumor- (780).jpg,Tumor,Tumor- (780)
data\raw\kaggle\Tumor\Tumor- (382).jpg,Tumor,Tumor- (382)
data\raw\kaggle\Tumor\Tumor- (1115).jpg,Tumor,Tumor- (1115)
data\raw\kaggle\Tumor\Tumor- (398).jpg,Tumor,Tumor- (398)
data\raw\kaggle\Tumor\Tumor- (1464).jpg,Tumor,Tumor- (1464)
data\raw\kaggle\Tumor\Tumor- (1713).jpg,Tumor,Tumor- (1713)
data\raw\kaggle\Tumor\Tumor- (997).jpg,Tumor,Tumor- (997)
data\raw\kaggle\Tumor\Tumor- (1944).jpg,Tumor,Tumor- (1944)
data\raw\kaggle\Tumor\Tumor- (1907).jpg,Tumor,Tumor- (1907)
data\raw\kaggle\Tumor\Tumor- (1294).jpg,Tumor,Tumor- (1294)
data\raw\kaggle\Tumor\Tumor- (469).jpg,Tumor,Tumor- (469)
data\raw\kaggle\Tumor\Tumor- (1538).jpg,Tumor,Tumor- (1538)
data\raw\kaggle\Tumor\Tumor- (2032).jpg,Tumor,Tumor- (2032)
data\raw\kaggle\Tumor\Tumor- (2202).jpg,Tumor,Tumor- (2202)
data\raw\kaggle\Tumor\Tumor- (644).jpg,Tumor,Tumor- (644)
data\raw\kaggle\Tumor\Tumor- (1636).jpg,Tumor,Tumor- (1636)
data\raw\kaggle\Tumor\Tumor- (883).jpg,Tumor,Tumor- (883)
data\raw\kaggle\Tumor\Tumor- (440).jpg,Tumor,Tumor- (440)
data\raw\kaggle\Tumor\Tumor- (959).jpg,Tumor,Tumor- (959)
data\raw\kaggle\Tumor\Tumor- (1258).jpg,Tumor,Tumor- (1258)
data\raw\kaggle\Tumor\Tumor- (2070).jpg,Tumor,Tumor- (2070)
data\raw\kaggle\Tumor\Tumor- (885).jpg,Tumor,Tumor- (885)
data\raw\kaggle\Tumor\Tumor- (1068).jpg,Tumor,Tumor- (1068)
data\raw\kaggle\Tumor\Tumor- (874).jpg,Tumor,Tumor- (874)
data\raw\kaggle\Tumor\Tumor- (158).jpg,Tumor,Tumor- (158)
data\raw\kaggle\Tumor\Tumor- (1600).jpg,Tumor,Tumor- (1600)
data\raw\kaggle\Tumor\Tumor- (896).jpg,Tumor,Tumor- (896)
data\raw\kaggle\Tumor\Tumor- (1100).jpg,Tumor,Tumor- (1100)
data\raw\kaggle\Tumor\Tumor- (142).jpg,Tumor,Tumor- (142)
data\raw\kaggle\Tumor\Tumor- (364).jpg,Tumor,Tumor- (364)
data\raw\kaggle\Tumor\Tumor- (2078).jpg,Tumor,Tumor- (2078)
data\raw\kaggle\Tumor\Tumor- (1986).jpg,Tumor,Tumor- (1986)
data\raw\kaggle\Tumor\Tumor- (317).jpg,Tumor,Tumor- (317)
data\raw\kaggle\Tumor\Tumor- (1276).jpg,Tumor,Tumor- (1276)
data\raw\kaggle\Tumor\Tumor- (1216).jpg,Tumor,Tumor- (1216)
data\raw\kaggle\Tumor\Tumor- (658).jpg,Tumor,Tumor- (658)
data\raw\kaggle\Tumor\Tumor- (720).jpg,Tumor,Tumor- (720)
data\raw\kaggle\Tumor\Tumor- (375).jpg,Tumor,Tumor- (375)
data\raw\kaggle\Tumor\Tumor- (806).jpg,Tumor,Tumor- (806)
data\raw\kaggle\Tumor\Tumor- (248).jpg,Tumor,Tumor- (248)
data\raw\kaggle\Tumor\Tumor- (1712).jpg,Tumor,Tumor- (1712)
data\raw\kaggle\Tumor\Tumor- (98).jpg,Tumor,Tumor- (98)
data\raw\kaggle\Tumor\Tumor- (2226).jpg,Tumor,Tumor- (2226)
data\raw\kaggle\Tumor\Tumor- (1671).jpg,Tumor,Tumor- (1671)
data\raw\kaggle\Tumor\Tumor- (2213).jpg,Tumor,Tumor- (2213)
data\raw\kaggle\Tumor\Tumor- (660).jpg,Tumor,Tumor- (660)
data\raw\kaggle\Tumor\Tumor- (1606).jpg,Tumor,Tumor- (1606)
data\raw\kaggle\Tumor\Tumor- (702).jpg,Tumor,Tumor- (702)
data\raw\kaggle\Tumor\Tumor- (2089).jpg,Tumor,Tumor- (2089)
data\raw\kaggle\Tumor\Tumor- (362).jpg,Tumor,Tumor- (362)
data\raw\kaggle\Tumor\Tumor- (2087).jpg,Tumor,Tumor- (2087)
data\raw\kaggle\Tumor\Tumor- (329).jpg,Tumor,Tumor- (329)
data\raw\kaggle\Tumor\Tumor- (1312).jpg,Tumor,Tumor- (1312)
data\raw\kaggle\Tumor\Tumor- (1732).jpg,Tumor,Tumor- (1732)
data\raw\kaggle\Tumor\Tumor- (665).jpg,Tumor,Tumor- (665)
data\raw\kaggle\Tumor\Tumor- (174).jpg,Tumor,Tumor- (174)
data\raw\kaggle\Tumor\Tumor- (118).jpg,Tumor,Tumor- (118)
data\raw\kaggle\Tumor\Tumor- (1004).jpg,Tumor,Tumor- (1004)
data\raw\kaggle\Tumor\Tumor- (1843).jpg,Tumor,Tumor- (1843)
data\raw\kaggle\Tumor\Tumor- (1980).jpg,Tumor,Tumor- (1980)
data\raw\kaggle\Tumor\Tumor- (1043).jpg,Tumor,Tumor- (1043)
data\raw\kaggle\Tumor\Tumor- (1374).jpg,Tumor,Tumor- (1374)
data\raw\kaggle\Tumor\Tumor- (1935).jpg,Tumor,Tumor- (1935)
data\raw\kaggle\Tumor\Tumor- (1649).jpg,Tumor,Tumor- (1649)
data\raw\kaggle\Tumor\Tumor- (485).jpg,Tumor,Tumor- (485)
data\raw\kaggle\Tumor\Tumor- (1052).jpg,Tumor,Tumor- (1052)
data\raw\kaggle\Tumor\Tumor- (951).jpg,Tumor,Tumor- (951)
data\raw\kaggle\Tumor\Tumor- (1285).jpg,Tumor,Tumor- (1285)
data\raw\kaggle\Tumor\Tumor- (625).jpg,Tumor,Tumor- (625)
data\raw\kaggle\Tumor\Tumor- (357).jpg,Tumor,Tumor- (357)
data\raw\kaggle\Tumor\Tumor- (1842).jpg,Tumor,Tumor- (1842)
data\raw\kaggle\Tumor\Tumor- (253).jpg,Tumor,Tumor- (253)
data\raw\kaggle\Tumor\Tumor- (324).jpg,Tumor,Tumor- (324)
data\raw\kaggle\Tumor\Tumor- (1710).jpg,Tumor,Tumor- (1710)
data\raw\kaggle\Tumor\Tumor- (1939).jpg,Tumor,Tumor- (1939)
data\raw\kaggle\Tumor\Tumor- (1409).jpg,Tumor,Tumor- (1409)
data\raw\kaggle\Tumor\Tumor- (1359).jpg,Tumor,Tumor- (1359)
data\raw\kaggle\Tumor\Tumor- (1858).jpg,Tumor,Tumor- (1858)
data\raw\kaggle\Tumor\Tumor- (2152).jpg,Tumor,Tumor- (2152)
data\raw\kaggle\Tumor\Tumor- (1518).jpg,Tumor,Tumor- (1518)
data\raw\kaggle\Tumor\Tumor- (1568).jpg,Tumor,Tumor- (1568)
data\raw\kaggle\Tumor\Tumor- (1758).jpg,Tumor,Tumor- (1758)
data\raw\kaggle\Tumor\Tumor- (994).jpg,Tumor,Tumor- (994)
data\raw\kaggle\Tumor\Tumor- (1782).jpg,Tumor,Tumor- (1782)
data\raw\kaggle\Tumor\Tumor- (249).jpg,Tumor,Tumor- (249)
data\raw\kaggle\Tumor\Tumor- (2223).jpg,Tumor,Tumor- (2223)
data\raw\kaggle\Tumor\Tumor- (1381).jpg,Tumor,Tumor- (1381)
data\raw\kaggle\Tumor\Tumor- (683).jpg,Tumor,Tumor- (683)
data\raw\kaggle\Tumor\Tumor- (187).jpg,Tumor,Tumor- (187)
data\raw\kaggle\Tumor\Tumor- (1505).jpg,Tumor,Tumor- (1505)
data\raw\kaggle\Tumor\Tumor- (27).jpg,Tumor,Tumor- (27)
data\raw\kaggle\Tumor\Tumor- (2163).jpg,Tumor,Tumor- (2163)
data\raw\kaggle\Tumor\Tumor- (185).jpg,Tumor,Tumor- (185)
data\raw\kaggle\Tumor\Tumor- (1559).jpg,Tumor,Tumor- (1559)
data\raw\kaggle\Tumor\Tumor- (2221).jpg,Tumor,Tumor- (2221)
data\raw\kaggle\Tumor\Tumor- (2104).jpg,Tumor,Tumor- (2104)
data\raw\kaggle\Tumor\Tumor- (890).jpg,Tumor,Tumor- (890)
data\raw\kaggle\Tumor\Tumor- (1129).jpg,Tumor,Tumor- (1129)
data\raw\kaggle\Tumor\Tumor- (1789).jpg,Tumor,Tumor- (1789)
data\raw\kaggle\Tumor\Tumor- (1425).jpg,Tumor,Tumor- (1425)
data\raw\kaggle\Tumor\Tumor- (996).jpg,Tumor,Tumor- (996)
data\raw\kaggle\Tumor\Tumor- (490).jpg,Tumor,Tumor- (490)
data\raw\kaggle\Tumor\Tumor- (1874).jpg,Tumor,Tumor- (1874)
data\raw\kaggle\Tumor\Tumor- (1036).jpg,Tumor,Tumor- (1036)
data\raw\kaggle\Tumor\Tumor- (2060).jpg,Tumor,Tumor- (2060)
data\raw\kaggle\Tumor\Tumor- (1).jpg,Tumor,Tumor- (1)
data\raw\kaggle\Tumor\Tumor- (1218).jpg,Tumor,Tumor- (1218)
data\raw\kaggle\Tumor\Tumor- (978).jpg,Tumor,Tumor- (978)
data\raw\kaggle\Tumor\Tumor- (1303).jpg,Tumor,Tumor- (1303)
data\raw\kaggle\Tumor\Tumor- (1805).jpg,Tumor,Tumor- (1805)
data\raw\kaggle\Tumor\Tumor- (486).jpg,Tumor,Tumor- (486)
data\raw\kaggle\Tumor\Tumor- (1031).jpg,Tumor,Tumor- (1031)
data\raw\kaggle\Tumor\Tumor- (1717).jpg,Tumor,Tumor- (1717)
data\raw\kaggle\Tumor\Tumor- (426).jpg,Tumor,Tumor- (426)
data\raw\kaggle\Tumor\Tumor- (1400).jpg,Tumor,Tumor- (1400)
data\raw\kaggle\Tumor\Tumor- (1869).jpg,Tumor,Tumor- (1869)
data\raw\kaggle\Tumor\Tumor- (894).jpg,Tumor,Tumor- (894)
data\raw\kaggle\Tumor\Tumor- (1703).jpg,Tumor,Tumor- (1703)
data\raw\kaggle\Tumor\Tumor- (1826).jpg,Tumor,Tumor- (1826)
data\raw\kaggle\Tumor\Tumor- (1217).jpg,Tumor,Tumor- (1217)
data\raw\kaggle\Tumor\Tumor- (1786).jpg,Tumor,Tumor- (1786)
data\raw\kaggle\Tumor\Tumor- (1450).jpg,Tumor,Tumor- (1450)
data\raw\kaggle\Tumor\Tumor- (407).jpg,Tumor,Tumor- (407)
data\raw\kaggle\Tumor\Tumor- (904).jpg,Tumor,Tumor- (904)
data\raw\kaggle\Tumor\Tumor- (1248).jpg,Tumor,Tumor- (1248)
data\raw\kaggle\Tumor\Tumor- (510).jpg,Tumor,Tumor- (510)
data\raw\kaggle\Tumor\Tumor- (1087).jpg,Tumor,Tumor- (1087)
data\raw\kaggle\Tumor\Tumor- (2125).jpg,Tumor,Tumor- (2125)
data\raw\kaggle\Tumor\Tumor- (1349).jpg,Tumor,Tumor- (1349)
data\raw\kaggle\Tumor\Tumor- (222).jpg,Tumor,Tumor- (222)
data\raw\kaggle\Tumor\Tumor- (790).jpg,Tumor,Tumor- (790)
data\raw\kaggle\Tumor\Tumor- (365).jpg,Tumor,Tumor- (365)
data\raw\kaggle\Tumor\Tumor- (341).jpg,Tumor,Tumor- (341)
data\raw\kaggle\Tumor\Tumor- (1923).jpg,Tumor,Tumor- (1923)
data\raw\kaggle\Tumor\Tumor- (1114).jpg,Tumor,Tumor- (1114)
data\raw\kaggle\Tumor\Tumor- (1824).jpg,Tumor,Tumor- (1824)
data\raw\kaggle\Tumor\Tumor- (466).jpg,Tumor,Tumor- (466)
data\raw\kaggle\Tumor\Tumor- (688).jpg,Tumor,Tumor- (688)
data\raw\kaggle\Tumor\Tumor- (1242).jpg,Tumor,Tumor- (1242)
data\raw\kaggle\Tumor\Tumor- (1819).jpg,Tumor,Tumor- (1819)
data\raw\kaggle\Tumor\Tumor- (1925).jpg,Tumor,Tumor- (1925)
data\raw\kaggle\Tumor\Tumor- (44).jpg,Tumor,Tumor- (44)
data\raw\kaggle\Tumor\Tumor- (2066).jpg,Tumor,Tumor- (2066)
data\raw\kaggle\Tumor\Tumor- (1141).jpg,Tumor,Tumor- (1141)
data\raw\kaggle\Tumor\Tumor- (2174).jpg,Tumor,Tumor- (2174)
data\raw\kaggle\Tumor\Tumor- (204).jpg,Tumor,Tumor- (204)
data\raw\kaggle\Tumor\Tumor- (767).jpg,Tumor,Tumor- (767)
data\raw\kaggle\Tumor\Tumor- (989).jpg,Tumor,Tumor- (989)
data\raw\kaggle\Tumor\Tumor- (1812).jpg,Tumor,Tumor- (1812)
data\raw\kaggle\Tumor\Tumor- (163).jpg,Tumor,Tumor- (163)
data\raw\kaggle\Tumor\Tumor- (614).jpg,Tumor,Tumor- (614)
data\raw\kaggle\Tumor\Tumor- (1008).jpg,Tumor,Tumor- (1008)
data\raw\kaggle\Tumor\Tumor- (552).jpg,Tumor,Tumor- (552)
data\raw\kaggle\Tumor\Tumor- (1807).jpg,Tumor,Tumor- (1807)
data\raw\kaggle\Tumor\Tumor- (680).jpg,Tumor,Tumor- (680)
data\raw\kaggle\Tumor\Tumor- (1618).jpg,Tumor,Tumor- (1618)
data\raw\kaggle\Tumor\Tumor- (1553).jpg,Tumor,Tumor- (1553)
data\raw\kaggle\Tumor\Tumor- (2167).jpg,Tumor,Tumor- (2167)
data\raw\kaggle\Tumor\Tumor- (1337).jpg,Tumor,Tumor- (1337)
data\raw\kaggle\Tumor\Tumor- (1756).jpg,Tumor,Tumor- (1756)
data\raw\kaggle\Tumor\Tumor- (1624).jpg,Tumor,Tumor- (1624)
data\raw\kaggle\Tumor\Tumor- (1442).jpg,Tumor,Tumor- (1442)
data\raw\kaggle\Tumor\Tumor- (154).jpg,Tumor,Tumor- (154)
data\raw\kaggle\Tumor\Tumor- (226).jpg,Tumor,Tumor- (226)
data\raw\kaggle\Tumor\Tumor- (37).jpg,Tumor,Tumor- (37)
data\raw\kaggle\Tumor\Tumor- (1297).jpg,Tumor,Tumor- (1297)
data\raw\kaggle\Tumor\Tumor- (775).jpg,Tumor,Tumor- (775)
data\raw\kaggle\Tumor\Tumor- (1027).jpg,Tumor,Tumor- (1027)
data\raw\kaggle\Tumor\Tumor- (145).jpg,Tumor,Tumor- (145)
data\raw\kaggle\Tumor\Tumor- (1142).jpg,Tumor,Tumor- (1142)
data\raw\kaggle\Tumor\Tumor- (104).jpg,Tumor,Tumor- (104)
data\raw\kaggle\Tumor\Tumor- (1058).jpg,Tumor,Tumor- (1058)
data\raw\kaggle\Tumor\Tumor- (1514).jpg,Tumor,Tumor- (1514)
data\raw\kaggle\Tumor\Tumor- (593).jpg,Tumor,Tumor- (593)
data\raw\kaggle\Tumor\Tumor- (1203).jpg,Tumor,Tumor- (1203)
data\raw\kaggle\Tumor\Tumor- (1121).jpg,Tumor,Tumor- (1121)
data\raw\kaggle\Tumor\Tumor- (929).jpg,Tumor,Tumor- (929)
data\raw\kaggle\Tumor\Tumor- (1527).jpg,Tumor,Tumor- (1527)
data\raw\kaggle\Tumor\Tumor- (942).jpg,Tumor,Tumor- (942)
data\raw\kaggle\Tumor\Tumor- (167).jpg,Tumor,Tumor- (167)
data\raw\kaggle\Tumor\Tumor- (886).jpg,Tumor,Tumor- (886)
data\raw\kaggle\Tumor\Tumor- (319).jpg,Tumor,Tumor- (319)
data\raw\kaggle\Tumor\Tumor- (264).jpg,Tumor,Tumor- (264)
data\raw\kaggle\Tumor\Tumor- (617).jpg,Tumor,Tumor- (617)
data\raw\kaggle\Tumor\Tumor- (535).jpg,Tumor,Tumor- (535)
data\raw\kaggle\Tumor\Tumor- (1332).jpg,Tumor,Tumor- (1332)
data\raw\kaggle\Tumor\Tumor- (1912).jpg,Tumor,Tumor- (1912)
data\raw\kaggle\Tumor\Tumor- (691).jpg,Tumor,Tumor- (691)
data\raw\kaggle\Tumor\Tumor- (100).jpg,Tumor,Tumor- (100)
data\raw\kaggle\Tumor\Tumor- (542).jpg,Tumor,Tumor- (542)
data\raw\kaggle\Tumor\Tumor- (424).jpg,Tumor,Tumor- (424)
data\raw\kaggle\Tumor\Tumor- (1974).jpg,Tumor,Tumor- (1974)
data\raw\kaggle\Tumor\Tumor- (2021).jpg,Tumor,Tumor- (2021)
data\raw\kaggle\Tumor\Tumor- (1576).jpg,Tumor,Tumor- (1576)
data\raw\kaggle\Tumor\Tumor- (578).jpg,Tumor,Tumor- (578)
data\raw\kaggle\Tumor\Tumor- (2102).jpg,Tumor,Tumor- (2102)
data\raw\kaggle\Tumor\Tumor- (836).jpg,Tumor,Tumor- (836)
data\raw\kaggle\Tumor\Tumor- (718).jpg,Tumor,Tumor- (718)
data\raw\kaggle\Tumor\Tumor- (78).jpg,Tumor,Tumor- (78)
data\raw\kaggle\Tumor\Tumor- (8).jpg,Tumor,Tumor- (8)
data\raw\kaggle\Tumor\Tumor- (1134).jpg,Tumor,Tumor- (1134)
data\raw\kaggle\Tumor\Tumor- (1249).jpg,Tumor,Tumor- (1249)
data\raw\kaggle\Tumor\Tumor- (1479).jpg,Tumor,Tumor- (1479)
data\raw\kaggle\Tumor\Tumor- (595).jpg,Tumor,Tumor- (595)
data\raw\kaggle\Tumor\Tumor- (2001).jpg,Tumor,Tumor- (2001)
data\raw\kaggle\Tumor\Tumor- (1022).jpg,Tumor,Tumor- (1022)
data\raw\kaggle\Tumor\Tumor- (1406).jpg,Tumor,Tumor- (1406)
data\raw\kaggle\Tumor\Tumor- (1028).jpg,Tumor,Tumor- (1028)
data\raw\kaggle\Tumor\Tumor- (2029).jpg,Tumor,Tumor- (2029)
data\raw\kaggle\Tumor\Tumor- (1132).jpg,Tumor,Tumor- (1132)
data\raw\kaggle\Tumor\Tumor- (1226).jpg,Tumor,Tumor- (1226)
data\raw\kaggle\Tumor\Tumor- (643).jpg,Tumor,Tumor- (643)
data\raw\kaggle\Tumor\Tumor- (1852).jpg,Tumor,Tumor- (1852)
data\raw\kaggle\Tumor\Tumor- (1634).jpg,Tumor,Tumor- (1634)
data\raw\kaggle\Tumor\Tumor- (850).jpg,Tumor,Tumor- (850)
data\raw\kaggle\Tumor\Tumor- (1233).jpg,Tumor,Tumor- (1233)
data\raw\kaggle\Tumor\Tumor- (859).jpg,Tumor,Tumor- (859)
data\raw\kaggle\Tumor\Tumor- (1273).jpg,Tumor,Tumor- (1273)
data\raw\kaggle\Tumor\Tumor- (584).jpg,Tumor,Tumor- (584)
data\raw\kaggle\Tumor\Tumor- (1286).jpg,Tumor,Tumor- (1286)
data\raw\kaggle\Tumor\Tumor- (231).jpg,Tumor,Tumor- (231)
data\raw\kaggle\Tumor\Tumor- (2094).jpg,Tumor,Tumor- (2094)
data\raw\kaggle\Tumor\Tumor- (2178).jpg,Tumor,Tumor- (2178)
data\raw\kaggle\Tumor\Tumor- (731).jpg,Tumor,Tumor- (731)
data\raw\kaggle\Tumor\Tumor- (322).jpg,Tumor,Tumor- (322)
data\raw\kaggle\Tumor\Tumor- (1148).jpg,Tumor,Tumor- (1148)
data\raw\kaggle\Tumor\Tumor- (779).jpg,Tumor,Tumor- (779)
data\raw\kaggle\Tumor\Tumor- (1250).jpg,Tumor,Tumor- (1250)
data\raw\kaggle\Tumor\Tumor- (958).jpg,Tumor,Tumor- (958)
data\raw\kaggle\Tumor\Tumor- (489).jpg,Tumor,Tumor- (489)
data\raw\kaggle\Tumor\Tumor- (1066).jpg,Tumor,Tumor- (1066)
data\raw\kaggle\Tumor\Tumor- (1945).jpg,Tumor,Tumor- (1945)
data\raw\kaggle\Tumor\Tumor- (476).jpg,Tumor,Tumor- (476)
data\raw\kaggle\Tumor\Tumor- (1236).jpg,Tumor,Tumor- (1236)
data\raw\kaggle\Tumor\Tumor- (1344).jpg,Tumor,Tumor- (1344)
data\raw\kaggle\Tumor\Tumor- (1828).jpg,Tumor,Tumor- (1828)
data\raw\kaggle\Tumor\Tumor- (1453).jpg,Tumor,Tumor- (1453)
data\raw\kaggle\Tumor\Tumor- (284).jpg,Tumor,Tumor- (284)
data\raw\kaggle\Tumor\Tumor- (63).jpg,Tumor,Tumor- (63)
data\raw\kaggle\Tumor\Tumor- (2079).jpg,Tumor,Tumor- (2079)
data\raw\kaggle\Tumor\Tumor- (585).jpg,Tumor,Tumor- (585)
data\raw\kaggle\Tumor\Tumor- (2096).jpg,Tumor,Tumor- (2096)
data\raw\kaggle\Tumor\Tumor- (110).jpg,Tumor,Tumor- (110)
data\raw\kaggle\Tumor\Tumor- (572).jpg,Tumor,Tumor- (572)
data\raw\kaggle\Tumor\Tumor- (421).jpg,Tumor,Tumor- (421)
data\raw\kaggle\Tumor\Tumor- (1872).jpg,Tumor,Tumor- (1872)
data\raw\kaggle\Tumor\Tumor- (2120).jpg,Tumor,Tumor- (2120)
data\raw\kaggle\Tumor\Tumor- (180).jpg,Tumor,Tumor- (180)
data\raw\kaggle\Tumor\Tumor- (2048).jpg,Tumor,Tumor- (2048)
data\raw\kaggle\Tumor\Tumor- (791).jpg,Tumor,Tumor- (791)
data\raw\kaggle\Tumor\Tumor- (574).jpg,Tumor,Tumor- (574)
data\raw\kaggle\Tumor\Tumor- (1504).jpg,Tumor,Tumor- (1504)
data\raw\kaggle\Tumor\Tumor- (1509).jpg,Tumor,Tumor- (1509)
data\raw\kaggle\Tumor\Tumor- (1221).jpg,Tumor,Tumor- (1221)
data\raw\kaggle\Tumor\Tumor- (340).jpg,Tumor,Tumor- (340)
data\raw\kaggle\Tumor\Tumor- (1665).jpg,Tumor,Tumor- (1665)
data\raw\kaggle\Tumor\Tumor- (1338).jpg,Tumor,Tumor- (1338)
data\raw\kaggle\Tumor\Tumor- (1627).jpg,Tumor,Tumor- (1627)
data\raw\kaggle\Tumor\Tumor- (1808).jpg,Tumor,Tumor- (1808)
data\raw\kaggle\Tumor\Tumor- (252).jpg,Tumor,Tumor- (252)
data\raw\kaggle\Tumor\Tumor- (1357).jpg,Tumor,Tumor- (1357)
data\raw\kaggle\Tumor\Tumor- (229).jpg,Tumor,Tumor- (229)
data\raw\kaggle\Tumor\Tumor- (1910).jpg,Tumor,Tumor- (1910)
data\raw\kaggle\Tumor\Tumor- (124).jpg,Tumor,Tumor- (124)
data\raw\kaggle\Tumor\Tumor- (1795).jpg,Tumor,Tumor- (1795)
data\raw\kaggle\Tumor\Tumor- (34).jpg,Tumor,Tumor- (34)
data\raw\kaggle\Tumor\Tumor- (726).jpg,Tumor,Tumor- (726)
data\raw\kaggle\Tumor\Tumor- (561).jpg,Tumor,Tumor- (561)
data\raw\kaggle\Tumor\Tumor- (1152).jpg,Tumor,Tumor- (1152)
data\raw\kaggle\Tumor\Tumor- (1403).jpg,Tumor,Tumor- (1403)
data\raw\kaggle\Tumor\Tumor- (1244).jpg,Tumor,Tumor- (1244)
data\raw\kaggle\Tumor\Tumor- (1844).jpg,Tumor,Tumor- (1844)
data\raw\kaggle\Tumor\Tumor- (990).jpg,Tumor,Tumor- (990)
data\raw\kaggle\Tumor\Tumor- (871).jpg,Tumor,Tumor- (871)
data\raw\kaggle\Tumor\Tumor- (773).jpg,Tumor,Tumor- (773)
data\raw\kaggle\Tumor\Tumor- (939).jpg,Tumor,Tumor- (939)
data\raw\kaggle\Tumor\Tumor- (1549).jpg,Tumor,Tumor- (1549)
data\raw\kaggle\Tumor\Tumor- (1033).jpg,Tumor,Tumor- (1033)
data\raw\kaggle\Tumor\Tumor- (2262).jpg,Tumor,Tumor- (2262)
data\raw\kaggle\Tumor\Tumor- (554).jpg,Tumor,Tumor- (554)
data\raw\kaggle\Tumor\Tumor- (1625).jpg,Tumor,Tumor- (1625)
data\raw\kaggle\Tumor\Tumor- (1412).jpg,Tumor,Tumor- (1412)
data\raw\kaggle\Tumor\Tumor- (918).jpg,Tumor,Tumor- (918)
data\raw\kaggle\Tumor\Tumor- (803).jpg,Tumor,Tumor- (803)
data\raw\kaggle\Tumor\Tumor- (1094).jpg,Tumor,Tumor- (1094)
data\raw\kaggle\Tumor\Tumor- (692).jpg,Tumor,Tumor- (692)
data\raw\kaggle\Tumor\Tumor- (1200).jpg,Tumor,Tumor- (1200)
data\raw\kaggle\Tumor\Tumor- (1984).jpg,Tumor,Tumor- (1984)
data\raw\kaggle\Tumor\Tumor- (1966).jpg,Tumor,Tumor- (1966)
data\raw\kaggle\Tumor\Tumor- (982).jpg,Tumor,Tumor- (982)
data\raw\kaggle\Tumor\Tumor- (1067).jpg,Tumor,Tumor- (1067)
data\raw\kaggle\Tumor\Tumor- (125).jpg,Tumor,Tumor- (125)
data\raw\kaggle\Tumor\Tumor- (1537).jpg,Tumor,Tumor- (1537)
data\raw\kaggle\Tumor\Tumor- (785).jpg,Tumor,Tumor- (785)
data\raw\kaggle\Tumor\Tumor- (299).jpg,Tumor,Tumor- (299)
data\raw\kaggle\Tumor\Tumor- (123).jpg,Tumor,Tumor- (123)
data\raw\kaggle\Tumor\Tumor- (54).jpg,Tumor,Tumor- (54)
data\raw\kaggle\Tumor\Tumor- (897).jpg,Tumor,Tumor- (897)
data\raw\kaggle\Tumor\Tumor- (1035).jpg,Tumor,Tumor- (1035)
data\raw\kaggle\Tumor\Tumor- (1586).jpg,Tumor,Tumor- (1586)
data\raw\kaggle\Tumor\Tumor- (1082).jpg,Tumor,Tumor- (1082)
data\raw\kaggle\Tumor\Tumor- (505).jpg,Tumor,Tumor- (505)
data\raw\kaggle\Tumor\Tumor- (1992).jpg,Tumor,Tumor- (1992)
data\raw\kaggle\Tumor\Tumor- (1304).jpg,Tumor,Tumor- (1304)
data\raw\kaggle\Tumor\Tumor- (448).jpg,Tumor,Tumor- (448)
data\raw\kaggle\Tumor\Tumor- (881).jpg,Tumor,Tumor- (881)
data\raw\kaggle\Tumor\Tumor- (87).jpg,Tumor,Tumor- (87)
data\raw\kaggle\Tumor\Tumor- (743).jpg,Tumor,Tumor- (743)
data\raw\kaggle\Tumor\Tumor- (613).jpg,Tumor,Tumor- (613)
data\raw\kaggle\Tumor\Tumor- (1302).jpg,Tumor,Tumor- (1302)
data\raw\kaggle\Tumor\Tumor- (955).jpg,Tumor,Tumor- (955)
data\raw\kaggle\Tumor\Tumor- (872).jpg,Tumor,Tumor- (872)
data\raw\kaggle\Tumor\Tumor- (131).jpg,Tumor,Tumor- (131)
data\raw\kaggle\Tumor\Tumor- (121).jpg,Tumor,Tumor- (121)
data\raw\kaggle\Tumor\Tumor- (127).jpg,Tumor,Tumor- (127)
data\raw\kaggle\Tumor\Tumor- (233).jpg,Tumor,Tumor- (233)
data\raw\kaggle\Tumor\Tumor- (2170).jpg,Tumor,Tumor- (2170)
data\raw\kaggle\Tumor\Tumor- (1111).jpg,Tumor,Tumor- (1111)
data\raw\kaggle\Tumor\Tumor- (1103).jpg,Tumor,Tumor- (1103)
data\raw\kaggle\Tumor\Tumor- (1325).jpg,Tumor,Tumor- (1325)
data\raw\kaggle\Tumor\Tumor- (1997).jpg,Tumor,Tumor- (1997)
data\raw\kaggle\Tumor\Tumor- (887).jpg,Tumor,Tumor- (887)
data\raw\kaggle\Tumor\Tumor- (684).jpg,Tumor,Tumor- (684)
data\raw\kaggle\Tumor\Tumor- (1333).jpg,Tumor,Tumor- (1333)
data\raw\kaggle\Tumor\Tumor- (546).jpg,Tumor,Tumor- (546)
data\raw\kaggle\Tumor\Tumor- (2137).jpg,Tumor,Tumor- (2137)
data\raw\kaggle\Tumor\Tumor- (236).jpg,Tumor,Tumor- (236)
data\raw\kaggle\Tumor\Tumor- (186).jpg,Tumor,Tumor- (186)
data\raw\kaggle\Tumor\Tumor- (594).jpg,Tumor,Tumor- (594)
data\raw\kaggle\Tumor\Tumor- (1835).jpg,Tumor,Tumor- (1835)
data\raw\kaggle\Tumor\Tumor- (245).jpg,Tumor,Tumor- (245)
data\raw\kaggle\Tumor\Tumor- (1667).jpg,Tumor,Tumor- (1667)
data\raw\kaggle\Tumor\Tumor- (863).jpg,Tumor,Tumor- (863)
data\raw\kaggle\Tumor\Tumor- (603).jpg,Tumor,Tumor- (603)
data\raw\kaggle\Tumor\Tumor- (202).jpg,Tumor,Tumor- (202)
data\raw\kaggle\Tumor\Tumor- (2112).jpg,Tumor,Tumor- (2112)
data\raw\kaggle\Tumor\Tumor- (714).jpg,Tumor,Tumor- (714)
data\raw\kaggle\Tumor\Tumor- (564).jpg,Tumor,Tumor- (564)
data\raw\kaggle\Tumor\Tumor- (1708).jpg,Tumor,Tumor- (1708)
data\raw\kaggle\Tumor\Tumor- (49).jpg,Tumor,Tumor- (49)
data\raw\kaggle\Tumor\Tumor- (1698).jpg,Tumor,Tumor- (1698)
data\raw\kaggle\Tumor\Tumor- (1770).jpg,Tumor,Tumor- (1770)
data\raw\kaggle\Tumor\Tumor- (2017).jpg,Tumor,Tumor- (2017)
data\raw\kaggle\Tumor\Tumor- (1179).jpg,Tumor,Tumor- (1179)
data\raw\kaggle\Tumor\Tumor- (1547).jpg,Tumor,Tumor- (1547)
data\raw\kaggle\Tumor\Tumor- (1253).jpg,Tumor,Tumor- (1253)
data\raw\kaggle\Tumor\Tumor- (1884).jpg,Tumor,Tumor- (1884)
data\raw\kaggle\Tumor\Tumor- (1525).jpg,Tumor,Tumor- (1525)
data\raw\kaggle\Tumor\Tumor- (528).jpg,Tumor,Tumor- (528)
data\raw\kaggle\Tumor\Tumor- (2261).jpg,Tumor,Tumor- (2261)
data\raw\kaggle\Tumor\Tumor- (1262).jpg,Tumor,Tumor- (1262)
data\raw\kaggle\Tumor\Tumor- (1281).jpg,Tumor,Tumor- (1281)
data\raw\kaggle\Tumor\Tumor- (132).jpg,Tumor,Tumor- (132)
data\raw\kaggle\Tumor\Tumor- (1882).jpg,Tumor,Tumor- (1882)
data\raw\kaggle\Tumor\Tumor- (1169).jpg,Tumor,Tumor- (1169)
data\raw\kaggle\Tumor\Tumor- (1777).jpg,Tumor,Tumor- (1777)
data\raw\kaggle\Tumor\Tumor- (108).jpg,Tumor,Tumor- (108)
data\raw\kaggle\Tumor\Tumor- (632).jpg,Tumor,Tumor- (632)
data\raw\kaggle\Tumor\Tumor- (2085).jpg,Tumor,Tumor- (2085)
data\raw\kaggle\Tumor\Tumor- (379).jpg,Tumor,Tumor- (379)
data\raw\kaggle\Tumor\Tumor- (566).jpg,Tumor,Tumor- (566)
data\raw\kaggle\Tumor\Tumor- (752).jpg,Tumor,Tumor- (752)
data\raw\kaggle\Tumor\Tumor- (1943).jpg,Tumor,Tumor- (1943)
data\raw\kaggle\Tumor\Tumor- (1916).jpg,Tumor,Tumor- (1916)
data\raw\kaggle\Tumor\Tumor- (414).jpg,Tumor,Tumor- (414)
data\raw\kaggle\Tumor\Tumor- (1358).jpg,Tumor,Tumor- (1358)
data\raw\kaggle\Tumor\Tumor- (2199).jpg,Tumor,Tumor- (2199)
data\raw\kaggle\Tumor\Tumor- (1771).jpg,Tumor,Tumor- (1771)
data\raw\kaggle\Tumor\Tumor- (13).jpg,Tumor,Tumor- (13)
data\raw\kaggle\Tumor\Tumor- (1353).jpg,Tumor,Tumor- (1353)
data\raw\kaggle\Tumor\Tumor- (1911).jpg,Tumor,Tumor- (1911)
data\raw\kaggle\Tumor\Tumor- (390).jpg,Tumor,Tumor- (390)
data\raw\kaggle\Tumor\Tumor- (622).jpg,Tumor,Tumor- (622)
data\raw\kaggle\Tumor\Tumor- (493).jpg,Tumor,Tumor- (493)
data\raw\kaggle\Tumor\Tumor- (21).jpg,Tumor,Tumor- (21)
data\raw\kaggle\Tumor\Tumor- (1238).jpg,Tumor,Tumor- (1238)
data\raw\kaggle\Tumor\Tumor- (727).jpg,Tumor,Tumor- (727)
data\raw\kaggle\Tumor\Tumor- (1878).jpg,Tumor,Tumor- (1878)
data\raw\kaggle\Tumor\Tumor- (303).jpg,Tumor,Tumor- (303)
data\raw\kaggle\Tumor\Tumor- (1765).jpg,Tumor,Tumor- (1765)
data\raw\kaggle\Tumor\Tumor- (579).jpg,Tumor,Tumor- (579)
data\raw\kaggle\Tumor\Tumor- (831).jpg,Tumor,Tumor- (831)
data\raw\kaggle\Tumor\Tumor- (1783).jpg,Tumor,Tumor- (1783)
data\raw\kaggle\Tumor\Tumor- (1862).jpg,Tumor,Tumor- (1862)
data\raw\kaggle\Tumor\Tumor- (256).jpg,Tumor,Tumor- (256)
data\raw\kaggle\Tumor\Tumor- (339).jpg,Tumor,Tumor- (339)
data\raw\kaggle\Tumor\Tumor- (1399).jpg,Tumor,Tumor- (1399)
data\raw\kaggle\Tumor\Tumor- (347).jpg,Tumor,Tumor- (347)
data\raw\kaggle\Tumor\Tumor- (2083).jpg,Tumor,Tumor- (2083)
data\raw\kaggle\Tumor\Tumor- (128).jpg,Tumor,Tumor- (128)
data\raw\kaggle\Tumor\Tumor- (24).jpg,Tumor,Tumor- (24)
data\raw\kaggle\Tumor\Tumor- (1692).jpg,Tumor,Tumor- (1692)
data\raw\kaggle\Tumor\Tumor- (1552).jpg,Tumor,Tumor- (1552)
data\raw\kaggle\Tumor\Tumor- (2216).jpg,Tumor,Tumor- (2216)
data\raw\kaggle\Tumor\Tumor- (1445).jpg,Tumor,Tumor- (1445)
data\raw\kaggle\Tumor\Tumor- (1001).jpg,Tumor,Tumor- (1001)
data\raw\kaggle\Tumor\Tumor- (1468).jpg,Tumor,Tumor- (1468)
data\raw\kaggle\Tumor\Tumor- (532).jpg,Tumor,Tumor- (532)
data\raw\kaggle\Tumor\Tumor- (781).jpg,Tumor,Tumor- (781)
data\raw\kaggle\Tumor\Tumor- (331).jpg,Tumor,Tumor- (331)
data\raw\kaggle\Tumor\Tumor- (1144).jpg,Tumor,Tumor- (1144)
data\raw\kaggle\Tumor\Tumor- (17).jpg,Tumor,Tumor- (17)
data\raw\kaggle\Tumor\Tumor- (310).jpg,Tumor,Tumor- (310)
data\raw\kaggle\Tumor\Tumor- (1641).jpg,Tumor,Tumor- (1641)
data\raw\kaggle\Tumor\Tumor- (1077).jpg,Tumor,Tumor- (1077)
data\raw\kaggle\Tumor\Tumor- (569).jpg,Tumor,Tumor- (569)
data\raw\kaggle\Tumor\Tumor- (30).jpg,Tumor,Tumor- (30)
data\raw\kaggle\Tumor\Tumor- (2241).jpg,Tumor,Tumor- (2241)
data\raw\kaggle\Tumor\Tumor- (1187).jpg,Tumor,Tumor- (1187)
data\raw\kaggle\Tumor\Tumor- (861).jpg,Tumor,Tumor- (861)
data\raw\kaggle\Tumor\Tumor- (719).jpg,Tumor,Tumor- (719)
data\raw\kaggle\Tumor\Tumor- (137).jpg,Tumor,Tumor- (137)
data\raw\kaggle\Tumor\Tumor- (439).jpg,Tumor,Tumor- (439)
data\raw\kaggle\Tumor\Tumor- (2148).jpg,Tumor,Tumor- (2148)
data\raw\kaggle\Tumor\Tumor- (1280).jpg,Tumor,Tumor- (1280)
data\raw\kaggle\Tumor\Tumor- (290).jpg,Tumor,Tumor- (290)
data\raw\kaggle\Tumor\Tumor- (346).jpg,Tumor,Tumor- (346)
data\raw\kaggle\Tumor\Tumor- (1886).jpg,Tumor,Tumor- (1886)
data\raw\kaggle\Tumor\Tumor- (2212).jpg,Tumor,Tumor- (2212)
data\raw\kaggle\Tumor\Tumor- (640).jpg,Tumor,Tumor- (640)
data\raw\kaggle\Tumor\Tumor- (495).jpg,Tumor,Tumor- (495)
data\raw\kaggle\Tumor\Tumor- (1701).jpg,Tumor,Tumor- (1701)
data\raw\kaggle\Tumor\Tumor- (1651).jpg,Tumor,Tumor- (1651)
data\raw\kaggle\Tumor\Tumor- (1970).jpg,Tumor,Tumor- (1970)
data\raw\kaggle\Tumor\Tumor- (1964).jpg,Tumor,Tumor- (1964)
data\raw\kaggle\Tumor\Tumor- (261).jpg,Tumor,Tumor- (261)
data\raw\kaggle\Tumor\Tumor- (1994).jpg,Tumor,Tumor- (1994)
data\raw\kaggle\Tumor\Tumor- (2244).jpg,Tumor,Tumor- (2244)
data\raw\kaggle\Tumor\Tumor- (1761).jpg,Tumor,Tumor- (1761)
data\raw\kaggle\Tumor\Tumor- (150).jpg,Tumor,Tumor- (150)
data\raw\kaggle\Tumor\Tumor- (1536).jpg,Tumor,Tumor- (1536)
data\raw\kaggle\Tumor\Tumor- (1582).jpg,Tumor,Tumor- (1582)
data\raw\kaggle\Tumor\Tumor- (1202).jpg,Tumor,Tumor- (1202)
data\raw\kaggle\Tumor\Tumor- (1192).jpg,Tumor,Tumor- (1192)
data\raw\kaggle\Tumor\Tumor- (447).jpg,Tumor,Tumor- (447)
data\raw\kaggle\Tumor\Tumor- (1905).jpg,Tumor,Tumor- (1905)
data\raw\kaggle\Tumor\Tumor- (337).jpg,Tumor,Tumor- (337)
data\raw\kaggle\Tumor\Tumor- (713).jpg,Tumor,Tumor- (713)
data\raw\kaggle\Tumor\Tumor- (1643).jpg,Tumor,Tumor- (1643)
data\raw\kaggle\Tumor\Tumor- (1551).jpg,Tumor,Tumor- (1551)
data\raw\kaggle\Tumor\Tumor- (53).jpg,Tumor,Tumor- (53)
data\raw\kaggle\Tumor\Tumor- (387).jpg,Tumor,Tumor- (387)
data\raw\kaggle\Tumor\Tumor- (1472).jpg,Tumor,Tumor- (1472)
data\raw\kaggle\Tumor\Tumor- (106).jpg,Tumor,Tumor- (106)
data\raw\kaggle\Tumor\Tumor- (247).jpg,Tumor,Tumor- (247)
data\raw\kaggle\Tumor\Tumor- (2210).jpg,Tumor,Tumor- (2210)
data\raw\kaggle\Tumor\Tumor- (513).jpg,Tumor,Tumor- (513)
data\raw\kaggle\Tumor\Tumor- (36).jpg,Tumor,Tumor- (36)
data\raw\kaggle\Tumor\Tumor- (892).jpg,Tumor,Tumor- (892)
data\raw\kaggle\Tumor\Tumor- (2009).jpg,Tumor,Tumor- (2009)
data\raw\kaggle\Tumor\Tumor- (789).jpg,Tumor,Tumor- (789)
data\raw\kaggle\Tumor\Tumor- (807).jpg,Tumor,Tumor- (807)
data\raw\kaggle\Tumor\Tumor- (943).jpg,Tumor,Tumor- (943)
data\raw\kaggle\Tumor\Tumor- (2224).jpg,Tumor,Tumor- (2224)
data\raw\kaggle\Tumor\Tumor- (659).jpg,Tumor,Tumor- (659)
data\raw\kaggle\Tumor\Tumor- (286).jpg,Tumor,Tumor- (286)
data\raw\kaggle\Tumor\Tumor- (1640).jpg,Tumor,Tumor- (1640)
data\raw\kaggle\Tumor\Tumor- (22).jpg,Tumor,Tumor- (22)
data\raw\kaggle\Tumor\Tumor- (1437).jpg,Tumor,Tumor- (1437)
data\raw\kaggle\Tumor\Tumor- (1763).jpg,Tumor,Tumor- (1763)
data\raw\kaggle\Tumor\Tumor- (901).jpg,Tumor,Tumor- (901)
data\raw\kaggle\Tumor\Tumor- (2053).jpg,Tumor,Tumor- (2053)
data\raw\kaggle\Tumor\Tumor- (228).jpg,Tumor,Tumor- (228)
data\raw\kaggle\Tumor\Tumor- (1544).jpg,Tumor,Tumor- (1544)
data\raw\kaggle\Tumor\Tumor- (1291).jpg,Tumor,Tumor- (1291)
data\raw\kaggle\Tumor\Tumor- (2249).jpg,Tumor,Tumor- (2249)
data\raw\kaggle\Tumor\Tumor- (2037).jpg,Tumor,Tumor- (2037)
data\raw\kaggle\Tumor\Tumor- (400).jpg,Tumor,Tumor- (400)
data\raw\kaggle\Tumor\Tumor- (1465).jpg,Tumor,Tumor- (1465)
data\raw\kaggle\Tumor\Tumor- (1083).jpg,Tumor,Tumor- (1083)
data\raw\kaggle\Tumor\Tumor- (26).jpg,Tumor,Tumor- (26)
data\raw\kaggle\Tumor\Tumor- (1172).jpg,Tumor,Tumor- (1172)
data\raw\kaggle\Tumor\Tumor- (1933).jpg,Tumor,Tumor- (1933)
data\raw\kaggle\Tumor\Tumor- (2189).jpg,Tumor,Tumor- (2189)
data\raw\kaggle\Tumor\Tumor- (130).jpg,Tumor,Tumor- (130)
data\raw\kaggle\Tumor\Tumor- (28).jpg,Tumor,Tumor- (28)
data\raw\kaggle\Tumor\Tumor- (853).jpg,Tumor,Tumor- (853)
data\raw\kaggle\Tumor\Tumor- (175).jpg,Tumor,Tumor- (175)
data\raw\kaggle\Tumor\Tumor- (1839).jpg,Tumor,Tumor- (1839)
data\raw\kaggle\Tumor\Tumor- (628).jpg,Tumor,Tumor- (628)
data\raw\kaggle\Tumor\Tumor- (1639).jpg,Tumor,Tumor- (1639)
data\raw\kaggle\Tumor\Tumor- (1480).jpg,Tumor,Tumor- (1480)
data\raw\kaggle\Tumor\Tumor- (1301).jpg,Tumor,Tumor- (1301)
data\raw\kaggle\Tumor\Tumor- (211).jpg,Tumor,Tumor- (211)
data\raw\kaggle\Tumor\Tumor- (2055).jpg,Tumor,Tumor- (2055)
data\raw\kaggle\Tumor\Tumor- (1861).jpg,Tumor,Tumor- (1861)
data\raw\kaggle\Tumor\Tumor- (2091).jpg,Tumor,Tumor- (2091)
data\raw\kaggle\Tumor\Tumor- (1254).jpg,Tumor,Tumor- (1254)
data\raw\kaggle\Tumor\Tumor- (225).jpg,Tumor,Tumor- (225)
data\raw\kaggle\Tumor\Tumor- (738).jpg,Tumor,Tumor- (738)
data\raw\kaggle\Tumor\Tumor- (1700).jpg,Tumor,Tumor- (1700)
data\raw\kaggle\Tumor\Tumor- (1458).jpg,Tumor,Tumor- (1458)
data\raw\kaggle\Tumor\Tumor- (1566).jpg,Tumor,Tumor- (1566)
data\raw\kaggle\Tumor\Tumor- (624).jpg,Tumor,Tumor- (624)
data\raw\kaggle\Tumor\Tumor- (239).jpg,Tumor,Tumor- (239)
data\raw\kaggle\Tumor\Tumor- (434).jpg,Tumor,Tumor- (434)
data\raw\kaggle\Tumor\Tumor- (973).jpg,Tumor,Tumor- (973)
data\raw\kaggle\Tumor\Tumor- (1091).jpg,Tumor,Tumor- (1091)
data\raw\kaggle\Tumor\Tumor- (1645).jpg,Tumor,Tumor- (1645)
data\raw\kaggle\Tumor\Tumor- (2057).jpg,Tumor,Tumor- (2057)
data\raw\kaggle\Tumor\Tumor- (227).jpg,Tumor,Tumor- (227)
data\raw\kaggle\Tumor\Tumor- (1780).jpg,Tumor,Tumor- (1780)
data\raw\kaggle\Tumor\Tumor- (385).jpg,Tumor,Tumor- (385)
data\raw\kaggle\Tumor\Tumor- (1821).jpg,Tumor,Tumor- (1821)
data\raw\kaggle\Tumor\Tumor- (1428).jpg,Tumor,Tumor- (1428)
data\raw\kaggle\Tumor\Tumor- (312).jpg,Tumor,Tumor- (312)
data\raw\kaggle\Tumor\Tumor- (451).jpg,Tumor,Tumor- (451)
data\raw\kaggle\Tumor\Tumor- (541).jpg,Tumor,Tumor- (541)
data\raw\kaggle\Tumor\Tumor- (1681).jpg,Tumor,Tumor- (1681)
data\raw\kaggle\Tumor\Tumor- (1452).jpg,Tumor,Tumor- (1452)
data\raw\kaggle\Tumor\Tumor- (548).jpg,Tumor,Tumor- (548)
data\raw\kaggle\Tumor\Tumor- (103).jpg,Tumor,Tumor- (103)
data\raw\kaggle\Tumor\Tumor- (757).jpg,Tumor,Tumor- (757)
data\raw\kaggle\Tumor\Tumor- (182).jpg,Tumor,Tumor- (182)
data\raw\kaggle\Tumor\Tumor- (2134).jpg,Tumor,Tumor- (2134)
data\raw\kaggle\Tumor\Tumor- (1823).jpg,Tumor,Tumor- (1823)
data\raw\kaggle\Tumor\Tumor- (1569).jpg,Tumor,Tumor- (1569)
data\raw\kaggle\Tumor\Tumor- (1567).jpg,Tumor,Tumor- (1567)
data\raw\kaggle\Tumor\Tumor- (705).jpg,Tumor,Tumor- (705)
data\raw\kaggle\Tumor\Tumor- (342).jpg,Tumor,Tumor- (342)
data\raw\kaggle\Tumor\Tumor- (25).jpg,Tumor,Tumor- (25)
data\raw\kaggle\Tumor\Tumor- (55).jpg,Tumor,Tumor- (55)
data\raw\kaggle\Tumor\Tumor- (403).jpg,Tumor,Tumor- (403)
data\raw\kaggle\Tumor\Tumor- (373).jpg,Tumor,Tumor- (373)
data\raw\kaggle\Tumor\Tumor- (1407).jpg,Tumor,Tumor- (1407)
data\raw\kaggle\Tumor\Tumor- (1833).jpg,Tumor,Tumor- (1833)
data\raw\kaggle\Tumor\Tumor- (926).jpg,Tumor,Tumor- (926)
data\raw\kaggle\Tumor\Tumor- (215).jpg,Tumor,Tumor- (215)
data\raw\kaggle\Tumor\Tumor- (2240).jpg,Tumor,Tumor- (2240)
data\raw\kaggle\Tumor\Tumor- (2062).jpg,Tumor,Tumor- (2062)
data\raw\kaggle\Tumor\Tumor- (1007).jpg,Tumor,Tumor- (1007)
data\raw\kaggle\Tumor\Tumor- (366).jpg,Tumor,Tumor- (366)
data\raw\kaggle\Tumor\Tumor- (1513).jpg,Tumor,Tumor- (1513)
data\raw\kaggle\Tumor\Tumor- (1062).jpg,Tumor,Tumor- (1062)
data\raw\kaggle\Tumor\Tumor- (1890).jpg,Tumor,Tumor- (1890)
data\raw\kaggle\Tumor\Tumor- (1638).jpg,Tumor,Tumor- (1638)
data\raw\kaggle\Tumor\Tumor- (1845).jpg,Tumor,Tumor- (1845)
data\raw\kaggle\Tumor\Tumor- (1607).jpg,Tumor,Tumor- (1607)
data\raw\kaggle\Tumor\Tumor- (194).jpg,Tumor,Tumor- (194)
data\raw\kaggle\Tumor\Tumor- (786).jpg,Tumor,Tumor- (786)
data\raw\kaggle\Tumor\Tumor- (1937).jpg,Tumor,Tumor- (1937)
data\raw\kaggle\Tumor\Tumor- (48).jpg,Tumor,Tumor- (48)
data\raw\kaggle\Tumor\Tumor- (746).jpg,Tumor,Tumor- (746)
data\raw\kaggle\Tumor\Tumor- (2253).jpg,Tumor,Tumor- (2253)
data\raw\kaggle\Tumor\Tumor- (550).jpg,Tumor,Tumor- (550)
data\raw\kaggle\Tumor\Tumor- (1485).jpg,Tumor,Tumor- (1485)
data\raw\kaggle\Tumor\Tumor- (1327).jpg,Tumor,Tumor- (1327)
data\raw\kaggle\Tumor\Tumor- (1154).jpg,Tumor,Tumor- (1154)
data\raw\kaggle\Tumor\Tumor- (1998).jpg,Tumor,Tumor- (1998)
data\raw\kaggle\Tumor\Tumor- (551).jpg,Tumor,Tumor- (551)
data\raw\kaggle\Tumor\Tumor- (1592).jpg,Tumor,Tumor- (1592)
data\raw\kaggle\Tumor\Tumor- (410).jpg,Tumor,Tumor- (410)
data\raw\kaggle\Tumor\Tumor- (1070).jpg,Tumor,Tumor- (1070)
data\raw\kaggle\Tumor\Tumor- (1779).jpg,Tumor,Tumor- (1779)
data\raw\kaggle\Tumor\Tumor- (1463).jpg,Tumor,Tumor- (1463)
data\raw\kaggle\Tumor\Tumor- (148).jpg,Tumor,Tumor- (148)
data\raw\kaggle\Tumor\Tumor- (1300).jpg,Tumor,Tumor- (1300)
data\raw\kaggle\Tumor\Tumor- (630).jpg,Tumor,Tumor- (630)
data\raw\kaggle\Tumor\Tumor- (633).jpg,Tumor,Tumor- (633)
data\raw\kaggle\Tumor\Tumor- (912).jpg,Tumor,Tumor- (912)
data\raw\kaggle\Tumor\Tumor- (559).jpg,Tumor,Tumor- (559)
data\raw\kaggle\Tumor\Tumor- (938).jpg,Tumor,Tumor- (938)
data\raw\kaggle\Tumor\Tumor- (1897).jpg,Tumor,Tumor- (1897)
data\raw\kaggle\Tumor\Tumor- (1657).jpg,Tumor,Tumor- (1657)
data\raw\kaggle\Tumor\Tumor- (2236).jpg,Tumor,Tumor- (2236)
data\raw\kaggle\Tumor\Tumor- (415).jpg,Tumor,Tumor- (415)
data\raw\kaggle\Tumor\Tumor- (1699).jpg,Tumor,Tumor- (1699)
data\raw\kaggle\Tumor\Tumor- (1676).jpg,Tumor,Tumor- (1676)
data\raw\kaggle\Tumor\Tumor- (452).jpg,Tumor,Tumor- (452)
data\raw\kaggle\Tumor\Tumor- (170).jpg,Tumor,Tumor- (170)
data\raw\kaggle\Tumor\Tumor- (717).jpg,Tumor,Tumor- (717)
data\raw\kaggle\Tumor\Tumor- (709).jpg,Tumor,Tumor- (709)
data\raw\kaggle\Tumor\Tumor- (1375).jpg,Tumor,Tumor- (1375)
data\raw\kaggle\Tumor\Tumor- (971).jpg,Tumor,Tumor- (971)
data\raw\kaggle\Tumor\Tumor- (2042).jpg,Tumor,Tumor- (2042)
data\raw\kaggle\Tumor\Tumor- (1136).jpg,Tumor,Tumor- (1136)
data\raw\kaggle\Tumor\Tumor- (1339).jpg,Tumor,Tumor- (1339)
data\raw\kaggle\Tumor\Tumor- (2080).jpg,Tumor,Tumor- (2080)
data\raw\kaggle\Tumor\Tumor- (1738).jpg,Tumor,Tumor- (1738)
data\raw\kaggle\Tumor\Tumor- (1595).jpg,Tumor,Tumor- (1595)
data\raw\kaggle\Tumor\Tumor- (1158).jpg,Tumor,Tumor- (1158)
data\raw\kaggle\Tumor\Tumor- (1011).jpg,Tumor,Tumor- (1011)
data\raw\kaggle\Tumor\Tumor- (1523).jpg,Tumor,Tumor- (1523)
data\raw\kaggle\Tumor\Tumor- (12).jpg,Tumor,Tumor- (12)
data\raw\kaggle\Tumor\Tumor- (783).jpg,Tumor,Tumor- (783)
data\raw\kaggle\Tumor\Tumor- (285).jpg,Tumor,Tumor- (285)
data\raw\kaggle\Tumor\Tumor- (911).jpg,Tumor,Tumor- (911)
data\raw\kaggle\Tumor\Tumor- (494).jpg,Tumor,Tumor- (494)
data\raw\kaggle\Tumor\Tumor- (1946).jpg,Tumor,Tumor- (1946)
data\raw\kaggle\Tumor\Tumor- (1757).jpg,Tumor,Tumor- (1757)
data\raw\kaggle\Tumor\Tumor- (1198).jpg,Tumor,Tumor- (1198)
data\raw\kaggle\Tumor\Tumor- (1922).jpg,Tumor,Tumor- (1922)
data\raw\kaggle\Tumor\Tumor- (1891).jpg,Tumor,Tumor- (1891)
data\raw\kaggle\Tumor\Tumor- (1693).jpg,Tumor,Tumor- (1693)
data\raw\kaggle\Tumor\Tumor- (1372).jpg,Tumor,Tumor- (1372)
data\raw\kaggle\Tumor\Tumor- (454).jpg,Tumor,Tumor- (454)
data\raw\kaggle\Tumor\Tumor- (1072).jpg,Tumor,Tumor- (1072)
data\raw\kaggle\Tumor\Tumor- (1656).jpg,Tumor,Tumor- (1656)
data\raw\kaggle\Tumor\Tumor- (1239).jpg,Tumor,Tumor- (1239)
data\raw\kaggle\Tumor\Tumor- (1378).jpg,Tumor,Tumor- (1378)
data\raw\kaggle\Tumor\Tumor- (97).jpg,Tumor,Tumor- (97)
data\raw\kaggle\Tumor\Tumor- (1904).jpg,Tumor,Tumor- (1904)
data\raw\kaggle\Tumor\Tumor- (1764).jpg,Tumor,Tumor- (1764)
data\raw\kaggle\Tumor\Tumor- (1150).jpg,Tumor,Tumor- (1150)
data\raw\kaggle\Tumor\Tumor- (749).jpg,Tumor,Tumor- (749)
data\raw\kaggle\Tumor\Tumor- (1859).jpg,Tumor,Tumor- (1859)
data\raw\kaggle\Tumor\Tumor- (1785).jpg,Tumor,Tumor- (1785)
data\raw\kaggle\Tumor\Tumor- (1005).jpg,Tumor,Tumor- (1005)
data\raw\kaggle\Tumor\Tumor- (1790).jpg,Tumor,Tumor- (1790)
data\raw\kaggle\Tumor\Tumor- (842).jpg,Tumor,Tumor- (842)
data\raw\kaggle\Tumor\Tumor- (2008).jpg,Tumor,Tumor- (2008)
data\raw\kaggle\Tumor\Tumor- (1223).jpg,Tumor,Tumor- (1223)
data\raw\kaggle\Tumor\Tumor- (2252).jpg,Tumor,Tumor- (2252)
data\raw\kaggle\Tumor\Tumor- (817).jpg,Tumor,Tumor- (817)
data\raw\kaggle\Tumor\Tumor- (1914).jpg,Tumor,Tumor- (1914)
data\raw\kaggle\Tumor\Tumor- (1270).jpg,Tumor,Tumor- (1270)
data\raw\kaggle\Tumor\Tumor- (1958).jpg,Tumor,Tumor- (1958)
data\raw\kaggle\Tumor\Tumor- (488).jpg,Tumor,Tumor- (488)
data\raw\kaggle\Tumor\Tumor- (189).jpg,Tumor,Tumor- (189)
data\raw\kaggle\Tumor\Tumor- (294).jpg,Tumor,Tumor- (294)
data\raw\kaggle\Tumor\Tumor- (1177).jpg,Tumor,Tumor- (1177)
data\raw\kaggle\Tumor\Tumor- (825).jpg,Tumor,Tumor- (825)
data\raw\kaggle\Tumor\Tumor- (570).jpg,Tumor,Tumor- (570)
data\raw\kaggle\Tumor\Tumor- (205).jpg,Tumor,Tumor- (205)
data\raw\kaggle\Tumor\Tumor- (1235).jpg,Tumor,Tumor- (1235)
data\raw\kaggle\Tumor\Tumor- (1871).jpg,Tumor,Tumor- (1871)
data\raw\kaggle\Tumor\Tumor- (1798).jpg,Tumor,Tumor- (1798)
data\raw\kaggle\Tumor\Tumor- (1575).jpg,Tumor,Tumor- (1575)
data\raw\kaggle\Tumor\Tumor- (377).jpg,Tumor,Tumor- (377)
data\raw\kaggle\Tumor\Tumor- (465).jpg,Tumor,Tumor- (465)
data\raw\kaggle\Tumor\Tumor- (1484).jpg,Tumor,Tumor- (1484)
data\raw\kaggle\Tumor\Tumor- (1716).jpg,Tumor,Tumor- (1716)
data\raw\kaggle\Tumor\Tumor- (2015).jpg,Tumor,Tumor- (2015)
data\raw\kaggle\Tumor\Tumor- (2183).jpg,Tumor,Tumor- (2183)
data\raw\kaggle\Tumor\Tumor- (1919).jpg,Tumor,Tumor- (1919)
data\raw\kaggle\Tumor\Tumor- (1885).jpg,Tumor,Tumor- (1885)
data\raw\kaggle\Tumor\Tumor- (1987).jpg,Tumor,Tumor- (1987)
data\raw\kaggle\Tumor\Tumor- (2258).jpg,Tumor,Tumor- (2258)
data\raw\kaggle\Tumor\Tumor- (1405).jpg,Tumor,Tumor- (1405)
data\raw\kaggle\Tumor\Tumor- (864).jpg,Tumor,Tumor- (864)
data\raw\kaggle\Tumor\Tumor- (2103).jpg,Tumor,Tumor- (2103)
data\raw\kaggle\Tumor\Tumor- (1186).jpg,Tumor,Tumor- (1186)
data\raw\kaggle\Tumor\Tumor- (1731).jpg,Tumor,Tumor- (1731)
data\raw\kaggle\Tumor\Tumor- (69).jpg,Tumor,Tumor- (69)
data\raw\kaggle\Tumor\Tumor- (1009).jpg,Tumor,Tumor- (1009)
data\raw\kaggle\Tumor\Tumor- (269).jpg,Tumor,Tumor- (269)
data\raw\kaggle\Tumor\Tumor- (200).jpg,Tumor,Tumor- (200)
data\raw\kaggle\Tumor\Tumor- (1690).jpg,Tumor,Tumor- (1690)
data\raw\kaggle\Tumor\Tumor- (1234).jpg,Tumor,Tumor- (1234)
data\raw\kaggle\Tumor\Tumor- (1834).jpg,Tumor,Tumor- (1834)
data\raw\kaggle\Tumor\Tumor- (1336).jpg,Tumor,Tumor- (1336)
data\raw\kaggle\Tumor\Tumor- (1483).jpg,Tumor,Tumor- (1483)
data\raw\kaggle\Tumor\Tumor- (1174).jpg,Tumor,Tumor- (1174)
data\raw\kaggle\Tumor\Tumor- (1228).jpg,Tumor,Tumor- (1228)
data\raw\kaggle\Tumor\Tumor- (1850).jpg,Tumor,Tumor- (1850)
data\raw\kaggle\Tumor\Tumor- (1073).jpg,Tumor,Tumor- (1073)
data\raw\kaggle\Tumor\Tumor- (545).jpg,Tumor,Tumor- (545)
data\raw\kaggle\Tumor\Tumor- (1722).jpg,Tumor,Tumor- (1722)
data\raw\kaggle\Tumor\Tumor- (1026).jpg,Tumor,Tumor- (1026)
data\raw\kaggle\Tumor\Tumor- (1140).jpg,Tumor,Tumor- (1140)
data\raw\kaggle\Tumor\Tumor- (1694).jpg,Tumor,Tumor- (1694)
data\raw\kaggle\Tumor\Tumor- (31).jpg,Tumor,Tumor- (31)
data\raw\kaggle\Tumor\Tumor- (1309).jpg,Tumor,Tumor- (1309)
data\raw\kaggle\Tumor\Tumor- (922).jpg,Tumor,Tumor- (922)
data\raw\kaggle\Tumor\Tumor- (279).jpg,Tumor,Tumor- (279)
data\raw\kaggle\Tumor\Tumor- (1373).jpg,Tumor,Tumor- (1373)
data\raw\kaggle\Tumor\Tumor- (1591).jpg,Tumor,Tumor- (1591)
data\raw\kaggle\Tumor\Tumor- (323).jpg,Tumor,Tumor- (323)
data\raw\kaggle\Tumor\Tumor- (1128).jpg,Tumor,Tumor- (1128)
data\raw\kaggle\Tumor\Tumor- (1078).jpg,Tumor,Tumor- (1078)
data\raw\kaggle\Tumor\Tumor- (992).jpg,Tumor,Tumor- (992)
data\raw\kaggle\Tumor\Tumor- (1773).jpg,Tumor,Tumor- (1773)
data\raw\kaggle\Tumor\Tumor- (1342).jpg,Tumor,Tumor- (1342)
data\raw\kaggle\Tumor\Tumor- (376).jpg,Tumor,Tumor- (376)
data\raw\kaggle\Tumor\Tumor- (1021).jpg,Tumor,Tumor- (1021)
data\raw\kaggle\Tumor\Tumor- (268).jpg,Tumor,Tumor- (268)
data\raw\kaggle\Tumor\Tumor- (1881).jpg,Tumor,Tumor- (1881)
data\raw\kaggle\Tumor\Tumor- (374).jpg,Tumor,Tumor- (374)
data\raw\kaggle\Tumor\Tumor- (2002).jpg,Tumor,Tumor- (2002)
data\raw\kaggle\Tumor\Tumor- (868).jpg,Tumor,Tumor- (868)
data\raw\kaggle\Tumor\Tumor- (391).jpg,Tumor,Tumor- (391)
data\raw\kaggle\Tumor\Tumor- (1419).jpg,Tumor,Tumor- (1419)
data\raw\kaggle\Tumor\Tumor- (1296).jpg,Tumor,Tumor- (1296)
data\raw\kaggle\Tumor\Tumor- (445).jpg,Tumor,Tumor- (445)
data\raw\kaggle\Tumor\Tumor- (900).jpg,Tumor,Tumor- (900)
data\raw\kaggle\Tumor\Tumor- (563).jpg,Tumor,Tumor- (563)
data\raw\kaggle\Tumor\Tumor- (198).jpg,Tumor,Tumor- (198)
data\raw\kaggle\Tumor\Tumor- (56).jpg,Tumor,Tumor- (56)
data\raw\kaggle\Tumor\Tumor- (2024).jpg,Tumor,Tumor- (2024)
data\raw\kaggle\Tumor\Tumor- (1928).jpg,Tumor,Tumor- (1928)
data\raw\kaggle\Tumor\Tumor- (39).jpg,Tumor,Tumor- (39)
data\raw\kaggle\Tumor\Tumor- (169).jpg,Tumor,Tumor- (169)
data\raw\kaggle\Tumor\Tumor- (291).jpg,Tumor,Tumor- (291)
data\raw\kaggle\Tumor\Tumor- (2245).jpg,Tumor,Tumor- (2245)
data\raw\kaggle\Tumor\Tumor- (271).jpg,Tumor,Tumor- (271)
data\raw\kaggle\Tumor\Tumor- (1909).jpg,Tumor,Tumor- (1909)
data\raw\kaggle\Tumor\Tumor- (1660).jpg,Tumor,Tumor- (1660)
data\raw\kaggle\Tumor\Tumor- (627).jpg,Tumor,Tumor- (627)
data\raw\kaggle\Tumor\Tumor- (1279).jpg,Tumor,Tumor- (1279)
data\raw\kaggle\Tumor\Tumor- (2280).jpg,Tumor,Tumor- (2280)
data\raw\kaggle\Tumor\Tumor- (2180).jpg,Tumor,Tumor- (2180)
data\raw\kaggle\Tumor\Tumor- (82).jpg,Tumor,Tumor- (82)
data\raw\kaggle\Tumor\Tumor- (1672).jpg,Tumor,Tumor- (1672)
data\raw\kaggle\Tumor\Tumor- (1237).jpg,Tumor,Tumor- (1237)
data\raw\kaggle\Tumor\Tumor- (1444).jpg,Tumor,Tumor- (1444)
data\raw\kaggle\Tumor\Tumor- (1740).jpg,Tumor,Tumor- (1740)
data\raw\kaggle\Tumor\Tumor- (1107).jpg,Tumor,Tumor- (1107)
data\raw\kaggle\Tumor\Tumor- (1326).jpg,Tumor,Tumor- (1326)
data\raw\kaggle\Tumor\Tumor- (1760).jpg,Tumor,Tumor- (1760)
data\raw\kaggle\Tumor\Tumor- (1438).jpg,Tumor,Tumor- (1438)
data\raw\kaggle\Tumor\Tumor- (2013).jpg,Tumor,Tumor- (2013)
data\raw\kaggle\Tumor\Tumor- (1040).jpg,Tumor,Tumor- (1040)
data\raw\kaggle\Tumor\Tumor- (386).jpg,Tumor,Tumor- (386)
data\raw\kaggle\Tumor\Tumor- (81).jpg,Tumor,Tumor- (81)
data\raw\kaggle\Tumor\Tumor- (2173).jpg,Tumor,Tumor- (2173)
data\raw\kaggle\Tumor\Tumor- (606).jpg,Tumor,Tumor- (606)
data\raw\kaggle\Tumor\Tumor- (9).jpg,Tumor,Tumor- (9)
data\raw\kaggle\Tumor\Tumor- (2194).jpg,Tumor,Tumor- (2194)
data\raw\kaggle\Tumor\Tumor- (1240).jpg,Tumor,Tumor- (1240)
data\raw\kaggle\Tumor\Tumor- (85).jpg,Tumor,Tumor- (85)
data\raw\kaggle\Tumor\Tumor- (1131).jpg,Tumor,Tumor- (1131)
data\raw\kaggle\Tumor\Tumor- (965).jpg,Tumor,Tumor- (965)
data\raw\kaggle\Tumor\Tumor- (1098).jpg,Tumor,Tumor- (1098)
data\raw\kaggle\Tumor\Tumor- (262).jpg,Tumor,Tumor- (262)
data\raw\kaggle\Tumor\Tumor- (1079).jpg,Tumor,Tumor- (1079)
data\raw\kaggle\Tumor\Tumor- (2155).jpg,Tumor,Tumor- (2155)
data\raw\kaggle\Tumor\Tumor- (1883).jpg,Tumor,Tumor- (1883)
data\raw\kaggle\Tumor\Tumor- (2230).jpg,Tumor,Tumor- (2230)
data\raw\kaggle\Tumor\Tumor- (2205).jpg,Tumor,Tumor- (2205)
data\raw\kaggle\Tumor\Tumor- (52).jpg,Tumor,Tumor- (52)
data\raw\kaggle\Tumor\Tumor- (1711).jpg,Tumor,Tumor- (1711)
data\raw\kaggle\Tumor\Tumor- (685).jpg,Tumor,Tumor- (685)
data\raw\kaggle\Tumor\Tumor- (941).jpg,Tumor,Tumor- (941)
data\raw\kaggle\Tumor\Tumor- (599).jpg,Tumor,Tumor- (599)
data\raw\kaggle\Tumor\Tumor- (1580).jpg,Tumor,Tumor- (1580)
data\raw\kaggle\Tumor\Tumor- (2028).jpg,Tumor,Tumor- (2028)
data\raw\kaggle\Tumor\Tumor- (1486).jpg,Tumor,Tumor- (1486)
data\raw\kaggle\Tumor\Tumor- (1539).jpg,Tumor,Tumor- (1539)
data\raw\kaggle\Tumor\Tumor- (2071).jpg,Tumor,Tumor- (2071)
data\raw\kaggle\Tumor\Tumor- (107).jpg,Tumor,Tumor- (107)
data\raw\kaggle\Tumor\Tumor- (1086).jpg,Tumor,Tumor- (1086)
data\raw\kaggle\Tumor\Tumor- (1029).jpg,Tumor,Tumor- (1029)
data\raw\kaggle\Tumor\Tumor- (318).jpg,Tumor,Tumor- (318)
data\raw\kaggle\Tumor\Tumor- (514).jpg,Tumor,Tumor- (514)
data\raw\kaggle\Tumor\Tumor- (1263).jpg,Tumor,Tumor- (1263)
data\raw\kaggle\Tumor\Tumor- (1307).jpg,Tumor,Tumor- (1307)
data\raw\kaggle\Tumor\Tumor- (1632).jpg,Tumor,Tumor- (1632)
data\raw\kaggle\Tumor\Tumor- (2255).jpg,Tumor,Tumor- (2255)
data\raw\kaggle\Tumor\Tumor- (798).jpg,Tumor,Tumor- (798)
data\raw\kaggle\Tumor\Tumor- (1615).jpg,Tumor,Tumor- (1615)
data\raw\kaggle\Tumor\Tumor- (1482).jpg,Tumor,Tumor- (1482)
data\raw\kaggle\Tumor\Tumor- (1256).jpg,Tumor,Tumor- (1256)
data\raw\kaggle\Tumor\Tumor- (2092).jpg,Tumor,Tumor- (2092)
data\raw\kaggle\Tumor\Tumor- (1334).jpg,Tumor,Tumor- (1334)
data\raw\kaggle\Tumor\Tumor- (6).jpg,Tumor,Tumor- (6)
data\raw\kaggle\Tumor\Tumor- (1954).jpg,Tumor,Tumor- (1954)
data\raw\kaggle\Tumor\Tumor- (1127).jpg,Tumor,Tumor- (1127)
data\raw\kaggle\Tumor\Tumor- (2068).jpg,Tumor,Tumor- (2068)
data\raw\kaggle\Tumor\Tumor- (1889).jpg,Tumor,Tumor- (1889)
data\raw\kaggle\Tumor\Tumor- (913).jpg,Tumor,Tumor- (913)
data\raw\kaggle\Tumor\Tumor- (653).jpg,Tumor,Tumor- (653)
data\raw\kaggle\Tumor\Tumor- (2161).jpg,Tumor,Tumor- (2161)
data\raw\kaggle\Tumor\Tumor- (88).jpg,Tumor,Tumor- (88)
data\raw\kaggle\Tumor\Tumor- (1015).jpg,Tumor,Tumor- (1015)
data\raw\kaggle\Tumor\Tumor- (964).jpg,Tumor,Tumor- (964)
data\raw\kaggle\Tumor\Tumor- (917).jpg,Tumor,Tumor- (917)
data\raw\kaggle\Tumor\Tumor- (2084).jpg,Tumor,Tumor- (2084)
data\raw\kaggle\Tumor\Tumor- (675).jpg,Tumor,Tumor- (675)
data\raw\kaggle\Tumor\Tumor- (841).jpg,Tumor,Tumor- (841)
data\raw\kaggle\Tumor\Tumor- (2282).jpg,Tumor,Tumor- (2282)
data\raw\kaggle\Tumor\Tumor- (1614).jpg,Tumor,Tumor- (1614)
data\raw\kaggle\Tumor\Tumor- (1282).jpg,Tumor,Tumor- (1282)
data\raw\kaggle\Tumor\Tumor- (1283).jpg,Tumor,Tumor- (1283)
data\raw\kaggle\Tumor\Tumor- (1526).jpg,Tumor,Tumor- (1526)
data\raw\kaggle\Tumor\Tumor- (1095).jpg,Tumor,Tumor- (1095)
data\raw\kaggle\Tumor\Tumor- (1630).jpg,Tumor,Tumor- (1630)
data\raw\kaggle\Tumor\Tumor- (1896).jpg,Tumor,Tumor- (1896)
data\raw\kaggle\Tumor\Tumor- (1156).jpg,Tumor,Tumor- (1156)
data\raw\kaggle\Tumor\Tumor- (2141).jpg,Tumor,Tumor- (2141)
data\raw\kaggle\Tumor\Tumor- (1829).jpg,Tumor,Tumor- (1829)
data\raw\kaggle\Tumor\Tumor- (258).jpg,Tumor,Tumor- (258)
data\raw\kaggle\Tumor\Tumor- (1631).jpg,Tumor,Tumor- (1631)
data\raw\kaggle\Tumor\Tumor- (2077).jpg,Tumor,Tumor- (2077)
data\raw\kaggle\Tumor\Tumor- (668).jpg,Tumor,Tumor- (668)
data\raw\kaggle\Tumor\Tumor- (805).jpg,Tumor,Tumor- (805)
data\raw\kaggle\Tumor\Tumor- (1730).jpg,Tumor,Tumor- (1730)
data\raw\kaggle\Tumor\Tumor- (411).jpg,Tumor,Tumor- (411)
data\raw\kaggle\Tumor\Tumor- (1191).jpg,Tumor,Tumor- (1191)
data\raw\kaggle\Tumor\Tumor- (820).jpg,Tumor,Tumor- (820)
data\raw\kaggle\Tumor\Tumor- (1658).jpg,Tumor,Tumor- (1658)
data\raw\kaggle\Tumor\Tumor- (1310).jpg,Tumor,Tumor- (1310)
data\raw\kaggle\Tumor\Tumor- (191).jpg,Tumor,Tumor- (191)
data\raw\kaggle\Tumor\Tumor- (461).jpg,Tumor,Tumor- (461)
data\raw\kaggle\Tumor\Tumor- (315).jpg,Tumor,Tumor- (315)
data\raw\kaggle\Tumor\Tumor- (47).jpg,Tumor,Tumor- (47)
data\raw\kaggle\Tumor\Tumor- (621).jpg,Tumor,Tumor- (621)
data\raw\kaggle\Tumor\Tumor- (176).jpg,Tumor,Tumor- (176)
data\raw\kaggle\Tumor\Tumor- (2256).jpg,Tumor,Tumor- (2256)
data\raw\kaggle\Tumor\Tumor- (498).jpg,Tumor,Tumor- (498)
data\raw\kaggle\Tumor\Tumor- (852).jpg,Tumor,Tumor- (852)
data\raw\kaggle\Tumor\Tumor- (1628).jpg,Tumor,Tumor- (1628)
data\raw\kaggle\Tumor\Tumor- (1481).jpg,Tumor,Tumor- (1481)
data\raw\kaggle\Tumor\Tumor- (330).jpg,Tumor,Tumor- (330)
data\raw\kaggle\Tumor\Tumor- (511).jpg,Tumor,Tumor- (511)
data\raw\kaggle\Tumor\Tumor- (2160).jpg,Tumor,Tumor- (2160)
data\raw\kaggle\Tumor\Tumor- (795).jpg,Tumor,Tumor- (795)
data\raw\kaggle\Tumor\Tumor- (481).jpg,Tumor,Tumor- (481)
data\raw\kaggle\Tumor\Tumor- (940).jpg,Tumor,Tumor- (940)
data\raw\kaggle\Tumor\Tumor- (1644).jpg,Tumor,Tumor- (1644)
data\raw\kaggle\Tumor\Tumor- (736).jpg,Tumor,Tumor- (736)
data\raw\kaggle\Tumor\Tumor- (567).jpg,Tumor,Tumor- (567)
data\raw\kaggle\Tumor\Tumor- (1788).jpg,Tumor,Tumor- (1788)
data\raw\kaggle\Tumor\Tumor- (1794).jpg,Tumor,Tumor- (1794)
data\raw\kaggle\Tumor\Tumor- (744).jpg,Tumor,Tumor- (744)
data\raw\kaggle\Tumor\Tumor- (242).jpg,Tumor,Tumor- (242)
data\raw\kaggle\Tumor\Tumor- (1602).jpg,Tumor,Tumor- (1602)
data\raw\kaggle\Tumor\Tumor- (854).jpg,Tumor,Tumor- (854)
data\raw\kaggle\Tumor\Tumor- (1921).jpg,Tumor,Tumor- (1921)
data\raw\kaggle\Tumor\Tumor- (1588).jpg,Tumor,Tumor- (1588)
data\raw\kaggle\Tumor\Tumor- (1895).jpg,Tumor,Tumor- (1895)
data\raw\kaggle\Tumor\Tumor- (555).jpg,Tumor,Tumor- (555)
data\raw\kaggle\Tumor\Tumor- (1351).jpg,Tumor,Tumor- (1351)
data\raw\kaggle\Tumor\Tumor- (756).jpg,Tumor,Tumor- (756)
data\raw\kaggle\Tumor\Tumor- (2169).jpg,Tumor,Tumor- (2169)
data\raw\kaggle\Tumor\Tumor- (1915).jpg,Tumor,Tumor- (1915)
data\raw\kaggle\Tumor\Tumor- (669).jpg,Tumor,Tumor- (669)
data\raw\kaggle\Tumor\Tumor- (707).jpg,Tumor,Tumor- (707)
data\raw\kaggle\Tumor\Tumor- (2114).jpg,Tumor,Tumor- (2114)
data\raw\kaggle\Tumor\Tumor- (1063).jpg,Tumor,Tumor- (1063)
data\raw\kaggle\Tumor\Tumor- (2128).jpg,Tumor,Tumor- (2128)
data\raw\kaggle\Tumor\Tumor- (384).jpg,Tumor,Tumor- (384)
data\raw\kaggle\Tumor\Tumor- (1926).jpg,Tumor,Tumor- (1926)
data\raw\kaggle\Tumor\Tumor- (468).jpg,Tumor,Tumor- (468)
data\raw\kaggle\Tumor\Tumor- (1075).jpg,Tumor,Tumor- (1075)
data\raw\kaggle\Tumor\Tumor- (1776).jpg,Tumor,Tumor- (1776)
data\raw\kaggle\Tumor\Tumor- (1888).jpg,Tumor,Tumor- (1888)
data\raw\kaggle\Tumor\Tumor- (1278).jpg,Tumor,Tumor- (1278)
data\raw\kaggle\Tumor\Tumor- (325).jpg,Tumor,Tumor- (325)
data\raw\kaggle\Tumor\Tumor- (928).jpg,Tumor,Tumor- (928)
data\raw\kaggle\Tumor\Tumor- (1355).jpg,Tumor,Tumor- (1355)
data\raw\kaggle\Tumor\Tumor- (1840).jpg,Tumor,Tumor- (1840)
data\raw\kaggle\Tumor\Tumor- (935).jpg,Tumor,Tumor- (935)
data\raw\kaggle\Tumor\Tumor- (1363).jpg,Tumor,Tumor- (1363)
data\raw\kaggle\Tumor\Tumor- (265).jpg,Tumor,Tumor- (265)
data\raw\kaggle\Tumor\Tumor- (2064).jpg,Tumor,Tumor- (2064)
data\raw\kaggle\Tumor\Tumor- (1084).jpg,Tumor,Tumor- (1084)
data\raw\kaggle\Tumor\Tumor- (1680).jpg,Tumor,Tumor- (1680)
data\raw\kaggle\Tumor\Tumor- (371).jpg,Tumor,Tumor- (371)
data\raw\kaggle\Tumor\Tumor- (350).jpg,Tumor,Tumor- (350)
data\raw\kaggle\Tumor\Tumor- (681).jpg,Tumor,Tumor- (681)
data\raw\kaggle\Tumor\Tumor- (270).jpg,Tumor,Tumor- (270)
data\raw\kaggle\Tumor\Tumor- (832).jpg,Tumor,Tumor- (832)
data\raw\kaggle\Tumor\Tumor- (985).jpg,Tumor,Tumor- (985)
data\raw\kaggle\Tumor\Tumor- (80).jpg,Tumor,Tumor- (80)
data\raw\kaggle\Tumor\Tumor- (1511).jpg,Tumor,Tumor- (1511)
data\raw\kaggle\Tumor\Tumor- (1321).jpg,Tumor,Tumor- (1321)
data\raw\kaggle\Tumor\Tumor- (1952).jpg,Tumor,Tumor- (1952)
data\raw\kaggle\Tumor\Tumor- (92).jpg,Tumor,Tumor- (92)
data\raw\kaggle\Tumor\Tumor- (1424).jpg,Tumor,Tumor- (1424)
data\raw\kaggle\Tumor\Tumor- (73).jpg,Tumor,Tumor- (73)
data\raw\kaggle\Tumor\Tumor- (2211).jpg,Tumor,Tumor- (2211)
data\raw\kaggle\Tumor\Tumor- (588).jpg,Tumor,Tumor- (588)
data\raw\kaggle\Tumor\Tumor- (1118).jpg,Tumor,Tumor- (1118)
data\raw\kaggle\Tumor\Tumor- (966).jpg,Tumor,Tumor- (966)
data\raw\kaggle\Tumor\Tumor- (1397).jpg,Tumor,Tumor- (1397)
data\raw\kaggle\Tumor\Tumor- (2115).jpg,Tumor,Tumor- (2115)
data\raw\kaggle\Tumor\Tumor- (2209).jpg,Tumor,Tumor- (2209)
data\raw\kaggle\Tumor\Tumor- (221).jpg,Tumor,Tumor- (221)
data\raw\kaggle\Tumor\Tumor- (77).jpg,Tumor,Tumor- (77)
data\raw\kaggle\Tumor\Tumor- (741).jpg,Tumor,Tumor- (741)
data\raw\kaggle\Tumor\Tumor- (722).jpg,Tumor,Tumor- (722)
data\raw\kaggle\Tumor\Tumor- (2007).jpg,Tumor,Tumor- (2007)
data\raw\kaggle\Tumor\Tumor- (368).jpg,Tumor,Tumor- (368)
data\raw\kaggle\Tumor\Tumor- (480).jpg,Tumor,Tumor- (480)
data\raw\kaggle\Tumor\Tumor- (833).jpg,Tumor,Tumor- (833)
data\raw\kaggle\Tumor\Tumor- (2082).jpg,Tumor,Tumor- (2082)
data\raw\kaggle\Tumor\Tumor- (2126).jpg,Tumor,Tumor- (2126)
data\raw\kaggle\Tumor\Tumor- (2088).jpg,Tumor,Tumor- (2088)
data\raw\kaggle\Tumor\Tumor- (1611).jpg,Tumor,Tumor- (1611)
data\raw\kaggle\Tumor\Tumor- (1000).jpg,Tumor,Tumor- (1000)
data\raw\kaggle\Tumor\Tumor- (157).jpg,Tumor,Tumor- (157)
data\raw\kaggle\Tumor\Tumor- (1739).jpg,Tumor,Tumor- (1739)
data\raw\kaggle\Tumor\Tumor- (1863).jpg,Tumor,Tumor- (1863)
data\raw\kaggle\Tumor\Tumor- (525).jpg,Tumor,Tumor- (525)
data\raw\kaggle\Tumor\Tumor- (500).jpg,Tumor,Tumor- (500)
data\raw\kaggle\Tumor\Tumor- (573).jpg,Tumor,Tumor- (573)
data\raw\kaggle\Tumor\Tumor- (1617).jpg,Tumor,Tumor- (1617)
data\raw\kaggle\Tumor\Tumor- (944).jpg,Tumor,Tumor- (944)
data\raw\kaggle\Tumor\Tumor- (1247).jpg,Tumor,Tumor- (1247)
data\raw\kaggle\Tumor\Tumor- (1706).jpg,Tumor,Tumor- (1706)
data\raw\kaggle\Tumor\Tumor- (1292).jpg,Tumor,Tumor- (1292)
data\raw\kaggle\Tumor\Tumor- (905).jpg,Tumor,Tumor- (905)
data\raw\kaggle\Tumor\Tumor- (223).jpg,Tumor,Tumor- (223)
data\raw\kaggle\Tumor\Tumor- (1318).jpg,Tumor,Tumor- (1318)
data\raw\kaggle\Tumor\Tumor- (823).jpg,Tumor,Tumor- (823)
data\raw\kaggle\Tumor\Tumor- (793).jpg,Tumor,Tumor- (793)
data\raw\kaggle\Tumor\Tumor- (948).jpg,Tumor,Tumor- (948)
data\raw\kaggle\Tumor\Tumor- (540).jpg,Tumor,Tumor- (540)
data\raw\kaggle\Tumor\Tumor- (172).jpg,Tumor,Tumor- (172)
data\raw\kaggle\Tumor\Tumor- (1112).jpg,Tumor,Tumor- (1112)
data\raw\kaggle\Tumor\Tumor- (903).jpg,Tumor,Tumor- (903)
data\raw\kaggle\Tumor\Tumor- (1166).jpg,Tumor,Tumor- (1166)
data\raw\kaggle\Tumor\Tumor- (1720).jpg,Tumor,Tumor- (1720)
data\raw\kaggle\Tumor\Tumor- (1767).jpg,Tumor,Tumor- (1767)
data\raw\kaggle\Tumor\Tumor- (851).jpg,Tumor,Tumor- (851)
data\raw\kaggle\Tumor\Tumor- (1354).jpg,Tumor,Tumor- (1354)
data\raw\kaggle\Tumor\Tumor- (32).jpg,Tumor,Tumor- (32)
data\raw\kaggle\Tumor\Tumor- (267).jpg,Tumor,Tumor- (267)
data\raw\kaggle\Tumor\Tumor- (79).jpg,Tumor,Tumor- (79)
data\raw\kaggle\Tumor\Tumor- (416).jpg,Tumor,Tumor- (416)
data\raw\kaggle\Tumor\Tumor- (587).jpg,Tumor,Tumor- (587)
data\raw\kaggle\Tumor\Tumor- (1361).jpg,Tumor,Tumor- (1361)
data\raw\kaggle\Tumor\Tumor- (282).jpg,Tumor,Tumor- (282)
data\raw\kaggle\Tumor\Tumor- (536).jpg,Tumor,Tumor- (536)
data\raw\kaggle\Tumor\Tumor- (1330).jpg,Tumor,Tumor- (1330)
data\raw\kaggle\Tumor\Tumor- (2238).jpg,Tumor,Tumor- (2238)
data\raw\kaggle\Tumor\Tumor- (748).jpg,Tumor,Tumor- (748)
data\raw\kaggle\Tumor\Tumor- (1962).jpg,Tumor,Tumor- (1962)
data\raw\kaggle\Tumor\Tumor- (745).jpg,Tumor,Tumor- (745)
data\raw\kaggle\Tumor\Tumor- (1163).jpg,Tumor,Tumor- (1163)
data\raw\kaggle\Tumor\Tumor- (1529).jpg,Tumor,Tumor- (1529)
data\raw\kaggle\Tumor\Tumor- (1384).jpg,Tumor,Tumor- (1384)
data\raw\kaggle\Tumor\Tumor- (956).jpg,Tumor,Tumor- (956)
data\raw\kaggle\Tumor\Tumor- (2164).jpg,Tumor,Tumor- (2164)
data\raw\kaggle\Tumor\Tumor- (2005).jpg,Tumor,Tumor- (2005)
data\raw\kaggle\Tumor\Tumor- (2265).jpg,Tumor,Tumor- (2265)
data\raw\kaggle\Tumor\Tumor- (370).jpg,Tumor,Tumor- (370)
data\raw\kaggle\Tumor\Tumor- (2129).jpg,Tumor,Tumor- (2129)
data\raw\kaggle\Tumor\Tumor- (1743).jpg,Tumor,Tumor- (1743)
data\raw\kaggle\Tumor\Tumor- (1387).jpg,Tumor,Tumor- (1387)
data\raw\kaggle\Tumor\Tumor- (1507).jpg,Tumor,Tumor- (1507)
data\raw\kaggle\Tumor\Tumor- (642).jpg,Tumor,Tumor- (642)
data\raw\kaggle\Tumor\Tumor- (2035).jpg,Tumor,Tumor- (2035)
data\raw\kaggle\Tumor\Tumor- (280).jpg,Tumor,Tumor- (280)
data\raw\kaggle\Tumor\Tumor- (1284).jpg,Tumor,Tumor- (1284)
data\raw\kaggle\Tumor\Tumor- (1818).jpg,Tumor,Tumor- (1818)
data\raw\kaggle\Tumor\Tumor- (1305).jpg,Tumor,Tumor- (1305)
data\raw\kaggle\Tumor\Tumor- (1348).jpg,Tumor,Tumor- (1348)
data\raw\kaggle\Tumor\Tumor- (311).jpg,Tumor,Tumor- (311)
data\raw\kaggle\Tumor\Tumor- (1495).jpg,Tumor,Tumor- (1495)
data\raw\kaggle\Tumor\Tumor- (1331).jpg,Tumor,Tumor- (1331)
data\raw\kaggle\Tumor\Tumor- (2046).jpg,Tumor,Tumor- (2046)
data\raw\kaggle\Tumor\Tumor- (16).jpg,Tumor,Tumor- (16)
data\raw\kaggle\Tumor\Tumor- (2165).jpg,Tumor,Tumor- (2165)
data\raw\kaggle\Tumor\Tumor- (1983).jpg,Tumor,Tumor- (1983)
data\raw\kaggle\Tumor\Tumor- (2119).jpg,Tumor,Tumor- (2119)
data\raw\kaggle\Tumor\Tumor- (1742).jpg,Tumor,Tumor- (1742)
data\raw\kaggle\Tumor\Tumor- (1932).jpg,Tumor,Tumor- (1932)
data\raw\kaggle\Tumor\Tumor- (810).jpg,Tumor,Tumor- (810)
data\raw\kaggle\Tumor\Tumor- (1376).jpg,Tumor,Tumor- (1376)
data\raw\kaggle\Tumor\Tumor- (275).jpg,Tumor,Tumor- (275)
data\raw\kaggle\Tumor\Tumor- (818).jpg,Tumor,Tumor- (818)
data\raw\kaggle\Tumor\Tumor- (349).jpg,Tumor,Tumor- (349)
data\raw\kaggle\Tumor\Tumor- (1466).jpg,Tumor,Tumor- (1466)
data\raw\kaggle\Tumor\Tumor- (1604).jpg,Tumor,Tumor- (1604)
data\raw\kaggle\Tumor\Tumor- (359).jpg,Tumor,Tumor- (359)
data\raw\kaggle\Tumor\Tumor- (1534).jpg,Tumor,Tumor- (1534)
data\raw\kaggle\Tumor\Tumor- (1854).jpg,Tumor,Tumor- (1854)
data\raw\kaggle\Tumor\Tumor- (1533).jpg,Tumor,Tumor- (1533)
data\raw\kaggle\Tumor\Tumor- (2040).jpg,Tumor,Tumor- (2040)
data\raw\kaggle\Tumor\Tumor- (1873).jpg,Tumor,Tumor- (1873)
data\raw\kaggle\Tumor\Tumor- (968).jpg,Tumor,Tumor- (968)
data\raw\kaggle\Tumor\Tumor- (412).jpg,Tumor,Tumor- (412)
data\raw\kaggle\Tumor\Tumor- (369).jpg,Tumor,Tumor- (369)
data\raw\kaggle\Tumor\Tumor- (1080).jpg,Tumor,Tumor- (1080)
data\raw\kaggle\Tumor\Tumor- (2201).jpg,Tumor,Tumor- (2201)
data\raw\kaggle\Tumor\Tumor- (2004).jpg,Tumor,Tumor- (2004)
data\raw\kaggle\Tumor\Tumor- (2050).jpg,Tumor,Tumor- (2050)
data\raw\kaggle\Tumor\Tumor- (1965).jpg,Tumor,Tumor- (1965)
data\raw\kaggle\Tumor\Tumor- (68).jpg,Tumor,Tumor- (68)
data\raw\kaggle\Tumor\Tumor- (2020).jpg,Tumor,Tumor- (2020)
data\raw\kaggle\Tumor\Tumor- (60).jpg,Tumor,Tumor- (60)
data\raw\kaggle\Tumor\Tumor- (925).jpg,Tumor,Tumor- (925)
data\raw\kaggle\Tumor\Tumor- (1502).jpg,Tumor,Tumor- (1502)
data\raw\kaggle\Tumor\Tumor- (1418).jpg,Tumor,Tumor- (1418)
data\raw\kaggle\Tumor\Tumor- (351).jpg,Tumor,Tumor- (351)
data\raw\kaggle\Tumor\Tumor- (516).jpg,Tumor,Tumor- (516)
data\raw\kaggle\Tumor\Tumor- (610).jpg,Tumor,Tumor- (610)
data\raw\kaggle\Tumor\Tumor- (129).jpg,Tumor,Tumor- (129)
data\raw\kaggle\Tumor\Tumor- (4).jpg,Tumor,Tumor- (4)
data\raw\kaggle\Tumor\Tumor- (1051).jpg,Tumor,Tumor- (1051)
data\raw\kaggle\Tumor\Tumor- (1232).jpg,Tumor,Tumor- (1232)
data\raw\kaggle\Tumor\Tumor- (2095).jpg,Tumor,Tumor- (2095)
data\raw\kaggle\Tumor\Tumor- (1417).jpg,Tumor,Tumor- (1417)
data\raw\kaggle\Tumor\Tumor- (2260).jpg,Tumor,Tumor- (2260)
data\raw\kaggle\Tumor\Tumor- (2026).jpg,Tumor,Tumor- (2026)
data\raw\kaggle\Tumor\Tumor- (906).jpg,Tumor,Tumor- (906)
data\raw\kaggle\Tumor\Tumor- (241).jpg,Tumor,Tumor- (241)
data\raw\kaggle\Tumor\Tumor- (477).jpg,Tumor,Tumor- (477)
data\raw\kaggle\Tumor\Tumor- (1308).jpg,Tumor,Tumor- (1308)
data\raw\kaggle\Tumor\Tumor- (1410).jpg,Tumor,Tumor- (1410)
data\raw\kaggle\Tumor\Tumor- (1362).jpg,Tumor,Tumor- (1362)
data\raw\kaggle\Tumor\Tumor- (979).jpg,Tumor,Tumor- (979)
data\raw\kaggle\Tumor\Tumor- (297).jpg,Tumor,Tumor- (297)
data\raw\kaggle\Tumor\Tumor- (309).jpg,Tumor,Tumor- (309)
data\raw\kaggle\Tumor\Tumor- (1704).jpg,Tumor,Tumor- (1704)
data\raw\kaggle\Tumor\Tumor- (1532).jpg,Tumor,Tumor- (1532)
data\raw\kaggle\Tumor\Tumor- (801).jpg,Tumor,Tumor- (801)
data\raw\kaggle\Tumor\Tumor- (1530).jpg,Tumor,Tumor- (1530)
data\raw\kaggle\Tumor\Tumor- (960).jpg,Tumor,Tumor- (960)
data\raw\kaggle\Tumor\Tumor- (1003).jpg,Tumor,Tumor- (1003)
data\raw\kaggle\Tumor\Tumor- (2179).jpg,Tumor,Tumor- (2179)
data\raw\kaggle\Tumor\Tumor- (1803).jpg,Tumor,Tumor- (1803)
data\raw\kaggle\Tumor\Tumor- (1830).jpg,Tumor,Tumor- (1830)
data\raw\kaggle\Tumor\Tumor- (888).jpg,Tumor,Tumor- (888)
data\raw\kaggle\Tumor\Tumor- (306).jpg,Tumor,Tumor- (306)
data\raw\kaggle\Tumor\Tumor- (232).jpg,Tumor,Tumor- (232)
data\raw\kaggle\Tumor\Tumor- (218).jpg,Tumor,Tumor- (218)
data\raw\kaggle\Tumor\Tumor- (1991).jpg,Tumor,Tumor- (1991)
data\raw\kaggle\Tumor\Tumor- (93).jpg,Tumor,Tumor- (93)
data\raw\kaggle\Tumor\Tumor- (1181).jpg,Tumor,Tumor- (1181)
data\raw\kaggle\Tumor\Tumor- (51).jpg,Tumor,Tumor- (51)
data\raw\kaggle\Tumor\Tumor- (672).jpg,Tumor,Tumor- (672)
data\raw\kaggle\Tumor\Tumor- (2022).jpg,Tumor,Tumor- (2022)
data\raw\kaggle\Tumor\Tumor- (758).jpg,Tumor,Tumor- (758)
data\raw\kaggle\Tumor\Tumor- (1391).jpg,Tumor,Tumor- (1391)
data\raw\kaggle\Tumor\Tumor- (1597).jpg,Tumor,Tumor- (1597)
data\raw\kaggle\Tumor\Tumor- (1831).jpg,Tumor,Tumor- (1831)
data\raw\kaggle\Tumor\Tumor- (1299).jpg,Tumor,Tumor- (1299)
data\raw\kaggle\Tumor\Tumor- (776).jpg,Tumor,Tumor- (776)
data\raw\kaggle\Tumor\Tumor- (1729).jpg,Tumor,Tumor- (1729)
data\raw\kaggle\Tumor\Tumor- (931).jpg,Tumor,Tumor- (931)
data\raw\kaggle\Tumor\Tumor- (2247).jpg,Tumor,Tumor- (2247)
data\raw\kaggle\Tumor\Tumor- (2154).jpg,Tumor,Tumor- (2154)
data\raw\kaggle\Tumor\Tumor- (2195).jpg,Tumor,Tumor- (2195)
data\raw\kaggle\Tumor\Tumor- (679).jpg,Tumor,Tumor- (679)
data\raw\kaggle\Tumor\Tumor- (1587).jpg,Tumor,Tumor- (1587)
data\raw\kaggle\Tumor\Tumor- (879).jpg,Tumor,Tumor- (879)
data\raw\kaggle\Tumor\Tumor- (1985).jpg,Tumor,Tumor- (1985)
data\raw\kaggle\Tumor\Tumor- (1500).jpg,Tumor,Tumor- (1500)
data\raw\kaggle\Tumor\Tumor- (177).jpg,Tumor,Tumor- (177)
data\raw\kaggle\Tumor\Tumor- (1662).jpg,Tumor,Tumor- (1662)
data\raw\kaggle\Tumor\Tumor- (15).jpg,Tumor,Tumor- (15)
data\raw\kaggle\Tumor\Tumor- (1512).jpg,Tumor,Tumor- (1512)
data\raw\kaggle\Tumor\Tumor- (799).jpg,Tumor,Tumor- (799)
data\raw\kaggle\Tumor\Tumor- (1010).jpg,Tumor,Tumor- (1010)
data\raw\kaggle\Tumor\Tumor- (834).jpg,Tumor,Tumor- (834)
data\raw\kaggle\Tumor\Tumor- (2098).jpg,Tumor,Tumor- (2098)
data\raw\kaggle\Tumor\Tumor- (600).jpg,Tumor,Tumor- (600)
data\raw\kaggle\Tumor\Tumor- (652).jpg,Tumor,Tumor- (652)
data\raw\kaggle\Tumor\Tumor- (537).jpg,Tumor,Tumor- (537)
data\raw\kaggle\Tumor\Tumor- (907).jpg,Tumor,Tumor- (907)
data\raw\kaggle\Tumor\Tumor- (1222).jpg,Tumor,Tumor- (1222)
data\raw\kaggle\Tumor\Tumor- (35).jpg,Tumor,Tumor- (35)
data\raw\kaggle\Tumor\Tumor- (146).jpg,Tumor,Tumor- (146)
data\raw\kaggle\Tumor\Tumor- (974).jpg,Tumor,Tumor- (974)
data\raw\kaggle\Tumor\Tumor- (515).jpg,Tumor,Tumor- (515)
data\raw\kaggle\Tumor\Tumor- (1315).jpg,Tumor,Tumor- (1315)
data\raw\kaggle\Tumor\Tumor- (2099).jpg,Tumor,Tumor- (2099)
data\raw\kaggle\Tumor\Tumor- (967).jpg,Tumor,Tumor- (967)
data\raw\kaggle\Tumor\Tumor- (1813).jpg,Tumor,Tumor- (1813)
data\raw\kaggle\Tumor\Tumor- (1901).jpg,Tumor,Tumor- (1901)
data\raw\kaggle\Tumor\Tumor- (1749).jpg,Tumor,Tumor- (1749)
data\raw\kaggle\Tumor\Tumor- (2139).jpg,Tumor,Tumor- (2139)
data\raw\kaggle\Tumor\Tumor- (455).jpg,Tumor,Tumor- (455)
data\raw\kaggle\Tumor\Tumor- (1846).jpg,Tumor,Tumor- (1846)
data\raw\kaggle\Tumor\Tumor- (1018).jpg,Tumor,Tumor- (1018)
data\raw\kaggle\Tumor\Tumor- (766).jpg,Tumor,Tumor- (766)
data\raw\kaggle\Tumor\Tumor- (735).jpg,Tumor,Tumor- (735)
data\raw\kaggle\Tumor\Tumor- (1494).jpg,Tumor,Tumor- (1494)
data\raw\kaggle\Tumor\Tumor- (1116).jpg,Tumor,Tumor- (1116)
data\raw\kaggle\Tumor\Tumor- (1719).jpg,Tumor,Tumor- (1719)
data\raw\kaggle\Tumor\Tumor- (664).jpg,Tumor,Tumor- (664)
data\raw\kaggle\Tumor\Tumor- (1993).jpg,Tumor,Tumor- (1993)
data\raw\kaggle\Tumor\Tumor- (1404).jpg,Tumor,Tumor- (1404)
data\raw\kaggle\Tumor\Tumor- (1880).jpg,Tumor,Tumor- (1880)
data\raw\kaggle\Tumor\Tumor- (1988).jpg,Tumor,Tumor- (1988)
data\raw\kaggle\Tumor\Tumor- (1995).jpg,Tumor,Tumor- (1995)
data\raw\kaggle\Tumor\Tumor- (512).jpg,Tumor,Tumor- (512)
data\raw\kaggle\Tumor\Tumor- (1947).jpg,Tumor,Tumor- (1947)
data\raw\kaggle\Tumor\Tumor- (1130).jpg,Tumor,Tumor- (1130)
data\raw\kaggle\Tumor\Tumor- (1219).jpg,Tumor,Tumor- (1219)
data\raw\kaggle\Tumor\Tumor- (321).jpg,Tumor,Tumor- (321)
data\raw\kaggle\Tumor\Tumor- (1510).jpg,Tumor,Tumor- (1510)
data\raw\kaggle\Tumor\Tumor- (1451).jpg,Tumor,Tumor- (1451)
data\raw\kaggle\Tumor\Tumor- (1784).jpg,Tumor,Tumor- (1784)
data\raw\kaggle\Tumor\Tumor- (1673).jpg,Tumor,Tumor- (1673)
data\raw\kaggle\Tumor\Tumor- (1647).jpg,Tumor,Tumor- (1647)
data\raw\kaggle\Tumor\Tumor- (1918).jpg,Tumor,Tumor- (1918)
data\raw\kaggle\Tumor\Tumor- (487).jpg,Tumor,Tumor- (487)
data\raw\kaggle\Tumor\Tumor- (634).jpg,Tumor,Tumor- (634)
data\raw\kaggle\Tumor\Tumor- (1352).jpg,Tumor,Tumor- (1352)
data\raw\kaggle\Tumor\Tumor- (1715).jpg,Tumor,Tumor- (1715)
data\raw\kaggle\Tumor\Tumor- (661).jpg,Tumor,Tumor- (661)
data\raw\kaggle\Tumor\Tumor- (1827).jpg,Tumor,Tumor- (1827)
data\raw\kaggle\Tumor\Tumor- (95).jpg,Tumor,Tumor- (95)
data\raw\kaggle\Tumor\Tumor- (2093).jpg,Tumor,Tumor- (2093)
data\raw\kaggle\Tumor\Tumor- (1793).jpg,Tumor,Tumor- (1793)
data\raw\kaggle\Tumor\Tumor- (2003).jpg,Tumor,Tumor- (2003)
data\raw\kaggle\Tumor\Tumor- (1392).jpg,Tumor,Tumor- (1392)
data\raw\kaggle\Tumor\Tumor- (586).jpg,Tumor,Tumor- (586)
data\raw\kaggle\Tumor\Tumor- (1139).jpg,Tumor,Tumor- (1139)
data\raw\kaggle\Tumor\Tumor- (152).jpg,Tumor,Tumor- (152)
data\raw\kaggle\Tumor\Tumor- (160).jpg,Tumor,Tumor- (160)
data\raw\kaggle\Tumor\Tumor- (462).jpg,Tumor,Tumor- (462)
data\raw\kaggle\Tumor\Tumor- (1454).jpg,Tumor,Tumor- (1454)
data\raw\kaggle\Tumor\Tumor- (2038).jpg,Tumor,Tumor- (2038)
data\raw\kaggle\Tumor\Tumor- (224).jpg,Tumor,Tumor- (224)
data\raw\kaggle\Tumor\Tumor- (354).jpg,Tumor,Tumor- (354)
data\raw\kaggle\Tumor\Tumor- (1674).jpg,Tumor,Tumor- (1674)
data\raw\kaggle\Tumor\Tumor- (1120).jpg,Tumor,Tumor- (1120)
data\raw\kaggle\Tumor\Tumor- (762).jpg,Tumor,Tumor- (762)
data\raw\kaggle\Tumor\Tumor- (835).jpg,Tumor,Tumor- (835)
data\raw\kaggle\Tumor\Tumor- (1439).jpg,Tumor,Tumor- (1439)
data\raw\kaggle\Tumor\Tumor- (438).jpg,Tumor,Tumor- (438)
data\raw\kaggle\Tumor\Tumor- (1718).jpg,Tumor,Tumor- (1718)
data\raw\kaggle\Tumor\Tumor- (802).jpg,Tumor,Tumor- (802)
data\raw\kaggle\Tumor\Tumor- (742).jpg,Tumor,Tumor- (742)
data\raw\kaggle\Tumor\Tumor- (1385).jpg,Tumor,Tumor- (1385)
data\raw\kaggle\Tumor\Tumor- (1613).jpg,Tumor,Tumor- (1613)
data\raw\kaggle\Tumor\Tumor- (988).jpg,Tumor,Tumor- (988)
data\raw\kaggle\Tumor\Tumor- (326).jpg,Tumor,Tumor- (326)
data\raw\kaggle\Tumor\Tumor- (1520).jpg,Tumor,Tumor- (1520)
data\raw\kaggle\Tumor\Tumor- (2086).jpg,Tumor,Tumor- (2086)
data\raw\kaggle\Tumor\Tumor- (1421).jpg,Tumor,Tumor- (1421)
data\raw\kaggle\Tumor\Tumor- (1751).jpg,Tumor,Tumor- (1751)
data\raw\kaggle\Tumor\Tumor- (1942).jpg,Tumor,Tumor- (1942)
data\raw\kaggle\Tumor\Tumor- (449).jpg,Tumor,Tumor- (449)
data\raw\kaggle\Tumor\Tumor- (949).jpg,Tumor,Tumor- (949)
data\raw\kaggle\Tumor\Tumor- (716).jpg,Tumor,Tumor- (716)
data\raw\kaggle\Tumor\Tumor- (1940).jpg,Tumor,Tumor- (1940)
data\raw\kaggle\Tumor\Tumor- (637).jpg,Tumor,Tumor- (637)
data\raw\kaggle\Tumor\Tumor- (1664).jpg,Tumor,Tumor- (1664)
data\raw\kaggle\Tumor\Tumor- (2281).jpg,Tumor,Tumor- (2281)
data\raw\kaggle\Tumor\Tumor- (811).jpg,Tumor,Tumor- (811)
data\raw\kaggle\Tumor\Tumor- (1620).jpg,Tumor,Tumor- (1620)
data\raw\kaggle\Tumor\Tumor- (1969).jpg,Tumor,Tumor- (1969)
data\raw\kaggle\Tumor\Tumor- (338).jpg,Tumor,Tumor- (338)
data\raw\kaggle\Stone\Stone- (1072).jpg,Stone,Stone- (1072)
data\raw\kaggle\Stone\Stone- (1365).jpg,Stone,Stone- (1365)
data\raw\kaggle\Stone\Stone- (922).jpg,Stone,Stone- (922)
data\raw\kaggle\Stone\Stone- (1150).jpg,Stone,Stone- (1150)
data\raw\kaggle\Stone\Stone- (666).jpg,Stone,Stone- (666)
data\raw\kaggle\Stone\Stone- (883).jpg,Stone,Stone- (883)
data\raw\kaggle\Stone\Stone- (1204).jpg,Stone,Stone- (1204)
data\raw\kaggle\Stone\Stone- (216).jpg,Stone,Stone- (216)
data\raw\kaggle\Stone\Stone- (758).jpg,Stone,Stone- (758)
data\raw\kaggle\Stone\Stone- (785).jpg,Stone,Stone- (785)
data\raw\kaggle\Stone\Stone- (835).jpg,Stone,Stone- (835)
data\raw\kaggle\Stone\Stone- (260).jpg,Stone,Stone- (260)
data\raw\kaggle\Stone\Stone- (905).jpg,Stone,Stone- (905)
data\raw\kaggle\Stone\Stone- (1100).jpg,Stone,Stone- (1100)
data\raw\kaggle\Stone\Stone- (1280).jpg,Stone,Stone- (1280)
data\raw\kaggle\Stone\Stone- (407).jpg,Stone,Stone- (407)
data\raw\kaggle\Stone\Stone- (1201).jpg,Stone,Stone- (1201)
data\raw\kaggle\Stone\Stone- (221).jpg,Stone,Stone- (221)
data\raw\kaggle\Stone\Stone- (1172).jpg,Stone,Stone- (1172)
data\raw\kaggle\Stone\Stone- (865).jpg,Stone,Stone- (865)
data\raw\kaggle\Stone\Stone- (1210).jpg,Stone,Stone- (1210)
data\raw\kaggle\Stone\Stone- (1185).jpg,Stone,Stone- (1185)
data\raw\kaggle\Stone\Stone- (222).jpg,Stone,Stone- (222)
data\raw\kaggle\Stone\Stone- (186).jpg,Stone,Stone- (186)
data\raw\kaggle\Stone\Stone- (1007).jpg,Stone,Stone- (1007)
data\raw\kaggle\Stone\Stone- (1124).jpg,Stone,Stone- (1124)
data\raw\kaggle\Stone\Stone- (641).jpg,Stone,Stone- (641)
data\raw\kaggle\Stone\Stone- (56).jpg,Stone,Stone- (56)
data\raw\kaggle\Stone\Stone- (154).jpg,Stone,Stone- (154)
data\raw\kaggle\Stone\Stone- (1112).jpg,Stone,Stone- (1112)
data\raw\kaggle\Stone\Stone- (416).jpg,Stone,Stone- (416)
data\raw\kaggle\Stone\Stone- (26).jpg,Stone,Stone- (26)
data\raw\kaggle\Stone\Stone- (800).jpg,Stone,Stone- (800)
data\raw\kaggle\Stone\Stone- (1250).jpg,Stone,Stone- (1250)
data\raw\kaggle\Stone\Stone- (820).jpg,Stone,Stone- (820)
data\raw\kaggle\Stone\Stone- (1332).jpg,Stone,Stone- (1332)
data\raw\kaggle\Stone\Stone- (1098).jpg,Stone,Stone- (1098)
data\raw\kaggle\Stone\Stone- (210).jpg,Stone,Stone- (210)
data\raw\kaggle\Stone\Stone- (218).jpg,Stone,Stone- (218)
data\raw\kaggle\Stone\Stone- (1225).jpg,Stone,Stone- (1225)
data\raw\kaggle\Stone\Stone- (1043).jpg,Stone,Stone- (1043)
data\raw\kaggle\Stone\Stone- (582).jpg,Stone,Stone- (582)
data\raw\kaggle\Stone\Stone- (479).jpg,Stone,Stone- (479)
data\raw\kaggle\Stone\Stone- (311).jpg,Stone,Stone- (311)
data\raw\kaggle\Stone\Stone- (831).jpg,Stone,Stone- (831)
data\raw\kaggle\Stone\Stone- (531).jpg,Stone,Stone- (531)
data\raw\kaggle\Stone\Stone- (701).jpg,Stone,Stone- (701)
data\raw\kaggle\Stone\Stone- (504).jpg,Stone,Stone- (504)
data\raw\kaggle\Stone\Stone- (1257).jpg,Stone,Stone- (1257)
data\raw\kaggle\Stone\Stone- (410).jpg,Stone,Stone- (410)
data\raw\kaggle\Stone\Stone- (1075).jpg,Stone,Stone- (1075)
data\raw\kaggle\Stone\Stone- (904).jpg,Stone,Stone- (904)
data\raw\kaggle\Stone\Stone- (625).jpg,Stone,Stone- (625)
data\raw\kaggle\Stone\Stone- (223).jpg,Stone,Stone- (223)
data\raw\kaggle\Stone\Stone- (23).jpg,Stone,Stone- (23)
data\raw\kaggle\Stone\Stone- (558).jpg,Stone,Stone- (558)
data\raw\kaggle\Stone\Stone- (873).jpg,Stone,Stone- (873)
data\raw\kaggle\Stone\Stone- (1270).jpg,Stone,Stone- (1270)
data\raw\kaggle\Stone\Stone- (200).jpg,Stone,Stone- (200)
data\raw\kaggle\Stone\Stone- (162).jpg,Stone,Stone- (162)
data\raw\kaggle\Stone\Stone- (888).jpg,Stone,Stone- (888)
data\raw\kaggle\Stone\Stone- (871).jpg,Stone,Stone- (871)
data\raw\kaggle\Stone\Stone- (796).jpg,Stone,Stone- (796)
data\raw\kaggle\Stone\Stone- (183).jpg,Stone,Stone- (183)
data\raw\kaggle\Stone\Stone- (1347).jpg,Stone,Stone- (1347)
data\raw\kaggle\Stone\Stone- (1097).jpg,Stone,Stone- (1097)
data\raw\kaggle\Stone\Stone- (13).jpg,Stone,Stone- (13)
data\raw\kaggle\Stone\Stone- (748).jpg,Stone,Stone- (748)
data\raw\kaggle\Stone\Stone- (968).jpg,Stone,Stone- (968)
data\raw\kaggle\Stone\Stone- (1040).jpg,Stone,Stone- (1040)
data\raw\kaggle\Stone\Stone- (95).jpg,Stone,Stone- (95)
data\raw\kaggle\Stone\Stone- (35).jpg,Stone,Stone- (35)
data\raw\kaggle\Stone\Stone- (24).jpg,Stone,Stone- (24)
data\raw\kaggle\Stone\Stone- (1157).jpg,Stone,Stone- (1157)
data\raw\kaggle\Stone\Stone- (862).jpg,Stone,Stone- (862)
data\raw\kaggle\Stone\Stone- (383).jpg,Stone,Stone- (383)
data\raw\kaggle\Stone\Stone- (844).jpg,Stone,Stone- (844)
data\raw\kaggle\Stone\Stone- (296).jpg,Stone,Stone- (296)
data\raw\kaggle\Stone\Stone- (31).jpg,Stone,Stone- (31)
data\raw\kaggle\Stone\Stone- (510).jpg,Stone,Stone- (510)
data\raw\kaggle\Stone\Stone- (1296).jpg,Stone,Stone- (1296)
data\raw\kaggle\Stone\Stone- (1258).jpg,Stone,Stone- (1258)
data\raw\kaggle\Stone\Stone- (1116).jpg,Stone,Stone- (1116)
data\raw\kaggle\Stone\Stone- (1096).jpg,Stone,Stone- (1096)
data\raw\kaggle\Stone\Stone- (402).jpg,Stone,Stone- (402)
data\raw\kaggle\Stone\Stone- (1217).jpg,Stone,Stone- (1217)
data\raw\kaggle\Stone\Stone- (935).jpg,Stone,Stone- (935)
data\raw\kaggle\Stone\Stone- (295).jpg,Stone,Stone- (295)
data\raw\kaggle\Stone\Stone- (347).jpg,Stone,Stone- (347)
data\raw\kaggle\Stone\Stone- (32).jpg,Stone,Stone- (32)
data\raw\kaggle\Stone\Stone- (360).jpg,Stone,Stone- (360)
data\raw\kaggle\Stone\Stone- (1119).jpg,Stone,Stone- (1119)
data\raw\kaggle\Stone\Stone- (665).jpg,Stone,Stone- (665)
data\raw\kaggle\Stone\Stone- (166).jpg,Stone,Stone- (166)
data\raw\kaggle\Stone\Stone- (718).jpg,Stone,Stone- (718)
data\raw\kaggle\Stone\Stone- (685).jpg,Stone,Stone- (685)
data\raw\kaggle\Stone\Stone- (225).jpg,Stone,Stone- (225)
data\raw\kaggle\Stone\Stone- (1287).jpg,Stone,Stone- (1287)
data\raw\kaggle\Stone\Stone- (664).jpg,Stone,Stone- (664)
data\raw\kaggle\Stone\Stone- (1375).jpg,Stone,Stone- (1375)
data\raw\kaggle\Stone\Stone- (313).jpg,Stone,Stone- (313)
data\raw\kaggle\Stone\Stone- (691).jpg,Stone,Stone- (691)
data\raw\kaggle\Stone\Stone- (1290).jpg,Stone,Stone- (1290)
data\raw\kaggle\Stone\Stone- (546).jpg,Stone,Stone- (546)
data\raw\kaggle\Stone\Stone- (351).jpg,Stone,Stone- (351)
data\raw\kaggle\Stone\Stone- (137).jpg,Stone,Stone- (137)
data\raw\kaggle\Stone\Stone- (1348).jpg,Stone,Stone- (1348)
data\raw\kaggle\Stone\Stone- (877).jpg,Stone,Stone- (877)
data\raw\kaggle\Stone\Stone- (555).jpg,Stone,Stone- (555)
data\raw\kaggle\Stone\Stone- (803).jpg,Stone,Stone- (803)
data\raw\kaggle\Stone\Stone- (1215).jpg,Stone,Stone- (1215)
data\raw\kaggle\Stone\Stone- (1151).jpg,Stone,Stone- (1151)
data\raw\kaggle\Stone\Stone- (424).jpg,Stone,Stone- (424)
data\raw\kaggle\Stone\Stone- (1003).jpg,Stone,Stone- (1003)
data\raw\kaggle\Stone\Stone- (1056).jpg,Stone,Stone- (1056)
data\raw\kaggle\Stone\Stone- (553).jpg,Stone,Stone- (553)
data\raw\kaggle\Stone\Stone- (150).jpg,Stone,Stone- (150)
data\raw\kaggle\Stone\Stone- (709).jpg,Stone,Stone- (709)
data\raw\kaggle\Stone\Stone- (112).jpg,Stone,Stone- (112)
data\raw\kaggle\Stone\Stone- (1301).jpg,Stone,Stone- (1301)
data\raw\kaggle\Stone\Stone- (689).jpg,Stone,Stone- (689)
data\raw\kaggle\Stone\Stone- (397).jpg,Stone,Stone- (397)
data\raw\kaggle\Stone\Stone- (1088).jpg,Stone,Stone- (1088)
data\raw\kaggle\Stone\Stone- (856).jpg,Stone,Stone- (856)
data\raw\kaggle\Stone\Stone- (648).jpg,Stone,Stone- (648)
data\raw\kaggle\Stone\Stone- (946).jpg,Stone,Stone- (946)
data\raw\kaggle\Stone\Stone- (881).jpg,Stone,Stone- (881)
data\raw\kaggle\Stone\Stone- (981).jpg,Stone,Stone- (981)
data\raw\kaggle\Stone\Stone- (717).jpg,Stone,Stone- (717)
data\raw\kaggle\Stone\Stone- (903).jpg,Stone,Stone- (903)
data\raw\kaggle\Stone\Stone- (511).jpg,Stone,Stone- (511)
data\raw\kaggle\Stone\Stone- (1004).jpg,Stone,Stone- (1004)
data\raw\kaggle\Stone\Stone- (305).jpg,Stone,Stone- (305)
data\raw\kaggle\Stone\Stone- (55).jpg,Stone,Stone- (55)
data\raw\kaggle\Stone\Stone- (919).jpg,Stone,Stone- (919)
data\raw\kaggle\Stone\Stone- (1194).jpg,Stone,Stone- (1194)
data\raw\kaggle\Stone\Stone- (47).jpg,Stone,Stone- (47)
data\raw\kaggle\Stone\Stone- (1039).jpg,Stone,Stone- (1039)
data\raw\kaggle\Stone\Stone- (1349).jpg,Stone,Stone- (1349)
data\raw\kaggle\Stone\Stone- (232).jpg,Stone,Stone- (232)
data\raw\kaggle\Stone\Stone- (938).jpg,Stone,Stone- (938)
data\raw\kaggle\Stone\Stone- (898).jpg,Stone,Stone- (898)
data\raw\kaggle\Stone\Stone- (160).jpg,Stone,Stone- (160)
data\raw\kaggle\Stone\Stone- (1011).jpg,Stone,Stone- (1011)
data\raw\kaggle\Stone\Stone- (509).jpg,Stone,Stone- (509)
data\raw\kaggle\Stone\Stone- (606).jpg,Stone,Stone- (606)
data\raw\kaggle\Stone\Stone- (720).jpg,Stone,Stone- (720)
data\raw\kaggle\Stone\Stone- (1203).jpg,Stone,Stone- (1203)
data\raw\kaggle\Stone\Stone- (765).jpg,Stone,Stone- (765)
data\raw\kaggle\Stone\Stone- (716).jpg,Stone,Stone- (716)
data\raw\kaggle\Stone\Stone- (418).jpg,Stone,Stone- (418)
data\raw\kaggle\Stone\Stone- (508).jpg,Stone,Stone- (508)
data\raw\kaggle\Stone\Stone- (464).jpg,Stone,Stone- (464)
data\raw\kaggle\Stone\Stone- (82).jpg,Stone,Stone- (82)
data\raw\kaggle\Stone\Stone- (420).jpg,Stone,Stone- (420)
data\raw\kaggle\Stone\Stone- (1154).jpg,Stone,Stone- (1154)
data\raw\kaggle\Stone\Stone- (1191).jpg,Stone,Stone- (1191)
data\raw\kaggle\Stone\Stone- (191).jpg,Stone,Stone- (191)
data\raw\kaggle\Stone\Stone- (937).jpg,Stone,Stone- (937)
data\raw\kaggle\Stone\Stone- (241).jpg,Stone,Stone- (241)
data\raw\kaggle\Stone\Stone- (1077).jpg,Stone,Stone- (1077)
data\raw\kaggle\Stone\Stone- (1199).jpg,Stone,Stone- (1199)
data\raw\kaggle\Stone\Stone- (618).jpg,Stone,Stone- (618)
data\raw\kaggle\Stone\Stone- (858).jpg,Stone,Stone- (858)
data\raw\kaggle\Stone\Stone- (403).jpg,Stone,Stone- (403)
data\raw\kaggle\Stone\Stone- (977).jpg,Stone,Stone- (977)
data\raw\kaggle\Stone\Stone- (687).jpg,Stone,Stone- (687)
data\raw\kaggle\Stone\Stone- (988).jpg,Stone,Stone- (988)
data\raw\kaggle\Stone\Stone- (505).jpg,Stone,Stone- (505)
data\raw\kaggle\Stone\Stone- (172).jpg,Stone,Stone- (172)
data\raw\kaggle\Stone\Stone- (392).jpg,Stone,Stone- (392)
data\raw\kaggle\Stone\Stone- (864).jpg,Stone,Stone- (864)
data\raw\kaggle\Stone\Stone- (396).jpg,Stone,Stone- (396)
data\raw\kaggle\Stone\Stone- (913).jpg,Stone,Stone- (913)
data\raw\kaggle\Stone\Stone- (757).jpg,Stone,Stone- (757)
data\raw\kaggle\Stone\Stone- (1064).jpg,Stone,Stone- (1064)
data\raw\kaggle\Stone\Stone- (868).jpg,Stone,Stone- (868)
data\raw\kaggle\Stone\Stone- (513).jpg,Stone,Stone- (513)
data\raw\kaggle\Stone\Stone- (781).jpg,Stone,Stone- (781)
data\raw\kaggle\Stone\Stone- (455).jpg,Stone,Stone- (455)
data\raw\kaggle\Stone\Stone- (734).jpg,Stone,Stone- (734)
data\raw\kaggle\Stone\Stone- (173).jpg,Stone,Stone- (173)
data\raw\kaggle\Stone\Stone- (561).jpg,Stone,Stone- (561)
data\raw\kaggle\Stone\Stone- (1134).jpg,Stone,Stone- (1134)
data\raw\kaggle\Stone\Stone- (591).jpg,Stone,Stone- (591)
data\raw\kaggle\Stone\Stone- (1230).jpg,Stone,Stone- (1230)
data\raw\kaggle\Stone\Stone- (623).jpg,Stone,Stone- (623)
data\raw\kaggle\Stone\Stone- (493).jpg,Stone,Stone- (493)
data\raw\kaggle\Stone\Stone- (286).jpg,Stone,Stone- (286)
data\raw\kaggle\Stone\Stone- (342).jpg,Stone,Stone- (342)
data\raw\kaggle\Stone\Stone- (239).jpg,Stone,Stone- (239)
data\raw\kaggle\Stone\Stone- (1169).jpg,Stone,Stone- (1169)
data\raw\kaggle\Stone\Stone- (649).jpg,Stone,Stone- (649)
data\raw\kaggle\Stone\Stone- (829).jpg,Stone,Stone- (829)
data\raw\kaggle\Stone\Stone- (387).jpg,Stone,Stone- (387)
data\raw\kaggle\Stone\Stone- (663).jpg,Stone,Stone- (663)
data\raw\kaggle\Stone\Stone- (369).jpg,Stone,Stone- (369)
data\raw\kaggle\Stone\Stone- (1344).jpg,Stone,Stone- (1344)
data\raw\kaggle\Stone\Stone- (997).jpg,Stone,Stone- (997)
data\raw\kaggle\Stone\Stone- (567).jpg,Stone,Stone- (567)
data\raw\kaggle\Stone\Stone- (233).jpg,Stone,Stone- (233)
data\raw\kaggle\Stone\Stone- (742).jpg,Stone,Stone- (742)
data\raw\kaggle\Stone\Stone- (696).jpg,Stone,Stone- (696)
data\raw\kaggle\Stone\Stone- (656).jpg,Stone,Stone- (656)
data\raw\kaggle\Stone\Stone- (838).jpg,Stone,Stone- (838)
data\raw\kaggle\Stone\Stone- (787).jpg,Stone,Stone- (787)
data\raw\kaggle\Stone\Stone- (103).jpg,Stone,Stone- (103)
data\raw\kaggle\Stone\Stone- (69).jpg,Stone,Stone- (69)
data\raw\kaggle\Stone\Stone- (960).jpg,Stone,Stone- (960)
data\raw\kaggle\Stone\Stone- (638).jpg,Stone,Stone- (638)
data\raw\kaggle\Stone\Stone- (792).jpg,Stone,Stone- (792)
data\raw\kaggle\Stone\Stone- (572).jpg,Stone,Stone- (572)
data\raw\kaggle\Stone\Stone- (317).jpg,Stone,Stone- (317)
data\raw\kaggle\Stone\Stone- (421).jpg,Stone,Stone- (421)
data\raw\kaggle\Stone\Stone- (266).jpg,Stone,Stone- (266)
data\raw\kaggle\Stone\Stone- (518).jpg,Stone,Stone- (518)
data\raw\kaggle\Stone\Stone- (983).jpg,Stone,Stone- (983)
data\raw\kaggle\Stone\Stone- (85).jpg,Stone,Stone- (85)
data\raw\kaggle\Stone\Stone- (1180).jpg,Stone,Stone- (1180)
data\raw\kaggle\Stone\Stone- (731).jpg,Stone,Stone- (731)
data\raw\kaggle\Stone\Stone- (527).jpg,Stone,Stone- (527)
data\raw\kaggle\Stone\Stone- (900).jpg,Stone,Stone- (900)
data\raw\kaggle\Stone\Stone- (578).jpg,Stone,Stone- (578)
data\raw\kaggle\Stone\Stone- (698).jpg,Stone,Stone- (698)
data\raw\kaggle\Stone\Stone- (159).jpg,Stone,Stone- (159)
data\raw\kaggle\Stone\Stone- (827).jpg,Stone,Stone- (827)
data\raw\kaggle\Stone\Stone- (413).jpg,Stone,Stone- (413)
data\raw\kaggle\Stone\Stone- (349).jpg,Stone,Stone- (349)
data\raw\kaggle\Stone\Stone- (519).jpg,Stone,Stone- (519)
data\raw\kaggle\Stone\Stone- (1315).jpg,Stone,Stone- (1315)
data\raw\kaggle\Stone\Stone- (719).jpg,Stone,Stone- (719)
data\raw\kaggle\Stone\Stone- (662).jpg,Stone,Stone- (662)
data\raw\kaggle\Stone\Stone- (597).jpg,Stone,Stone- (597)
data\raw\kaggle\Stone\Stone- (70).jpg,Stone,Stone- (70)
data\raw\kaggle\Stone\Stone- (1060).jpg,Stone,Stone- (1060)
data\raw\kaggle\Stone\Stone- (1140).jpg,Stone,Stone- (1140)
data\raw\kaggle\Stone\Stone- (982).jpg,Stone,Stone- (982)
data\raw\kaggle\Stone\Stone- (188).jpg,Stone,Stone- (188)
data\raw\kaggle\Stone\Stone- (535).jpg,Stone,Stone- (535)
data\raw\kaggle\Stone\Stone- (180).jpg,Stone,Stone- (180)
data\raw\kaggle\Stone\Stone- (626).jpg,Stone,Stone- (626)
data\raw\kaggle\Stone\Stone- (21).jpg,Stone,Stone- (21)
data\raw\kaggle\Stone\Stone- (908).jpg,Stone,Stone- (908)
data\raw\kaggle\Stone\Stone- (1240).jpg,Stone,Stone- (1240)
data\raw\kaggle\Stone\Stone- (954).jpg,Stone,Stone- (954)
data\raw\kaggle\Stone\Stone- (1174).jpg,Stone,Stone- (1174)
data\raw\kaggle\Stone\Stone- (126).jpg,Stone,Stone- (126)
data\raw\kaggle\Stone\Stone- (621).jpg,Stone,Stone- (621)
data\raw\kaggle\Stone\Stone- (380).jpg,Stone,Stone- (380)
data\raw\kaggle\Stone\Stone- (1202).jpg,Stone,Stone- (1202)
data\raw\kaggle\Stone\Stone- (1322).jpg,Stone,Stone- (1322)
data\raw\kaggle\Stone\Stone- (630).jpg,Stone,Stone- (630)
data\raw\kaggle\Stone\Stone- (745).jpg,Stone,Stone- (745)
data\raw\kaggle\Stone\Stone- (1047).jpg,Stone,Stone- (1047)
data\raw\kaggle\Stone\Stone- (74).jpg,Stone,Stone- (74)
data\raw\kaggle\Stone\Stone- (426).jpg,Stone,Stone- (426)
data\raw\kaggle\Stone\Stone- (875).jpg,Stone,Stone- (875)
data\raw\kaggle\Stone\Stone- (769).jpg,Stone,Stone- (769)
data\raw\kaggle\Stone\Stone- (693).jpg,Stone,Stone- (693)
data\raw\kaggle\Stone\Stone- (170).jpg,Stone,Stone- (170)
data\raw\kaggle\Stone\Stone- (863).jpg,Stone,Stone- (863)
data\raw\kaggle\Stone\Stone- (761).jpg,Stone,Stone- (761)
data\raw\kaggle\Stone\Stone- (105).jpg,Stone,Stone- (105)
data\raw\kaggle\Stone\Stone- (526).jpg,Stone,Stone- (526)
data\raw\kaggle\Stone\Stone- (1337).jpg,Stone,Stone- (1337)
data\raw\kaggle\Stone\Stone- (1334).jpg,Stone,Stone- (1334)
data\raw\kaggle\Stone\Stone- (1288).jpg,Stone,Stone- (1288)
data\raw\kaggle\Stone\Stone- (853).jpg,Stone,Stone- (853)
data\raw\kaggle\Stone\Stone- (515).jpg,Stone,Stone- (515)
data\raw\kaggle\Stone\Stone- (475).jpg,Stone,Stone- (475)
data\raw\kaggle\Stone\Stone- (854).jpg,Stone,Stone- (854)
data\raw\kaggle\Stone\Stone- (1183).jpg,Stone,Stone- (1183)
data\raw\kaggle\Stone\Stone- (209).jpg,Stone,Stone- (209)
data\raw\kaggle\Stone\Stone- (427).jpg,Stone,Stone- (427)
data\raw\kaggle\Stone\Stone- (328).jpg,Stone,Stone- (328)
data\raw\kaggle\Stone\Stone- (4).jpg,Stone,Stone- (4)
data\raw\kaggle\Stone\Stone- (377).jpg,Stone,Stone- (377)
data\raw\kaggle\Stone\Stone- (84).jpg,Stone,Stone- (84)
data\raw\kaggle\Stone\Stone- (577).jpg,Stone,Stone- (577)
data\raw\kaggle\Stone\Stone- (805).jpg,Stone,Stone- (805)
data\raw\kaggle\Stone\Stone- (645).jpg,Stone,Stone- (645)
data\raw\kaggle\Stone\Stone- (1127).jpg,Stone,Stone- (1127)
data\raw\kaggle\Stone\Stone- (777).jpg,Stone,Stone- (777)
data\raw\kaggle\Stone\Stone- (1369).jpg,Stone,Stone- (1369)
data\raw\kaggle\Stone\Stone- (923).jpg,Stone,Stone- (923)
data\raw\kaggle\Stone\Stone- (1073).jpg,Stone,Stone- (1073)
data\raw\kaggle\Stone\Stone- (776).jpg,Stone,Stone- (776)
data\raw\kaggle\Stone\Stone- (644).jpg,Stone,Stone- (644)
data\raw\kaggle\Stone\Stone- (460).jpg,Stone,Stone- (460)
data\raw\kaggle\Stone\Stone- (1278).jpg,Stone,Stone- (1278)
data\raw\kaggle\Stone\Stone- (454).jpg,Stone,Stone- (454)
data\raw\kaggle\Stone\Stone- (384).jpg,Stone,Stone- (384)
data\raw\kaggle\Stone\Stone- (675).jpg,Stone,Stone- (675)
data\raw\kaggle\Stone\Stone- (528).jpg,Stone,Stone- (528)
data\raw\kaggle\Stone\Stone- (522).jpg,Stone,Stone- (522)
data\raw\kaggle\Stone\Stone- (375).jpg,Stone,Stone- (375)
data\raw\kaggle\Stone\Stone- (1196).jpg,Stone,Stone- (1196)
data\raw\kaggle\Stone\Stone- (565).jpg,Stone,Stone- (565)
data\raw\kaggle\Stone\Stone- (1305).jpg,Stone,Stone- (1305)
data\raw\kaggle\Stone\Stone- (58).jpg,Stone,Stone- (58)
data\raw\kaggle\Stone\Stone- (967).jpg,Stone,Stone- (967)
data\raw\kaggle\Stone\Stone- (444).jpg,Stone,Stone- (444)
data\raw\kaggle\Stone\Stone- (1030).jpg,Stone,Stone- (1030)
data\raw\kaggle\Stone\Stone- (945).jpg,Stone,Stone- (945)
data\raw\kaggle\Stone\Stone- (458).jpg,Stone,Stone- (458)
data\raw\kaggle\Stone\Stone- (876).jpg,Stone,Stone- (876)
data\raw\kaggle\Stone\Stone- (690).jpg,Stone,Stone- (690)
data\raw\kaggle\Stone\Stone- (433).jpg,Stone,Stone- (433)
data\raw\kaggle\Stone\Stone- (1219).jpg,Stone,Stone- (1219)
data\raw\kaggle\Stone\Stone- (1232).jpg,Stone,Stone- (1232)
data\raw\kaggle\Stone\Stone- (756).jpg,Stone,Stone- (756)
data\raw\kaggle\Stone\Stone- (958).jpg,Stone,Stone- (958)
data\raw\kaggle\Stone\Stone- (1087).jpg,Stone,Stone- (1087)
data\raw\kaggle\Stone\Stone- (1002).jpg,Stone,Stone- (1002)
data\raw\kaggle\Stone\Stone- (1176).jpg,Stone,Stone- (1176)
data\raw\kaggle\Stone\Stone- (1139).jpg,Stone,Stone- (1139)
data\raw\kaggle\Stone\Stone- (1357).jpg,Stone,Stone- (1357)
data\raw\kaggle\Stone\Stone- (320).jpg,Stone,Stone- (320)
data\raw\kaggle\Stone\Stone- (215).jpg,Stone,Stone- (215)
data\raw\kaggle\Stone\Stone- (1148).jpg,Stone,Stone- (1148)
data\raw\kaggle\Stone\Stone- (1170).jpg,Stone,Stone- (1170)
data\raw\kaggle\Stone\Stone- (1373).jpg,Stone,Stone- (1373)
data\raw\kaggle\Stone\Stone- (1267).jpg,Stone,Stone- (1267)
data\raw\kaggle\Stone\Stone- (1310).jpg,Stone,Stone- (1310)
data\raw\kaggle\Stone\Stone- (575).jpg,Stone,Stone- (575)
data\raw\kaggle\Stone\Stone- (1168).jpg,Stone,Stone- (1168)
data\raw\kaggle\Stone\Stone- (1135).jpg,Stone,Stone- (1135)
data\raw\kaggle\Stone\Stone- (355).jpg,Stone,Stone- (355)
data\raw\kaggle\Stone\Stone- (364).jpg,Stone,Stone- (364)
data\raw\kaggle\Stone\Stone- (12).jpg,Stone,Stone- (12)
data\raw\kaggle\Stone\Stone- (1343).jpg,Stone,Stone- (1343)
data\raw\kaggle\Stone\Stone- (22).jpg,Stone,Stone- (22)
data\raw\kaggle\Stone\Stone- (106).jpg,Stone,Stone- (106)
data\raw\kaggle\Stone\Stone- (782).jpg,Stone,Stone- (782)
data\raw\kaggle\Stone\Stone- (897).jpg,Stone,Stone- (897)
data\raw\kaggle\Stone\Stone- (799).jpg,Stone,Stone- (799)
data\raw\kaggle\Stone\Stone- (167).jpg,Stone,Stone- (167)
data\raw\kaggle\Stone\Stone- (754).jpg,Stone,Stone- (754)
data\raw\kaggle\Stone\Stone- (676).jpg,Stone,Stone- (676)
data\raw\kaggle\Stone\Stone- (707).jpg,Stone,Stone- (707)
data\raw\kaggle\Stone\Stone- (422).jpg,Stone,Stone- (422)
data\raw\kaggle\Stone\Stone- (931).jpg,Stone,Stone- (931)
data\raw\kaggle\Stone\Stone- (804).jpg,Stone,Stone- (804)
data\raw\kaggle\Stone\Stone- (1031).jpg,Stone,Stone- (1031)
data\raw\kaggle\Stone\Stone- (92).jpg,Stone,Stone- (92)
data\raw\kaggle\Stone\Stone- (281).jpg,Stone,Stone- (281)
data\raw\kaggle\Stone\Stone- (821).jpg,Stone,Stone- (821)
data\raw\kaggle\Stone\Stone- (265).jpg,Stone,Stone- (265)
data\raw\kaggle\Stone\Stone- (211).jpg,Stone,Stone- (211)
data\raw\kaggle\Stone\Stone- (1341).jpg,Stone,Stone- (1341)
data\raw\kaggle\Stone\Stone- (1333).jpg,Stone,Stone- (1333)
data\raw\kaggle\Stone\Stone- (1293).jpg,Stone,Stone- (1293)
data\raw\kaggle\Stone\Stone- (350).jpg,Stone,Stone- (350)
data\raw\kaggle\Stone\Stone- (733).jpg,Stone,Stone- (733)
data\raw\kaggle\Stone\Stone- (125).jpg,Stone,Stone- (125)
data\raw\kaggle\Stone\Stone- (1080).jpg,Stone,Stone- (1080)
data\raw\kaggle\Stone\Stone- (1276).jpg,Stone,Stone- (1276)
data\raw\kaggle\Stone\Stone- (637).jpg,Stone,Stone- (637)
data\raw\kaggle\Stone\Stone- (845).jpg,Stone,Stone- (845)
data\raw\kaggle\Stone\Stone- (910).jpg,Stone,Stone- (910)
data\raw\kaggle\Stone\Stone- (34).jpg,Stone,Stone- (34)
data\raw\kaggle\Stone\Stone- (708).jpg,Stone,Stone- (708)
data\raw\kaggle\Stone\Stone- (677).jpg,Stone,Stone- (677)
data\raw\kaggle\Stone\Stone- (68).jpg,Stone,Stone- (68)
data\raw\kaggle\Stone\Stone- (41).jpg,Stone,Stone- (41)
data\raw\kaggle\Stone\Stone- (1229).jpg,Stone,Stone- (1229)
data\raw\kaggle\Stone\Stone- (928).jpg,Stone,Stone- (928)
data\raw\kaggle\Stone\Stone- (1106).jpg,Stone,Stone- (1106)
data\raw\kaggle\Stone\Stone- (507).jpg,Stone,Stone- (507)
data\raw\kaggle\Stone\Stone- (1162).jpg,Stone,Stone- (1162)
data\raw\kaggle\Stone\Stone- (19).jpg,Stone,Stone- (19)
data\raw\kaggle\Stone\Stone- (400).jpg,Stone,Stone- (400)
data\raw\kaggle\Stone\Stone- (849).jpg,Stone,Stone- (849)
data\raw\kaggle\Stone\Stone- (536).jpg,Stone,Stone- (536)
data\raw\kaggle\Stone\Stone- (890).jpg,Stone,Stone- (890)
data\raw\kaggle\Stone\Stone- (164).jpg,Stone,Stone- (164)
data\raw\kaggle\Stone\Stone- (1163).jpg,Stone,Stone- (1163)
data\raw\kaggle\Stone\Stone- (1137).jpg,Stone,Stone- (1137)
data\raw\kaggle\Stone\Stone- (502).jpg,Stone,Stone- (502)
data\raw\kaggle\Stone\Stone- (1187).jpg,Stone,Stone- (1187)
data\raw\kaggle\Stone\Stone- (204).jpg,Stone,Stone- (204)
data\raw\kaggle\Stone\Stone- (189).jpg,Stone,Stone- (189)
data\raw\kaggle\Stone\Stone- (195).jpg,Stone,Stone- (195)
data\raw\kaggle\Stone\Stone- (1298).jpg,Stone,Stone- (1298)
data\raw\kaggle\Stone\Stone- (86).jpg,Stone,Stone- (86)
data\raw\kaggle\Stone\Stone- (1261).jpg,Stone,Stone- (1261)
data\raw\kaggle\Stone\Stone- (1302).jpg,Stone,Stone- (1302)
data\raw\kaggle\Stone\Stone- (596).jpg,Stone,Stone- (596)
data\raw\kaggle\Stone\Stone- (1249).jpg,Stone,Stone- (1249)
data\raw\kaggle\Stone\Stone- (64).jpg,Stone,Stone- (64)
data\raw\kaggle\Stone\Stone- (1317).jpg,Stone,Stone- (1317)
data\raw\kaggle\Stone\Stone- (304).jpg,Stone,Stone- (304)
data\raw\kaggle\Stone\Stone- (463).jpg,Stone,Stone- (463)
data\raw\kaggle\Stone\Stone- (405).jpg,Stone,Stone- (405)
data\raw\kaggle\Stone\Stone- (571).jpg,Stone,Stone- (571)
data\raw\kaggle\Stone\Stone- (521).jpg,Stone,Stone- (521)
data\raw\kaggle\Stone\Stone- (1336).jpg,Stone,Stone- (1336)
data\raw\kaggle\Stone\Stone- (219).jpg,Stone,Stone- (219)
data\raw\kaggle\Stone\Stone- (1245).jpg,Stone,Stone- (1245)
data\raw\kaggle\Stone\Stone- (569).jpg,Stone,Stone- (569)
data\raw\kaggle\Stone\Stone- (658).jpg,Stone,Stone- (658)
data\raw\kaggle\Stone\Stone- (932).jpg,Stone,Stone- (932)
data\raw\kaggle\Stone\Stone- (1165).jpg,Stone,Stone- (1165)
data\raw\kaggle\Stone\Stone- (80).jpg,Stone,Stone- (80)
data\raw\kaggle\Stone\Stone- (1346).jpg,Stone,Stone- (1346)
data\raw\kaggle\Stone\Stone- (1131).jpg,Stone,Stone- (1131)
data\raw\kaggle\Stone\Stone- (992).jpg,Stone,Stone- (992)
data\raw\kaggle\Stone\Stone- (194).jpg,Stone,Stone- (194)
data\raw\kaggle\Stone\Stone- (1236).jpg,Stone,Stone- (1236)
data\raw\kaggle\Stone\Stone- (437).jpg,Stone,Stone- (437)
data\raw\kaggle\Stone\Stone- (1012).jpg,Stone,Stone- (1012)
data\raw\kaggle\Stone\Stone- (121).jpg,Stone,Stone- (121)
data\raw\kaggle\Stone\Stone- (635).jpg,Stone,Stone- (635)
data\raw\kaggle\Stone\Stone- (556).jpg,Stone,Stone- (556)
data\raw\kaggle\Stone\Stone- (231).jpg,Stone,Stone- (231)
data\raw\kaggle\Stone\Stone- (643).jpg,Stone,Stone- (643)
data\raw\kaggle\Stone\Stone- (122).jpg,Stone,Stone- (122)
data\raw\kaggle\Stone\Stone- (457).jpg,Stone,Stone- (457)
data\raw\kaggle\Stone\Stone- (1295).jpg,Stone,Stone- (1295)
data\raw\kaggle\Stone\Stone- (749).jpg,Stone,Stone- (749)
data\raw\kaggle\Stone\Stone- (1125).jpg,Stone,Stone- (1125)
data\raw\kaggle\Stone\Stone- (91).jpg,Stone,Stone- (91)
data\raw\kaggle\Stone\Stone- (3).jpg,Stone,Stone- (3)
data\raw\kaggle\Stone\Stone- (268).jpg,Stone,Stone- (268)
data\raw\kaggle\Stone\Stone- (359).jpg,Stone,Stone- (359)
data\raw\kaggle\Stone\Stone- (586).jpg,Stone,Stone- (586)
data\raw\kaggle\Stone\Stone- (391).jpg,Stone,Stone- (391)
data\raw\kaggle\Stone\Stone- (1279).jpg,Stone,Stone- (1279)
data\raw\kaggle\Stone\Stone- (1254).jpg,Stone,Stone- (1254)
data\raw\kaggle\Stone\Stone- (590).jpg,Stone,Stone- (590)
data\raw\kaggle\Stone\Stone- (185).jpg,Stone,Stone- (185)
data\raw\kaggle\Stone\Stone- (309).jpg,Stone,Stone- (309)
data\raw\kaggle\Stone\Stone- (142).jpg,Stone,Stone- (142)
data\raw\kaggle\Stone\Stone- (996).jpg,Stone,Stone- (996)
data\raw\kaggle\Stone\Stone- (810).jpg,Stone,Stone- (810)
data\raw\kaggle\Stone\Stone- (124).jpg,Stone,Stone- (124)
data\raw\kaggle\Stone\Stone- (524).jpg,Stone,Stone- (524)
data\raw\kaggle\Stone\Stone- (339).jpg,Stone,Stone- (339)
data\raw\kaggle\Stone\Stone- (548).jpg,Stone,Stone- (548)
data\raw\kaggle\Stone\Stone- (624).jpg,Stone,Stone- (624)
data\raw\kaggle\Stone\Stone- (1062).jpg,Stone,Stone- (1062)
data\raw\kaggle\Stone\Stone- (1104).jpg,Stone,Stone- (1104)
data\raw\kaggle\Stone\Stone- (1085).jpg,Stone,Stone- (1085)
data\raw\kaggle\Stone\Stone- (118).jpg,Stone,Stone- (118)
data\raw\kaggle\Stone\Stone- (108).jpg,Stone,Stone- (108)
data\raw\kaggle\Stone\Stone- (77).jpg,Stone,Stone- (77)
data\raw\kaggle\Stone\Stone- (617).jpg,Stone,Stone- (617)
data\raw\kaggle\Stone\Stone- (163).jpg,Stone,Stone- (163)
data\raw\kaggle\Stone\Stone- (914).jpg,Stone,Stone- (914)
data\raw\kaggle\Stone\Stone- (927).jpg,Stone,Stone- (927)
data\raw\kaggle\Stone\Stone- (236).jpg,Stone,Stone- (236)
data\raw\kaggle\Stone\Stone- (434).jpg,Stone,Stone- (434)
data\raw\kaggle\Stone\Stone- (1111).jpg,Stone,Stone- (1111)
data\raw\kaggle\Stone\Stone- (46).jpg,Stone,Stone- (46)
data\raw\kaggle\Stone\Stone- (1362).jpg,Stone,Stone- (1362)
data\raw\kaggle\Stone\Stone- (830).jpg,Stone,Stone- (830)
data\raw\kaggle\Stone\Stone- (634).jpg,Stone,Stone- (634)
data\raw\kaggle\Stone\Stone- (1252).jpg,Stone,Stone- (1252)
data\raw\kaggle\Stone\Stone- (779).jpg,Stone,Stone- (779)
data\raw\kaggle\Stone\Stone- (1006).jpg,Stone,Stone- (1006)
data\raw\kaggle\Stone\Stone- (1354).jpg,Stone,Stone- (1354)
data\raw\kaggle\Stone\Stone- (1360).jpg,Stone,Stone- (1360)
data\raw\kaggle\Stone\Stone- (1128).jpg,Stone,Stone- (1128)
data\raw\kaggle\Stone\Stone- (1117).jpg,Stone,Stone- (1117)
data\raw\kaggle\Stone\Stone- (1143).jpg,Stone,Stone- (1143)
data\raw\kaggle\Stone\Stone- (619).jpg,Stone,Stone- (619)
data\raw\kaggle\Stone\Stone- (1160).jpg,Stone,Stone- (1160)
data\raw\kaggle\Stone\Stone- (924).jpg,Stone,Stone- (924)
data\raw\kaggle\Stone\Stone- (836).jpg,Stone,Stone- (836)
data\raw\kaggle\Stone\Stone- (438).jpg,Stone,Stone- (438)
data\raw\kaggle\Stone\Stone- (310).jpg,Stone,Stone- (310)
data\raw\kaggle\Stone\Stone- (600).jpg,Stone,Stone- (600)
data\raw\kaggle\Stone\Stone- (772).jpg,Stone,Stone- (772)
data\raw\kaggle\Stone\Stone- (435).jpg,Stone,Stone- (435)
data\raw\kaggle\Stone\Stone- (921).jpg,Stone,Stone- (921)
data\raw\kaggle\Stone\Stone- (1120).jpg,Stone,Stone- (1120)
data\raw\kaggle\Stone\Stone- (684).jpg,Stone,Stone- (684)
data\raw\kaggle\Stone\Stone- (1159).jpg,Stone,Stone- (1159)
data\raw\kaggle\Stone\Stone- (1023).jpg,Stone,Stone- (1023)
data\raw\kaggle\Stone\Stone- (671).jpg,Stone,Stone- (671)
data\raw\kaggle\Stone\Stone- (1090).jpg,Stone,Stone- (1090)
data\raw\kaggle\Stone\Stone- (465).jpg,Stone,Stone- (465)
data\raw\kaggle\Stone\Stone- (1282).jpg,Stone,Stone- (1282)
data\raw\kaggle\Stone\Stone- (414).jpg,Stone,Stone- (414)
data\raw\kaggle\Stone\Stone- (230).jpg,Stone,Stone- (230)
data\raw\kaggle\Stone\Stone- (498).jpg,Stone,Stone- (498)
data\raw\kaggle\Stone\Stone- (1158).jpg,Stone,Stone- (1158)
data\raw\kaggle\Stone\Stone- (525).jpg,Stone,Stone- (525)
data\raw\kaggle\Stone\Stone- (723).jpg,Stone,Stone- (723)
data\raw\kaggle\Stone\Stone- (229).jpg,Stone,Stone- (229)
data\raw\kaggle\Stone\Stone- (539).jpg,Stone,Stone- (539)
data\raw\kaggle\Stone\Stone- (784).jpg,Stone,Stone- (784)
data\raw\kaggle\Stone\Stone- (899).jpg,Stone,Stone- (899)
data\raw\kaggle\Stone\Stone- (362).jpg,Stone,Stone- (362)
data\raw\kaggle\Stone\Stone- (1084).jpg,Stone,Stone- (1084)
data\raw\kaggle\Stone\Stone- (1022).jpg,Stone,Stone- (1022)
data\raw\kaggle\Stone\Stone- (279).jpg,Stone,Stone- (279)
data\raw\kaggle\Stone\Stone- (473).jpg,Stone,Stone- (473)
data\raw\kaggle\Stone\Stone- (1285).jpg,Stone,Stone- (1285)
data\raw\kaggle\Stone\Stone- (139).jpg,Stone,Stone- (139)
data\raw\kaggle\Stone\Stone- (1361).jpg,Stone,Stone- (1361)
data\raw\kaggle\Stone\Stone- (846).jpg,Stone,Stone- (846)
data\raw\kaggle\Stone\Stone- (710).jpg,Stone,Stone- (710)
data\raw\kaggle\Stone\Stone- (1367).jpg,Stone,Stone- (1367)
data\raw\kaggle\Stone\Stone- (916).jpg,Stone,Stone- (916)
data\raw\kaggle\Stone\Stone- (557).jpg,Stone,Stone- (557)
data\raw\kaggle\Stone\Stone- (187).jpg,Stone,Stone- (187)
data\raw\kaggle\Stone\Stone- (620).jpg,Stone,Stone- (620)
data\raw\kaggle\Stone\Stone- (102).jpg,Stone,Stone- (102)
data\raw\kaggle\Stone\Stone- (878).jpg,Stone,Stone- (878)
data\raw\kaggle\Stone\Stone- (1226).jpg,Stone,Stone- (1226)
data\raw\kaggle\Stone\Stone- (694).jpg,Stone,Stone- (694)
data\raw\kaggle\Stone\Stone- (683).jpg,Stone,Stone- (683)
data\raw\kaggle\Stone\Stone- (739).jpg,Stone,Stone- (739)
data\raw\kaggle\Stone\Stone- (378).jpg,Stone,Stone- (378)
data\raw\kaggle\Stone\Stone- (542).jpg,Stone,Stone- (542)
data\raw\kaggle\Stone\Stone- (837).jpg,Stone,Stone- (837)
data\raw\kaggle\Stone\Stone- (1311).jpg,Stone,Stone- (1311)
data\raw\kaggle\Stone\Stone- (476).jpg,Stone,Stone- (476)
data\raw\kaggle\Stone\Stone- (448).jpg,Stone,Stone- (448)
data\raw\kaggle\Stone\Stone- (554).jpg,Stone,Stone- (554)
data\raw\kaggle\Stone\Stone- (957).jpg,Stone,Stone- (957)
data\raw\kaggle\Stone\Stone- (423).jpg,Stone,Stone- (423)
data\raw\kaggle\Stone\Stone- (940).jpg,Stone,Stone- (940)
data\raw\kaggle\Stone\Stone- (852).jpg,Stone,Stone- (852)
data\raw\kaggle\Stone\Stone- (5).jpg,Stone,Stone- (5)
data\raw\kaggle\Stone\Stone- (14).jpg,Stone,Stone- (14)
data\raw\kaggle\Stone\Stone- (744).jpg,Stone,Stone- (744)
data\raw\kaggle\Stone\Stone- (1273).jpg,Stone,Stone- (1273)
data\raw\kaggle\Stone\Stone- (263).jpg,Stone,Stone- (263)
data\raw\kaggle\Stone\Stone- (67).jpg,Stone,Stone- (67)
data\raw\kaggle\Stone\Stone- (472).jpg,Stone,Stone- (472)
data\raw\kaggle\Stone\Stone- (1275).jpg,Stone,Stone- (1275)
data\raw\kaggle\Stone\Stone- (909).jpg,Stone,Stone- (909)
data\raw\kaggle\Stone\Stone- (791).jpg,Stone,Stone- (791)
data\raw\kaggle\Stone\Stone- (71).jpg,Stone,Stone- (71)
data\raw\kaggle\Stone\Stone- (323).jpg,Stone,Stone- (323)
data\raw\kaggle\Stone\Stone- (721).jpg,Stone,Stone- (721)
data\raw\kaggle\Stone\Stone- (713).jpg,Stone,Stone- (713)
data\raw\kaggle\Stone\Stone- (264).jpg,Stone,Stone- (264)
data\raw\kaggle\Stone\Stone- (254).jpg,Stone,Stone- (254)
data\raw\kaggle\Stone\Stone- (132).jpg,Stone,Stone- (132)
data\raw\kaggle\Stone\Stone- (1013).jpg,Stone,Stone- (1013)
data\raw\kaggle\Stone\Stone- (15).jpg,Stone,Stone- (15)
data\raw\kaggle\Stone\Stone- (354).jpg,Stone,Stone- (354)
data\raw\kaggle\Stone\Stone- (1070).jpg,Stone,Stone- (1070)
data\raw\kaggle\Stone\Stone- (198).jpg,Stone,Stone- (198)
data\raw\kaggle\Stone\Stone- (178).jpg,Stone,Stone- (178)
data\raw\kaggle\Stone\Stone- (573).jpg,Stone,Stone- (573)
data\raw\kaggle\Stone\Stone- (1238).jpg,Stone,Stone- (1238)
data\raw\kaggle\Stone\Stone- (851).jpg,Stone,Stone- (851)
data\raw\kaggle\Stone\Stone- (1356).jpg,Stone,Stone- (1356)
data\raw\kaggle\Stone\Stone- (130).jpg,Stone,Stone- (130)
data\raw\kaggle\Stone\Stone- (59).jpg,Stone,Stone- (59)
data\raw\kaggle\Stone\Stone- (1086).jpg,Stone,Stone- (1086)
data\raw\kaggle\Stone\Stone- (340).jpg,Stone,Stone- (340)
data\raw\kaggle\Stone\Stone- (417).jpg,Stone,Stone- (417)
data\raw\kaggle\Stone\Stone- (363).jpg,Stone,Stone- (363)
data\raw\kaggle\Stone\Stone- (366).jpg,Stone,Stone- (366)
data\raw\kaggle\Stone\Stone- (700).jpg,Stone,Stone- (700)
data\raw\kaggle\Stone\Stone- (812).jpg,Stone,Stone- (812)
data\raw\kaggle\Stone\Stone- (1173).jpg,Stone,Stone- (1173)
data\raw\kaggle\Stone\Stone- (1256).jpg,Stone,Stone- (1256)
data\raw\kaggle\Stone\Stone- (1319).jpg,Stone,Stone- (1319)
data\raw\kaggle\Stone\Stone- (834).jpg,Stone,Stone- (834)
data\raw\kaggle\Stone\Stone- (356).jpg,Stone,Stone- (356)
data\raw\kaggle\Stone\Stone- (245).jpg,Stone,Stone- (245)
data\raw\kaggle\Stone\Stone- (1212).jpg,Stone,Stone- (1212)
data\raw\kaggle\Stone\Stone- (288).jpg,Stone,Stone- (288)
data\raw\kaggle\Stone\Stone- (670).jpg,Stone,Stone- (670)
data\raw\kaggle\Stone\Stone- (301).jpg,Stone,Stone- (301)
data\raw\kaggle\Stone\Stone- (291).jpg,Stone,Stone- (291)
data\raw\kaggle\Stone\Stone- (486).jpg,Stone,Stone- (486)
data\raw\kaggle\Stone\Stone- (140).jpg,Stone,Stone- (140)
data\raw\kaggle\Stone\Stone- (411).jpg,Stone,Stone- (411)
data\raw\kaggle\Stone\Stone- (2).jpg,Stone,Stone- (2)
data\raw\kaggle\Stone\Stone- (879).jpg,Stone,Stone- (879)
data\raw\kaggle\Stone\Stone- (728).jpg,Stone,Stone- (728)
data\raw\kaggle\Stone\Stone- (725).jpg,Stone,Stone- (725)
data\raw\kaggle\Stone\Stone- (1355).jpg,Stone,Stone- (1355)
data\raw\kaggle\Stone\Stone- (123).jpg,Stone,Stone- (123)
data\raw\kaggle\Stone\Stone- (275).jpg,Stone,Stone- (275)
data\raw\kaggle\Stone\Stone- (302).jpg,Stone,Stone- (302)
data\raw\kaggle\Stone\Stone- (419).jpg,Stone,Stone- (419)
data\raw\kaggle\Stone\Stone- (737).jpg,Stone,Stone- (737)
data\raw\kaggle\Stone\Stone- (404).jpg,Stone,Stone- (404)
data\raw\kaggle\Stone\Stone- (1309).jpg,Stone,Stone- (1309)
data\raw\kaggle\Stone\Stone- (816).jpg,Stone,Stone- (816)
data\raw\kaggle\Stone\Stone- (153).jpg,Stone,Stone- (153)
data\raw\kaggle\Stone\Stone- (1321).jpg,Stone,Stone- (1321)
data\raw\kaggle\Stone\Stone- (1058).jpg,Stone,Stone- (1058)
data\raw\kaggle\Stone\Stone- (1015).jpg,Stone,Stone- (1015)
data\raw\kaggle\Stone\Stone- (484).jpg,Stone,Stone- (484)
data\raw\kaggle\Stone\Stone- (579).jpg,Stone,Stone- (579)
data\raw\kaggle\Stone\Stone- (290).jpg,Stone,Stone- (290)
data\raw\kaggle\Stone\Stone- (825).jpg,Stone,Stone- (825)
data\raw\kaggle\Stone\Stone- (474).jpg,Stone,Stone- (474)
data\raw\kaggle\Stone\Stone- (540).jpg,Stone,Stone- (540)
data\raw\kaggle\Stone\Stone- (1123).jpg,Stone,Stone- (1123)
data\raw\kaggle\Stone\Stone- (73).jpg,Stone,Stone- (73)
data\raw\kaggle\Stone\Stone- (352).jpg,Stone,Stone- (352)
data\raw\kaggle\Stone\Stone- (334).jpg,Stone,Stone- (334)
data\raw\kaggle\Stone\Stone- (217).jpg,Stone,Stone- (217)
data\raw\kaggle\Stone\Stone- (1359).jpg,Stone,Stone- (1359)
data\raw\kaggle\Stone\Stone- (374).jpg,Stone,Stone- (374)
data\raw\kaggle\Stone\Stone- (912).jpg,Stone,Stone- (912)
data\raw\kaggle\Stone\Stone- (1222).jpg,Stone,Stone- (1222)
data\raw\kaggle\Stone\Stone- (1260).jpg,Stone,Stone- (1260)
data\raw\kaggle\Stone\Stone- (1366).jpg,Stone,Stone- (1366)
data\raw\kaggle\Stone\Stone- (895).jpg,Stone,Stone- (895)
data\raw\kaggle\Stone\Stone- (826).jpg,Stone,Stone- (826)
data\raw\kaggle\Stone\Stone- (1122).jpg,Stone,Stone- (1122)
data\raw\kaggle\Stone\Stone- (277).jpg,Stone,Stone- (277)
data\raw\kaggle\Stone\Stone- (970).jpg,Stone,Stone- (970)
data\raw\kaggle\Stone\Stone- (559).jpg,Stone,Stone- (559)
data\raw\kaggle\Stone\Stone- (1268).jpg,Stone,Stone- (1268)
data\raw\kaggle\Stone\Stone- (1205).jpg,Stone,Stone- (1205)
data\raw\kaggle\Stone\Stone- (1326).jpg,Stone,Stone- (1326)
data\raw\kaggle\Stone\Stone- (117).jpg,Stone,Stone- (117)
data\raw\kaggle\Stone\Stone- (964).jpg,Stone,Stone- (964)
data\raw\kaggle\Stone\Stone- (212).jpg,Stone,Stone- (212)
data\raw\kaggle\Stone\Stone- (692).jpg,Stone,Stone- (692)
data\raw\kaggle\Stone\Stone- (337).jpg,Stone,Stone- (337)
data\raw\kaggle\Stone\Stone- (1358).jpg,Stone,Stone- (1358)
data\raw\kaggle\Stone\Stone- (57).jpg,Stone,Stone- (57)
data\raw\kaggle\Stone\Stone- (326).jpg,Stone,Stone- (326)
data\raw\kaggle\Stone\Stone- (11).jpg,Stone,Stone- (11)
data\raw\kaggle\Stone\Stone- (604).jpg,Stone,Stone- (604)
data\raw\kaggle\Stone\Stone- (53).jpg,Stone,Stone- (53)
data\raw\kaggle\Stone\Stone- (775).jpg,Stone,Stone- (775)
data\raw\kaggle\Stone\Stone- (990).jpg,Stone,Stone- (990)
data\raw\kaggle\Stone\Stone- (1314).jpg,Stone,Stone- (1314)
data\raw\kaggle\Stone\Stone- (450).jpg,Stone,Stone- (450)
data\raw\kaggle\Stone\Stone- (1105).jpg,Stone,Stone- (1105)
data\raw\kaggle\Stone\Stone- (1307).jpg,Stone,Stone- (1307)
data\raw\kaggle\Stone\Stone- (628).jpg,Stone,Stone- (628)
data\raw\kaggle\Stone\Stone- (452).jpg,Stone,Stone- (452)
data\raw\kaggle\Stone\Stone- (451).jpg,Stone,Stone- (451)
data\raw\kaggle\Stone\Stone- (93).jpg,Stone,Stone- (93)
data\raw\kaggle\Stone\Stone- (1010).jpg,Stone,Stone- (1010)
data\raw\kaggle\Stone\Stone- (201).jpg,Stone,Stone- (201)
data\raw\kaggle\Stone\Stone- (1091).jpg,Stone,Stone- (1091)
data\raw\kaggle\Stone\Stone- (673).jpg,Stone,Stone- (673)
data\raw\kaggle\Stone\Stone- (1167).jpg,Stone,Stone- (1167)
data\raw\kaggle\Stone\Stone- (907).jpg,Stone,Stone- (907)
data\raw\kaggle\Stone\Stone- (6).jpg,Stone,Stone- (6)
data\raw\kaggle\Stone\Stone- (959).jpg,Stone,Stone- (959)
data\raw\kaggle\Stone\Stone- (483).jpg,Stone,Stone- (483)
data\raw\kaggle\Stone\Stone- (1014).jpg,Stone,Stone- (1014)
data\raw\kaggle\Stone\Stone- (1152).jpg,Stone,Stone- (1152)
data\raw\kaggle\Stone\Stone- (440).jpg,Stone,Stone- (440)
data\raw\kaggle\Stone\Stone- (682).jpg,Stone,Stone- (682)
data\raw\kaggle\Stone\Stone- (896).jpg,Stone,Stone- (896)
data\raw\kaggle\Stone\Stone- (386).jpg,Stone,Stone- (386)
data\raw\kaggle\Stone\Stone- (477).jpg,Stone,Stone- (477)
data\raw\kaggle\Stone\Stone- (1089).jpg,Stone,Stone- (1089)
data\raw\kaggle\Stone\Stone- (652).jpg,Stone,Stone- (652)
data\raw\kaggle\Stone\Stone- (622).jpg,Stone,Stone- (622)
data\raw\kaggle\Stone\Stone- (113).jpg,Stone,Stone- (113)
data\raw\kaggle\Stone\Stone- (750).jpg,Stone,Stone- (750)
data\raw\kaggle\Stone\Stone- (214).jpg,Stone,Stone- (214)
data\raw\kaggle\Stone\Stone- (8).jpg,Stone,Stone- (8)
data\raw\kaggle\Stone\Stone- (1263).jpg,Stone,Stone- (1263)
data\raw\kaggle\Stone\Stone- (488).jpg,Stone,Stone- (488)
data\raw\kaggle\Stone\Stone- (293).jpg,Stone,Stone- (293)
data\raw\kaggle\Stone\Stone- (926).jpg,Stone,Stone- (926)
data\raw\kaggle\Stone\Stone- (1243).jpg,Stone,Stone- (1243)
data\raw\kaggle\Stone\Stone- (336).jpg,Stone,Stone- (336)
data\raw\kaggle\Stone\Stone- (755).jpg,Stone,Stone- (755)
data\raw\kaggle\Stone\Stone- (1255).jpg,Stone,Stone- (1255)
data\raw\kaggle\Stone\Stone- (44).jpg,Stone,Stone- (44)
data\raw\kaggle\Stone\Stone- (1294).jpg,Stone,Stone- (1294)
data\raw\kaggle\Stone\Stone- (466).jpg,Stone,Stone- (466)
data\raw\kaggle\Stone\Stone- (874).jpg,Stone,Stone- (874)
data\raw\kaggle\Stone\Stone- (344).jpg,Stone,Stone- (344)
data\raw\kaggle\Stone\Stone- (972).jpg,Stone,Stone- (972)
data\raw\kaggle\Stone\Stone- (292).jpg,Stone,Stone- (292)
data\raw\kaggle\Stone\Stone- (306).jpg,Stone,Stone- (306)
data\raw\kaggle\Stone\Stone- (429).jpg,Stone,Stone- (429)
data\raw\kaggle\Stone\Stone- (431).jpg,Stone,Stone- (431)
data\raw\kaggle\Stone\Stone- (1323).jpg,Stone,Stone- (1323)
data\raw\kaggle\Stone\Stone- (461).jpg,Stone,Stone- (461)
data\raw\kaggle\Stone\Stone- (249).jpg,Stone,Stone- (249)
data\raw\kaggle\Stone\Stone- (72).jpg,Stone,Stone- (72)
data\raw\kaggle\Stone\Stone- (1063).jpg,Stone,Stone- (1063)
data\raw\kaggle\Stone\Stone- (1133).jpg,Stone,Stone- (1133)
data\raw\kaggle\Stone\Stone- (168).jpg,Stone,Stone- (168)
data\raw\kaggle\Stone\Stone- (1374).jpg,Stone,Stone- (1374)
data\raw\kaggle\Stone\Stone- (181).jpg,Stone,Stone- (181)
data\raw\kaggle\Stone\Stone- (499).jpg,Stone,Stone- (499)
data\raw\kaggle\Stone\Stone- (978).jpg,Stone,Stone- (978)
data\raw\kaggle\Stone\Stone- (303).jpg,Stone,Stone- (303)
data\raw\kaggle\Stone\Stone- (98).jpg,Stone,Stone- (98)
data\raw\kaggle\Stone\Stone- (1048).jpg,Stone,Stone- (1048)
data\raw\kaggle\Stone\Stone- (1223).jpg,Stone,Stone- (1223)
data\raw\kaggle\Stone\Stone- (247).jpg,Stone,Stone- (247)
data\raw\kaggle\Stone\Stone- (156).jpg,Stone,Stone- (156)
data\raw\kaggle\Stone\Stone- (730).jpg,Stone,Stone- (730)
data\raw\kaggle\Stone\Stone- (259).jpg,Stone,Stone- (259)
data\raw\kaggle\Stone\Stone- (679).jpg,Stone,Stone- (679)
data\raw\kaggle\Stone\Stone- (382).jpg,Stone,Stone- (382)
data\raw\kaggle\Stone\Stone- (893).jpg,Stone,Stone- (893)
data\raw\kaggle\Stone\Stone- (917).jpg,Stone,Stone- (917)
data\raw\kaggle\Stone\Stone- (205).jpg,Stone,Stone- (205)
data\raw\kaggle\Stone\Stone- (1066).jpg,Stone,Stone- (1066)
data\raw\kaggle\Stone\Stone- (20).jpg,Stone,Stone- (20)
data\raw\kaggle\Stone\Stone- (453).jpg,Stone,Stone- (453)
data\raw\kaggle\Stone\Stone- (773).jpg,Stone,Stone- (773)
data\raw\kaggle\Stone\Stone- (324).jpg,Stone,Stone- (324)
data\raw\kaggle\Stone\Stone- (566).jpg,Stone,Stone- (566)
data\raw\kaggle\Stone\Stone- (136).jpg,Stone,Stone- (136)
data\raw\kaggle\Stone\Stone- (1141).jpg,Stone,Stone- (1141)
data\raw\kaggle\Stone\Stone- (512).jpg,Stone,Stone- (512)
data\raw\kaggle\Stone\Stone- (1221).jpg,Stone,Stone- (1221)
data\raw\kaggle\Stone\Stone- (657).jpg,Stone,Stone- (657)
data\raw\kaggle\Stone\Stone- (985).jpg,Stone,Stone- (985)
data\raw\kaggle\Stone\Stone- (129).jpg,Stone,Stone- (129)
data\raw\kaggle\Stone\Stone- (613).jpg,Stone,Stone- (613)
data\raw\kaggle\Stone\Stone- (134).jpg,Stone,Stone- (134)
data\raw\kaggle\Stone\Stone- (367).jpg,Stone,Stone- (367)
data\raw\kaggle\Stone\Stone- (393).jpg,Stone,Stone- (393)
data\raw\kaggle\Stone\Stone- (330).jpg,Stone,Stone- (330)
data\raw\kaggle\Stone\Stone- (1247).jpg,Stone,Stone- (1247)
data\raw\kaggle\Stone\Stone- (193).jpg,Stone,Stone- (193)
data\raw\kaggle\Stone\Stone- (443).jpg,Stone,Stone- (443)
data\raw\kaggle\Stone\Stone- (1253).jpg,Stone,Stone- (1253)
data\raw\kaggle\Stone\Stone- (315).jpg,Stone,Stone- (315)
data\raw\kaggle\Stone\Stone- (1300).jpg,Stone,Stone- (1300)
data\raw\kaggle\Stone\Stone- (1339).jpg,Stone,Stone- (1339)
data\raw\kaggle\Stone\Stone- (1092).jpg,Stone,Stone- (1092)
data\raw\kaggle\Stone\Stone- (562).jpg,Stone,Stone- (562)
data\raw\kaggle\Stone\Stone- (120).jpg,Stone,Stone- (120)
data\raw\kaggle\Stone\Stone- (969).jpg,Stone,Stone- (969)
data\raw\kaggle\Stone\Stone- (993).jpg,Stone,Stone- (993)
data\raw\kaggle\Stone\Stone- (925).jpg,Stone,Stone- (925)
data\raw\kaggle\Stone\Stone- (61).jpg,Stone,Stone- (61)
data\raw\kaggle\Stone\Stone- (952).jpg,Stone,Stone- (952)
data\raw\kaggle\Stone\Stone- (798).jpg,Stone,Stone- (798)
data\raw\kaggle\Stone\Stone- (642).jpg,Stone,Stone- (642)
data\raw\kaggle\Stone\Stone- (267).jpg,Stone,Stone- (267)
data\raw\kaggle\Stone\Stone- (1262).jpg,Stone,Stone- (1262)
data\raw\kaggle\Stone\Stone- (445).jpg,Stone,Stone- (445)
data\raw\kaggle\Stone\Stone- (1363).jpg,Stone,Stone- (1363)
data\raw\kaggle\Stone\Stone- (1008).jpg,Stone,Stone- (1008)
data\raw\kaggle\Stone\Stone- (39).jpg,Stone,Stone- (39)
data\raw\kaggle\Stone\Stone- (943).jpg,Stone,Stone- (943)
data\raw\kaggle\Stone\Stone- (1108).jpg,Stone,Stone- (1108)
data\raw\kaggle\Stone\Stone- (576).jpg,Stone,Stone- (576)
data\raw\kaggle\Stone\Stone- (885).jpg,Stone,Stone- (885)
data\raw\kaggle\Stone\Stone- (101).jpg,Stone,Stone- (101)
data\raw\kaggle\Stone\Stone- (1216).jpg,Stone,Stone- (1216)
data\raw\kaggle\Stone\Stone- (1036).jpg,Stone,Stone- (1036)
data\raw\kaggle\Stone\Stone- (289).jpg,Stone,Stone- (289)
data\raw\kaggle\Stone\Stone- (595).jpg,Stone,Stone- (595)
data\raw\kaggle\Stone\Stone- (1016).jpg,Stone,Stone- (1016)
data\raw\kaggle\Stone\Stone- (872).jpg,Stone,Stone- (872)
data\raw\kaggle\Stone\Stone- (30).jpg,Stone,Stone- (30)
data\raw\kaggle\Stone\Stone- (705).jpg,Stone,Stone- (705)
data\raw\kaggle\Stone\Stone- (1166).jpg,Stone,Stone- (1166)
data\raw\kaggle\Stone\Stone- (1074).jpg,Stone,Stone- (1074)
data\raw\kaggle\Stone\Stone- (543).jpg,Stone,Stone- (543)
data\raw\kaggle\Stone\Stone- (271).jpg,Stone,Stone- (271)
data\raw\kaggle\Stone\Stone- (537).jpg,Stone,Stone- (537)
data\raw\kaggle\Stone\Stone- (880).jpg,Stone,Stone- (880)
data\raw\kaggle\Stone\Stone- (1184).jpg,Stone,Stone- (1184)
data\raw\kaggle\Stone\Stone- (36).jpg,Stone,Stone- (36)
data\raw\kaggle\Stone\Stone- (1110).jpg,Stone,Stone- (1110)
data\raw\kaggle\Stone\Stone- (250).jpg,Stone,Stone- (250)
data\raw\kaggle\Stone\Stone- (660).jpg,Stone,Stone- (660)
data\raw\kaggle\Stone\Stone- (147).jpg,Stone,Stone- (147)
data\raw\kaggle\Stone\Stone- (1099).jpg,Stone,Stone- (1099)
data\raw\kaggle\Stone\Stone- (918).jpg,Stone,Stone- (918)
data\raw\kaggle\Stone\Stone- (1352).jpg,Stone,Stone- (1352)
data\raw\kaggle\Stone\Stone- (850).jpg,Stone,Stone- (850)
data\raw\kaggle\Stone\Stone- (646).jpg,Stone,Stone- (646)
data\raw\kaggle\Stone\Stone- (114).jpg,Stone,Stone- (114)
data\raw\kaggle\Stone\Stone- (847).jpg,Stone,Stone- (847)
data\raw\kaggle\Stone\Stone- (1350).jpg,Stone,Stone- (1350)
data\raw\kaggle\Stone\Stone- (887).jpg,Stone,Stone- (887)
data\raw\kaggle\Stone\Stone- (127).jpg,Stone,Stone- (127)
data\raw\kaggle\Stone\Stone- (615).jpg,Stone,Stone- (615)
data\raw\kaggle\Stone\Stone- (116).jpg,Stone,Stone- (116)
data\raw\kaggle\Stone\Stone- (1052).jpg,Stone,Stone- (1052)
data\raw\kaggle\Stone\Stone- (699).jpg,Stone,Stone- (699)
data\raw\kaggle\Stone\Stone- (915).jpg,Stone,Stone- (915)
data\raw\kaggle\Stone\Stone- (1029).jpg,Stone,Stone- (1029)
data\raw\kaggle\Stone\Stone- (1136).jpg,Stone,Stone- (1136)
data\raw\kaggle\Stone\Stone- (88).jpg,Stone,Stone- (88)
data\raw\kaggle\Stone\Stone- (1189).jpg,Stone,Stone- (1189)
data\raw\kaggle\Stone\Stone- (614).jpg,Stone,Stone- (614)
data\raw\kaggle\Stone\Stone- (1079).jpg,Stone,Stone- (1079)
data\raw\kaggle\Stone\Stone- (207).jpg,Stone,Stone- (207)
data\raw\kaggle\Stone\Stone- (1192).jpg,Stone,Stone- (1192)
data\raw\kaggle\Stone\Stone- (1083).jpg,Stone,Stone- (1083)
data\raw\kaggle\Stone\Stone- (552).jpg,Stone,Stone- (552)
data\raw\kaggle\Stone\Stone- (793).jpg,Stone,Stone- (793)
data\raw\kaggle\Stone\Stone- (963).jpg,Stone,Stone- (963)
data\raw\kaggle\Stone\Stone- (678).jpg,Stone,Stone- (678)
data\raw\kaggle\Stone\Stone- (584).jpg,Stone,Stone- (584)
data\raw\kaggle\Stone\Stone- (1147).jpg,Stone,Stone- (1147)
data\raw\kaggle\Stone\Stone- (1224).jpg,Stone,Stone- (1224)
data\raw\kaggle\Stone\Stone- (738).jpg,Stone,Stone- (738)
data\raw\kaggle\Stone\Stone- (533).jpg,Stone,Stone- (533)
data\raw\kaggle\Stone\Stone- (715).jpg,Stone,Stone- (715)
data\raw\kaggle\Stone\Stone- (1121).jpg,Stone,Stone- (1121)
data\raw\kaggle\Stone\Stone- (809).jpg,Stone,Stone- (809)
data\raw\kaggle\Stone\Stone- (501).jpg,Stone,Stone- (501)
data\raw\kaggle\Stone\Stone- (446).jpg,Stone,Stone- (446)
data\raw\kaggle\Stone\Stone- (372).jpg,Stone,Stone- (372)
data\raw\kaggle\Stone\Stone- (278).jpg,Stone,Stone- (278)
data\raw\kaggle\Stone\Stone- (341).jpg,Stone,Stone- (341)
data\raw\kaggle\Stone\Stone- (950).jpg,Stone,Stone- (950)
data\raw\kaggle\Stone\Stone- (228).jpg,Stone,Stone- (228)
data\raw\kaggle\Stone\Stone- (627).jpg,Stone,Stone- (627)
data\raw\kaggle\Stone\Stone- (242).jpg,Stone,Stone- (242)
data\raw\kaggle\Stone\Stone- (192).jpg,Stone,Stone- (192)
data\raw\kaggle\Stone\Stone- (1286).jpg,Stone,Stone- (1286)
data\raw\kaggle\Stone\Stone- (768).jpg,Stone,Stone- (768)
data\raw\kaggle\Stone\Stone- (1200).jpg,Stone,Stone- (1200)
data\raw\kaggle\Stone\Stone- (741).jpg,Stone,Stone- (741)
data\raw\kaggle\Stone\Stone- (780).jpg,Stone,Stone- (780)
data\raw\kaggle\Stone\Stone- (1178).jpg,Stone,Stone- (1178)
data\raw\kaggle\Stone\Stone- (1209).jpg,Stone,Stone- (1209)
data\raw\kaggle\Stone\Stone- (1318).jpg,Stone,Stone- (1318)
data\raw\kaggle\Stone\Stone- (38).jpg,Stone,Stone- (38)
data\raw\kaggle\Stone\Stone- (506).jpg,Stone,Stone- (506)
data\raw\kaggle\Stone\Stone- (471).jpg,Stone,Stone- (471)
data\raw\kaggle\Stone\Stone- (797).jpg,Stone,Stone- (797)
data\raw\kaggle\Stone\Stone- (1).jpg,Stone,Stone- (1)
data\raw\kaggle\Stone\Stone- (941).jpg,Stone,Stone- (941)
data\raw\kaggle\Stone\Stone- (813).jpg,Stone,Stone- (813)
data\raw\kaggle\Stone\Stone- (371).jpg,Stone,Stone- (371)
data\raw\kaggle\Stone\Stone- (807).jpg,Stone,Stone- (807)
data\raw\kaggle\Stone\Stone- (1281).jpg,Stone,Stone- (1281)
data\raw\kaggle\Stone\Stone- (425).jpg,Stone,Stone- (425)
data\raw\kaggle\Stone\Stone- (894).jpg,Stone,Stone- (894)
data\raw\kaggle\Stone\Stone- (1207).jpg,Stone,Stone- (1207)
data\raw\kaggle\Stone\Stone- (1304).jpg,Stone,Stone- (1304)
data\raw\kaggle\Stone\Stone- (237).jpg,Stone,Stone- (237)
data\raw\kaggle\Stone\Stone- (184).jpg,Stone,Stone- (184)
data\raw\kaggle\Stone\Stone- (270).jpg,Stone,Stone- (270)
data\raw\kaggle\Stone\Stone- (62).jpg,Stone,Stone- (62)
data\raw\kaggle\Stone\Stone- (655).jpg,Stone,Stone- (655)
data\raw\kaggle\Stone\Stone- (318).jpg,Stone,Stone- (318)
data\raw\kaggle\Stone\Stone- (151).jpg,Stone,Stone- (151)
data\raw\kaggle\Stone\Stone- (588).jpg,Stone,Stone- (588)
data\raw\kaggle\Stone\Stone- (789).jpg,Stone,Stone- (789)
data\raw\kaggle\Stone\Stone- (840).jpg,Stone,Stone- (840)
data\raw\kaggle\Stone\Stone- (740).jpg,Stone,Stone- (740)
data\raw\kaggle\Stone\Stone- (227).jpg,Stone,Stone- (227)
data\raw\kaggle\Stone\Stone- (1033).jpg,Stone,Stone- (1033)
data\raw\kaggle\Stone\Stone- (343).jpg,Stone,Stone- (343)
data\raw\kaggle\Stone\Stone- (158).jpg,Stone,Stone- (158)
data\raw\kaggle\Stone\Stone- (516).jpg,Stone,Stone- (516)
data\raw\kaggle\Stone\Stone- (612).jpg,Stone,Stone- (612)
data\raw\kaggle\Stone\Stone- (398).jpg,Stone,Stone- (398)
data\raw\kaggle\Stone\Stone- (1376).jpg,Stone,Stone- (1376)
data\raw\kaggle\Stone\Stone- (470).jpg,Stone,Stone- (470)
data\raw\kaggle\Stone\Stone- (432).jpg,Stone,Stone- (432)
data\raw\kaggle\Stone\Stone- (848).jpg,Stone,Stone- (848)
data\raw\kaggle\Stone\Stone- (1364).jpg,Stone,Stone- (1364)
data\raw\kaggle\Stone\Stone- (262).jpg,Stone,Stone- (262)
data\raw\kaggle\Stone\Stone- (179).jpg,Stone,Stone- (179)
data\raw\kaggle\Stone\Stone- (1018).jpg,Stone,Stone- (1018)
data\raw\kaggle\Stone\Stone- (111).jpg,Stone,Stone- (111)
data\raw\kaggle\Stone\Stone- (321).jpg,Stone,Stone- (321)
data\raw\kaggle\Stone\Stone- (332).jpg,Stone,Stone- (332)
data\raw\kaggle\Stone\Stone- (647).jpg,Stone,Stone- (647)
data\raw\kaggle\Stone\Stone- (841).jpg,Stone,Stone- (841)
data\raw\kaggle\Stone\Stone- (1161).jpg,Stone,Stone- (1161)
data\raw\kaggle\Stone\Stone- (568).jpg,Stone,Stone- (568)
data\raw\kaggle\Stone\Stone- (632).jpg,Stone,Stone- (632)
data\raw\kaggle\Stone\Stone- (10).jpg,Stone,Stone- (10)
data\raw\kaggle\Stone\Stone- (412).jpg,Stone,Stone- (412)
data\raw\kaggle\Stone\Stone- (1021).jpg,Stone,Stone- (1021)
data\raw\kaggle\Stone\Stone- (534).jpg,Stone,Stone- (534)
data\raw\kaggle\Stone\Stone- (523).jpg,Stone,Stone- (523)
data\raw\kaggle\Stone\Stone- (891).jpg,Stone,Stone- (891)
data\raw\kaggle\Stone\Stone- (1130).jpg,Stone,Stone- (1130)
data\raw\kaggle\Stone\Stone- (274).jpg,Stone,Stone- (274)
data\raw\kaggle\Stone\Stone- (668).jpg,Stone,Stone- (668)
data\raw\kaggle\Stone\Stone- (1272).jpg,Stone,Stone- (1272)
data\raw\kaggle\Stone\Stone- (1028).jpg,Stone,Stone- (1028)
data\raw\kaggle\Stone\Stone- (333).jpg,Stone,Stone- (333)
data\raw\kaggle\Stone\Stone- (1228).jpg,Stone,Stone- (1228)
data\raw\kaggle\Stone\Stone- (574).jpg,Stone,Stone- (574)
data\raw\kaggle\Stone\Stone- (759).jpg,Stone,Stone- (759)
data\raw\kaggle\Stone\Stone- (133).jpg,Stone,Stone- (133)
data\raw\kaggle\Stone\Stone- (1239).jpg,Stone,Stone- (1239)
data\raw\kaggle\Stone\Stone- (1146).jpg,Stone,Stone- (1146)
data\raw\kaggle\Stone\Stone- (822).jpg,Stone,Stone- (822)
data\raw\kaggle\Stone\Stone- (27).jpg,Stone,Stone- (27)
data\raw\kaggle\Stone\Stone- (598).jpg,Stone,Stone- (598)
data\raw\kaggle\Stone\Stone- (659).jpg,Stone,Stone- (659)
data\raw\kaggle\Stone\Stone- (319).jpg,Stone,Stone- (319)
data\raw\kaggle\Stone\Stone- (1001).jpg,Stone,Stone- (1001)
data\raw\kaggle\Stone\Stone- (331).jpg,Stone,Stone- (331)
data\raw\kaggle\Stone\Stone- (503).jpg,Stone,Stone- (503)
data\raw\kaggle\Stone\Stone- (672).jpg,Stone,Stone- (672)
data\raw\kaggle\Stone\Stone- (669).jpg,Stone,Stone- (669)
data\raw\kaggle\Stone\Stone- (1242).jpg,Stone,Stone- (1242)
data\raw\kaggle\Stone\Stone- (1094).jpg,Stone,Stone- (1094)
data\raw\kaggle\Stone\Stone- (1193).jpg,Stone,Stone- (1193)
data\raw\kaggle\Stone\Stone- (702).jpg,Stone,Stone- (702)
data\raw\kaggle\Stone\Stone- (97).jpg,Stone,Stone- (97)
data\raw\kaggle\Stone\Stone- (991).jpg,Stone,Stone- (991)
data\raw\kaggle\Stone\Stone- (1034).jpg,Stone,Stone- (1034)
data\raw\kaggle\Stone\Stone- (790).jpg,Stone,Stone- (790)
data\raw\kaggle\Stone\Stone- (312).jpg,Stone,Stone- (312)
data\raw\kaggle\Stone\Stone- (480).jpg,Stone,Stone- (480)
data\raw\kaggle\Stone\Stone- (307).jpg,Stone,Stone- (307)
data\raw\kaggle\Stone\Stone- (842).jpg,Stone,Stone- (842)
data\raw\kaggle\Stone\Stone- (213).jpg,Stone,Stone- (213)
data\raw\kaggle\Stone\Stone- (406).jpg,Stone,Stone- (406)
data\raw\kaggle\Stone\Stone- (169).jpg,Stone,Stone- (169)
data\raw\kaggle\Stone\Stone- (492).jpg,Stone,Stone- (492)
data\raw\kaggle\Stone\Stone- (1370).jpg,Stone,Stone- (1370)
data\raw\kaggle\Stone\Stone- (1132).jpg,Stone,Stone- (1132)
data\raw\kaggle\Stone\Stone- (1269).jpg,Stone,Stone- (1269)
data\raw\kaggle\Stone\Stone- (1115).jpg,Stone,Stone- (1115)
data\raw\kaggle\Stone\Stone- (771).jpg,Stone,Stone- (771)
data\raw\kaggle\Stone\Stone- (199).jpg,Stone,Stone- (199)
data\raw\kaggle\Stone\Stone- (1328).jpg,Stone,Stone- (1328)
data\raw\kaggle\Stone\Stone- (276).jpg,Stone,Stone- (276)
data\raw\kaggle\Stone\Stone- (157).jpg,Stone,Stone- (157)
data\raw\kaggle\Stone\Stone- (144).jpg,Stone,Stone- (144)
data\raw\kaggle\Stone\Stone- (819).jpg,Stone,Stone- (819)
data\raw\kaggle\Stone\Stone- (251).jpg,Stone,Stone- (251)
data\raw\kaggle\Stone\Stone- (939).jpg,Stone,Stone- (939)
data\raw\kaggle\Stone\Stone- (828).jpg,Stone,Stone- (828)
data\raw\kaggle\Stone\Stone- (152).jpg,Stone,Stone- (152)
data\raw\kaggle\Stone\Stone- (949).jpg,Stone,Stone- (949)
data\raw\kaggle\Stone\Stone- (51).jpg,Stone,Stone- (51)
data\raw\kaggle\Stone\Stone- (94).jpg,Stone,Stone- (94)
data\raw\kaggle\Stone\Stone- (639).jpg,Stone,Stone- (639)
data\raw\kaggle\Stone\Stone- (1017).jpg,Stone,Stone- (1017)
data\raw\kaggle\Stone\Stone- (788).jpg,Stone,Stone- (788)
data\raw\kaggle\Stone\Stone- (712).jpg,Stone,Stone- (712)
data\raw\kaggle\Stone\Stone- (1291).jpg,Stone,Stone- (1291)
data\raw\kaggle\Stone\Stone- (449).jpg,Stone,Stone- (449)
data\raw\kaggle\Stone\Stone- (1082).jpg,Stone,Stone- (1082)
data\raw\kaggle\Stone\Stone- (1292).jpg,Stone,Stone- (1292)
data\raw\kaggle\Stone\Stone- (1118).jpg,Stone,Stone- (1118)
data\raw\kaggle\Stone\Stone- (1142).jpg,Stone,Stone- (1142)
data\raw\kaggle\Stone\Stone- (467).jpg,Stone,Stone- (467)
data\raw\kaggle\Stone\Stone- (732).jpg,Stone,Stone- (732)
data\raw\kaggle\Stone\Stone- (316).jpg,Stone,Stone- (316)
data\raw\kaggle\Stone\Stone- (155).jpg,Stone,Stone- (155)
data\raw\kaggle\Stone\Stone- (100).jpg,Stone,Stone- (100)
data\raw\kaggle\Stone\Stone- (824).jpg,Stone,Stone- (824)
data\raw\kaggle\Stone\Stone- (1068).jpg,Stone,Stone- (1068)
data\raw\kaggle\Stone\Stone- (376).jpg,Stone,Stone- (376)
data\raw\kaggle\Stone\Stone- (1093).jpg,Stone,Stone- (1093)
data\raw\kaggle\Stone\Stone- (661).jpg,Stone,Stone- (661)
data\raw\kaggle\Stone\Stone- (165).jpg,Stone,Stone- (165)
data\raw\kaggle\Stone\Stone- (1046).jpg,Stone,Stone- (1046)
data\raw\kaggle\Stone\Stone- (248).jpg,Stone,Stone- (248)
data\raw\kaggle\Stone\Stone- (1182).jpg,Stone,Stone- (1182)
data\raw\kaggle\Stone\Stone- (119).jpg,Stone,Stone- (119)
data\raw\kaggle\Stone\Stone- (933).jpg,Stone,Stone- (933)
data\raw\kaggle\Stone\Stone- (980).jpg,Stone,Stone- (980)
data\raw\kaggle\Stone\Stone- (7).jpg,Stone,Stone- (7)
data\raw\kaggle\Stone\Stone- (549).jpg,Stone,Stone- (549)
